2026-07-29 09:41:21,755 - INFO - [SYSTEM] - [MODE:MATERIAL] - [STRATEGY:NONE] - [COOKIE:NO] - 已恢复上次预览文件: C:/Users/Administrator/Desktop/VideoDown\New York City walking tour 4k 🇺🇸-I6jg7ZphR6M.mp4
2026-07-29 09:41:21,843 - INFO - [SYSTEM] - [MODE:MATERIAL] - [STRATEGY:NONE] - [COOKIE:NO] - 启动时检查工具和 Cookie 状态...
2026-07-29 09:41:21,844 - INFO - [SYSTEM] - [MODE:MATERIAL] - [STRATEGY:NONE] - [COOKIE:NO] - Deno.js解析引擎已启动就绪
2026-07-29 09:41:21,844 - INFO - [SYSTEM] - [MODE:MATERIAL] - [STRATEGY:NONE] - [COOKIE:NO] - 所有必要工具已就绪
2026-07-29 09:41:21,845 - INFO - [SYSTEM] - [MODE:MATERIAL] - [STRATEGY:NONE] - [COOKIE:NO] - [09:41:21] Cookie health check:
2026-07-29 09:41:21,846 - INFO - [SYSTEM] - [MODE:MATERIAL] - [STRATEGY:NONE] - [COOKIE:NO] -   YouTube: healthy | score=95 | size=1.63 KB | Cookie valid until 2027-05-25 10:59
2026-07-29 09:41:21,846 - INFO - [SYSTEM] - [MODE:MATERIAL] - [STRATEGY:NONE] - [COOKIE:NO] -   Instagram: healthy | score=95 | size=854.00 B | Cookie valid until 2027-06-04 13:58
2026-07-29 09:41:21,846 - INFO - [SYSTEM] - [MODE:MATERIAL] - [STRATEGY:NONE] - [COOKIE:NO] -   TikTok: healthy | score=95 | size=4.51 KB | Cookie valid until 2027-07-10 14:33
2026-07-29 09:41:21,846 - INFO - [SYSTEM] - [MODE:MATERIAL] - [STRATEGY:NONE] - [COOKIE:NO] -   Twitter: healthy | score=95 | size=1.26 KB | Cookie valid until 2027-07-10 11:13
2026-07-29 09:41:24,091 - INFO - [SYSTEM] - [MODE:MATERIAL] - [STRATEGY:NONE] - [COOKIE:NO] - 账号验证成功（半年订阅，今日剩余 300 次）
2026-07-29 09:41:49,305 - INFO - [SYSTEM] - [MODE:MATERIAL] - [STRATEGY:NONE] - [COOKIE:NO] - 已打开下载文件夹: C:/Users/Administrator/Desktop/VideoDown
2026-07-29 09:42:02,557 - INFO - [SYSTEM] - [MODE:MATERIAL] - [STRATEGY:NONE] - [COOKIE:NO] - 设置已保存
2026-07-29 09:48:58,345 - INFO - [SYSTEM] - [MODE:MATERIAL] - [STRATEGY:NONE] - [COOKIE:NO] - 账号模式下载校验：主下载页面批量下载，准备登记 2 个下载任务
2026-07-29 09:49:00,111 - INFO - [SYSTEM] - [MODE:MATERIAL] - [STRATEGY:NONE] - [COOKIE:NO] - 账号模式下载校验结果：status=ok, msg=download_count_recorded
2026-07-29 09:49:00,113 - INFO - [SYSTEM] - [MODE:MATERIAL] - [STRATEGY:NONE] - [COOKIE:NO] - 开始视频下载 2 个任务
2026-07-29 09:49:00,113 - INFO - [SYSTEM] - [MODE:MATERIAL] - [STRATEGY:NONE] - [COOKIE:NO] - 下载路径: C:/Users/Administrator/Desktop/VideoDown
2026-07-29 09:49:00,113 - INFO - [SYSTEM] - [MODE:MATERIAL] - [STRATEGY:NONE] - [COOKIE:NO] - 画质: 最佳画质
2026-07-29 09:49:00,115 - INFO - [SYSTEM] - [MODE:MATERIAL] - [STRATEGY:NONE] - [COOKIE:NO] - 下载调度: TikTok:2
2026-07-29 09:49:00,126 - INFO - [TikTok] - [MODE:MATERIAL] - [STRATEGY:START] - [COOKIE:NO] - DOWNLOAD_START | MODE:MATERIAL | URL:https://www.tiktok.com/@channelnewsasia/video/7657859212646665493?is_from_webapp=1&sender_device=pc&web_id=7662285929188558357 | MODIFIED:True | REASON:removed tracking params
2026-07-29 09:49:00,126 - INFO - [SYSTEM] - [MODE:MATERIAL] - [STRATEGY:NONE] - [COOKIE:NO] - [09:49:00] 📋 平台: TikTok
2026-07-29 09:49:00,128 - INFO - [SYSTEM] - [MODE:MATERIAL] - [STRATEGY:NONE] - [COOKIE:NO] - [09:49:00] 策略1：TikTok专属无 Cookie 下载...
2026-07-29 09:49:00,129 - INFO - [SYSTEM] - [MODE:MATERIAL] - [STRATEGY:NONE] - [COOKIE:NO] - [09:49:00][策略1][TikTok] 开始执行 yt-dlp
2026-07-29 09:49:06,610 - INFO - [SYSTEM] - [MODE:MATERIAL] - [STRATEGY:NONE] - [COOKIE:NO] - [09:49:06][策略1][TikTok] 下载进度：0.0% | 0.0MiB/6.08MiB | 速度 9.63KiB/s | 剩余 10:46
2026-07-29 09:49:06,955 - INFO - [SYSTEM] - [MODE:MATERIAL] - [STRATEGY:NONE] - [COOKIE:NO] - [09:49:06][策略1][TikTok] 下载进度：2.0% | 0.1MiB/6.08MiB | 速度 282.24KiB/s | 剩余 00:21
2026-07-29 09:49:07,355 - INFO - [SYSTEM] - [MODE:MATERIAL] - [STRATEGY:NONE] - [COOKIE:NO] - [09:49:07][策略1][TikTok] 下载进度：4.1% | 0.2MiB/6.08MiB | 速度 300.15KiB/s | 剩余 00:19
2026-07-29 09:49:08,156 - INFO - [SYSTEM] - [MODE:MATERIAL] - [STRATEGY:NONE] - [COOKIE:NO] - [09:49:08][策略1][TikTok] 下载进度：8.2% | 0.5MiB/6.08MiB | 速度 309.52KiB/s | 剩余 00:18
2026-07-29 09:49:09,106 - INFO - [SYSTEM] - [MODE:MATERIAL] - [STRATEGY:NONE] - [COOKIE:NO] - [09:49:09][策略1][TikTok] 下载进度：13.3% | 0.8MiB/6.08MiB | 速度 319.38KiB/s | 剩余 00:16
2026-07-29 09:49:10,260 - INFO - [SYSTEM] - [MODE:MATERIAL] - [STRATEGY:NONE] - [COOKIE:NO] - [09:49:10][策略1][TikTok] 下载进度：18.7% | 1.1MiB/6.08MiB | 速度 310.77KiB/s | 剩余 00:16
2026-07-29 09:49:11,155 - INFO - [SYSTEM] - [MODE:MATERIAL] - [STRATEGY:NONE] - [COOKIE:NO] - [09:49:11][策略1][TikTok] 下载进度：23.4% | 1.4MiB/6.08MiB | 速度 313.63KiB/s | 剩余 00:15
2026-07-29 09:49:12,157 - INFO - [SYSTEM] - [MODE:MATERIAL] - [STRATEGY:NONE] - [COOKIE:NO] - [09:49:12][策略1][TikTok] 下载进度：28.7% | 1.7MiB/6.08MiB | 速度 315.65KiB/s | 剩余 00:14
2026-07-29 09:49:13,156 - INFO - [SYSTEM] - [MODE:MATERIAL] - [STRATEGY:NONE] - [COOKIE:NO] - [09:49:13][策略1][TikTok] 下载进度：33.9% | 2.1MiB/6.08MiB | 速度 317.13KiB/s | 剩余 00:12
2026-07-29 09:49:14,209 - INFO - [SYSTEM] - [MODE:MATERIAL] - [STRATEGY:NONE] - [COOKIE:NO] - [09:49:14][策略1][TikTok] 下载进度：39.1% | 2.4MiB/6.08MiB | 速度 316.02KiB/s | 剩余 00:11
2026-07-29 09:49:15,155 - INFO - [SYSTEM] - [MODE:MATERIAL] - [STRATEGY:NONE] - [COOKIE:NO] - [09:49:15][策略1][TikTok] 下载进度：44.1% | 2.7MiB/6.08MiB | 速度 317.17KiB/s | 剩余 00:10
2026-07-29 09:49:16,390 - INFO - [SYSTEM] - [MODE:MATERIAL] - [STRATEGY:NONE] - [COOKIE:NO] - [09:49:16][策略1][TikTok] 下载进度：49.3% | 3.0MiB/6.08MiB | 速度 310.58KiB/s | 剩余 00:10
2026-07-29 09:49:17,264 - INFO - [SYSTEM] - [MODE:MATERIAL] - [STRATEGY:NONE] - [COOKIE:NO] - [09:49:17][策略1][TikTok] 下载进度：53.6% | 3.3MiB/6.08MiB | 速度 309.95KiB/s | 剩余 00:09
2026-07-29 09:49:18,203 - INFO - [SYSTEM] - [MODE:MATERIAL] - [STRATEGY:NONE] - [COOKIE:NO] - [09:49:18][策略1][TikTok] 下载进度：58.4% | 3.6MiB/6.08MiB | 速度 310.95KiB/s | 剩余 00:08
2026-07-29 09:49:19,203 - INFO - [SYSTEM] - [MODE:MATERIAL] - [STRATEGY:NONE] - [COOKIE:NO] - [09:49:19][策略1][TikTok] 下载进度：63.6% | 3.9MiB/6.08MiB | 速度 311.84KiB/s | 剩余 00:07
2026-07-29 09:49:20,296 - INFO - [SYSTEM] - [MODE:MATERIAL] - [STRATEGY:NONE] - [COOKIE:NO] - [09:49:20][策略1][TikTok] 下载进度：68.8% | 4.2MiB/6.08MiB | 速度 310.51KiB/s | 剩余 00:06
2026-07-29 09:49:21,255 - INFO - [SYSTEM] - [MODE:MATERIAL] - [STRATEGY:NONE] - [COOKIE:NO] - [09:49:21][策略1][TikTok] 下载进度：73.5% | 4.5MiB/6.08MiB | 速度 310.34KiB/s | 剩余 00:05
2026-07-29 09:49:22,196 - INFO - [SYSTEM] - [MODE:MATERIAL] - [STRATEGY:NONE] - [COOKIE:NO] - [09:49:22][策略1][TikTok] 下载进度：78.5% | 4.8MiB/6.08MiB | 速度 311.32KiB/s | 剩余 00:04
2026-07-29 09:49:23,200 - INFO - [SYSTEM] - [MODE:MATERIAL] - [STRATEGY:NONE] - [COOKIE:NO] - [09:49:23][策略1][TikTok] 下载进度：83.7% | 5.1MiB/6.08MiB | 速度 312.17KiB/s | 剩余 00:03
2026-07-29 09:49:24,246 - INFO - [SYSTEM] - [MODE:MATERIAL] - [STRATEGY:NONE] - [COOKIE:NO] - [09:49:24][策略1][TikTok] 下载进度：88.9% | 5.4MiB/6.08MiB | 速度 312.11KiB/s | 剩余 00:02
2026-07-29 09:49:25,197 - INFO - [SYSTEM] - [MODE:MATERIAL] - [STRATEGY:NONE] - [COOKIE:NO] - [09:49:25][策略1][TikTok] 下载进度：93.9% | 5.7MiB/6.08MiB | 速度 312.88KiB/s | 剩余 00:01
2026-07-29 09:49:26,254 - INFO - [SYSTEM] - [MODE:MATERIAL] - [STRATEGY:NONE] - [COOKIE:NO] - [09:49:26][策略1][TikTok] 下载进度：99.2% | 6.0MiB/6.08MiB | 速度 312.71KiB/s | 剩余 00:00
2026-07-29 09:49:26,344 - INFO - [SYSTEM] - [MODE:MATERIAL] - [STRATEGY:NONE] - [COOKIE:NO] - [09:49:26][策略1][TikTok] 下载进度：100.0% | 6.1MiB/6.08MiB | 速度 313.84KiB/s | 剩余 00:00
2026-07-29 09:49:26,345 - INFO - [SYSTEM] - [MODE:MATERIAL] - [STRATEGY:NONE] - [COOKIE:NO] - [09:49:26][策略1][TikTok] 下载进度：100.0% | 6.1MiB/6.08MiB | 速度 308.39KiB/s | 剩余 NA
2026-07-29 09:49:26,795 - INFO - [SYSTEM] - [MODE:MATERIAL] - [STRATEGY:NONE] - [COOKIE:NO] - [09:49:26][策略1][TikTok] Selected format: format_id=bytevc1_1080p_1343059-1, res=1080x1920, fps=NA, tbr=1343, ext=mp4
2026-07-29 09:49:26,795 - INFO - [SYSTEM] - [MODE:MATERIAL] - [STRATEGY:NONE] - [COOKIE:NO] - [09:49:26][策略1][TikTok] 下载成功，耗时 26.7s
2026-07-29 09:49:26,796 - INFO - [TikTok] - [MODE:MATERIAL] - [STRATEGY:PlatformNoCookie] - [COOKIE:NO] - DOWNLOAD_SUCCESS | MODE:MATERIAL | STRATEGY:PlatformNoCookie
2026-07-29 09:49:26,797 - INFO - [SYSTEM] - [MODE:MATERIAL] - [STRATEGY:NONE] - [COOKIE:NO] - [09:49:26] 文件名: At least eight monks were killed and 18 others injured in Mukdahan pr...-7657859212646665493.mp4
2026-07-29 09:49:26,797 - INFO - [SYSTEM] - [MODE:MATERIAL] - [STRATEGY:NONE] - [COOKIE:NO] - [09:49:26] 保存路径: C:\Users\Administrator\Desktop\VideoDown\At least eight monks were killed and 18 others injured in Mukdahan pr...-7657859212646665493.mp4
2026-07-29 09:49:26,797 - INFO - [SYSTEM] - [MODE:MATERIAL] - [STRATEGY:NONE] - [COOKIE:NO] - [09:49:26] 文件大小: 6.08 MB
2026-07-29 09:49:26,797 - INFO - [SYSTEM] - [MODE:MATERIAL] - [STRATEGY:NONE] - [COOKIE:NO] - TikTok pacing mode: normal; cooling down 1.73s before the next task
2026-07-29 09:49:26,801 - INFO - [SYSTEM] - [MODE:MATERIAL] - [STRATEGY:NONE] - [COOKIE:NO] - 预览文件已就绪: C:/Users/Administrator/Desktop/VideoDown\At least eight monks were killed and 18 others injured in Mukdahan pr...-7657859212646665493.mp4
2026-07-29 09:49:28,541 - INFO - [TikTok] - [MODE:MATERIAL] - [STRATEGY:START] - [COOKIE:NO] - DOWNLOAD_START | MODE:MATERIAL | URL:https://www.tiktok.com/@susu10060/video/7647834207573560589?is_from_webapp=1&sender_device=pc | MODIFIED:True | REASON:removed tracking params
2026-07-29 09:49:28,541 - INFO - [SYSTEM] - [MODE:MATERIAL] - [STRATEGY:NONE] - [COOKIE:NO] - [09:49:28] 📋 平台: TikTok
2026-07-29 09:49:28,542 - INFO - [SYSTEM] - [MODE:MATERIAL] - [STRATEGY:NONE] - [COOKIE:NO] - [09:49:28] 策略1：TikTok专属无 Cookie 下载...
2026-07-29 09:49:28,542 - INFO - [SYSTEM] - [MODE:MATERIAL] - [STRATEGY:NONE] - [COOKIE:NO] - [09:49:28][策略1][TikTok] 开始执行 yt-dlp
2026-07-29 09:49:35,269 - INFO - [SYSTEM] - [MODE:MATERIAL] - [STRATEGY:NONE] - [COOKIE:NO] - [09:49:35][策略1][TikTok] 下载进度：0.1% | 0.0MiB/1.33MiB | 速度 Unknown | 剩余 Unknown
2026-07-29 09:49:35,367 - INFO - [SYSTEM] - [MODE:MATERIAL] - [STRATEGY:NONE] - [COOKIE:NO] - [09:49:35][策略1][TikTok] 下载进度：2.3% | 0.0MiB/1.33MiB | 速度 315.11KiB/s | 剩余 00:04
2026-07-29 09:49:35,468 - INFO - [SYSTEM] - [MODE:MATERIAL] - [STRATEGY:NONE] - [COOKIE:NO] - [09:49:35][策略1][TikTok] 下载进度：4.6% | 0.1MiB/1.33MiB | 速度 314.63KiB/s | 剩余 00:04
2026-07-29 09:49:35,667 - INFO - [SYSTEM] - [MODE:MATERIAL] - [STRATEGY:NONE] - [COOKIE:NO] - [09:49:35][策略1][TikTok] 下载进度：9.3% | 0.1MiB/1.33MiB | 速度 318.07KiB/s | 剩余 00:03
2026-07-29 09:49:36,067 - INFO - [SYSTEM] - [MODE:MATERIAL] - [STRATEGY:NONE] - [COOKIE:NO] - [09:49:36][策略1][TikTok] 下载进度：18.7% | 0.2MiB/1.33MiB | 速度 319.10KiB/s | 剩余 00:03
2026-07-29 09:49:36,867 - INFO - [SYSTEM] - [MODE:MATERIAL] - [STRATEGY:NONE] - [COOKIE:NO] - [09:49:36][策略1][TikTok] 下载进度：37.5% | 0.5MiB/1.33MiB | 速度 319.46KiB/s | 剩余 00:02
2026-07-29 09:49:37,918 - INFO - [SYSTEM] - [MODE:MATERIAL] - [STRATEGY:NONE] - [COOKIE:NO] - [09:49:37][策略1][TikTok] 下载进度：61.0% | 0.8MiB/1.33MiB | 速度 313.57KiB/s | 剩余 00:01
2026-07-29 09:49:38,867 - INFO - [SYSTEM] - [MODE:MATERIAL] - [STRATEGY:NONE] - [COOKIE:NO] - [09:49:38][策略1][TikTok] 下载进度：83.4% | 1.1MiB/1.33MiB | 速度 315.54KiB/s | 剩余 00:00
2026-07-29 09:49:39,501 - INFO - [SYSTEM] - [MODE:MATERIAL] - [STRATEGY:NONE] - [COOKIE:NO] - [09:49:39][策略1][TikTok] 下载进度：100.0% | 1.3MiB/1.33MiB | 速度 321.64KiB/s | 剩余 00:00
2026-07-29 09:49:39,502 - INFO - [SYSTEM] - [MODE:MATERIAL] - [STRATEGY:NONE] - [COOKIE:NO] - [09:49:39][策略1][TikTok] 下载进度：100.0% | 1.3MiB/1.33MiB | 速度 296.06KiB/s | 剩余 NA
2026-07-29 09:49:39,970 - INFO - [SYSTEM] - [MODE:MATERIAL] - [STRATEGY:NONE] - [COOKIE:NO] - [09:49:39][策略1][TikTok] Selected format: format_id=bytevc1_1080p_1345376-1, res=1080x1920, fps=NA, tbr=1345, ext=mp4
2026-07-29 09:49:39,970 - INFO - [SYSTEM] - [MODE:MATERIAL] - [STRATEGY:NONE] - [COOKIE:NO] - [09:49:39][策略1][TikTok] [yt-dlp stderr]
[download]   9.3% of    1.33MiB at  318.07KiB/s ETA 00:03
[download]  18.7% of    1.33MiB at  319.10KiB/s ETA 00:03
[download]  37.5% of    1.33MiB at  319.46KiB/s ETA 00:02
[download]  61.0% of    1.33MiB at  313.57KiB/s ETA 00:01
[download]  83.4% of    1.33MiB at  315.54KiB/s ETA 00:00
[download] 100.0% of    1.33MiB at  321.64KiB/s ETA 00:00
[download] 100.0% of    1.33MiB at 296.06KiB/s ETA NA
[VIDOON_OUTPUT] C:\Users\Administrator\Desktop\VideoDown\call me maybe by  #KK #Դ^S #n # #metalstamping #origin...-7647834207573560589.mp4
2026-07-29 09:49:39,971 - INFO - [SYSTEM] - [MODE:MATERIAL] - [STRATEGY:NONE] - [COOKIE:NO] - [09:49:39][策略1][TikTok] 策略失败：OUTPUT_NOT_FOUND，耗时 11.4s
2026-07-29 09:49:39,971 - WARNING - [TikTok] - [MODE:MATERIAL] - [STRATEGY:PlatformNoCookie] - [COOKIE:NO] - DOWNLOAD_FAILED | MODE:MATERIAL | STRATEGY:PlatformNoCookie | ERROR:OUTPUT_NOT_FOUND
2026-07-29 09:49:39,971 - INFO - [SYSTEM] - [MODE:MATERIAL] - [STRATEGY:NONE] - [COOKIE:NO] - [09:49:28] 下载失败
2026-07-29 09:49:39,971 - INFO - [SYSTEM] - [MODE:MATERIAL] - [STRATEGY:NONE] - [COOKIE:NO] - [09:49:28] 本次失败发生在：平台专属无 Cookie 下载
2026-07-29 09:49:39,971 - INFO - [SYSTEM] - [MODE:MATERIAL] - [STRATEGY:NONE] - [COOKIE:NO] - [09:49:28] 失败原因：下载进程已经结束，但没有检测到本次任务生成的完整视频文件。
2026-07-29 09:49:39,972 - INFO - [SYSTEM] - [MODE:MATERIAL] - [STRATEGY:NONE] - [COOKIE:NO] - [FORMAT] id=bytevc1_1080p_1345376-1 ext=mp4 res=1080x1920 fps=NA tbr=1345
[download]   0.1% of    1.33MiB at  Unknown B/s ETA Unknown
[download]   0.2% of    1.33MiB at    2.84MiB/s ETA 00:00
[download]   0.5% of    1.33MiB at    6.62MiB/s ETA 00:00
[download]   1.1% of    1.33MiB at  304.39KiB/s ETA 00:04
[download]   2.3% of    1.33MiB at  315.11KiB/s ETA 00:04
[download]   4.6% of    1.33MiB at
2026-07-29 09:51:43,690 - INFO - [SYSTEM] - [MODE:MATERIAL] - [STRATEGY:NONE] - [COOKIE:NO] - 已打开下载文件夹: C:/Users/Administrator/Desktop/VideoDown
2026-07-29 09:59:24,505 - INFO - [SYSTEM] - [MODE:MATERIAL] - [STRATEGY:NONE] - [COOKIE:NO] - 已打开下载文件夹: C:/Users/Administrator/Desktop/VideoDown
2026-07-29 09:59:35,467 - INFO - [SYSTEM] - [MODE:MATERIAL] - [STRATEGY:NONE] - [COOKIE:NO] - 正在重启软件...
2026-07-29 09:59:35,884 - INFO - [SYSTEM] - [MODE:MATERIAL] - [STRATEGY:NONE] - [COOKIE:NO] - 启动时检查工具和 Cookie 状态...
2026-07-29 09:59:35,884 - INFO - [SYSTEM] - [MODE:MATERIAL] - [STRATEGY:NONE] - [COOKIE:NO] - Deno.js解析引擎已启动就绪
2026-07-29 09:59:35,885 - INFO - [SYSTEM] - [MODE:MATERIAL] - [STRATEGY:NONE] - [COOKIE:NO] - 所有必要工具已就绪
2026-07-29 09:59:35,886 - INFO - [SYSTEM] - [MODE:MATERIAL] - [STRATEGY:NONE] - [COOKIE:NO] - [09:59:35] Cookie health check:
2026-07-29 09:59:35,886 - INFO - [SYSTEM] - [MODE:MATERIAL] - [STRATEGY:NONE] - [COOKIE:NO] -   YouTube: healthy | score=95 | size=1.63 KB | Cookie valid until 2027-05-25 10:59
2026-07-29 09:59:35,886 - INFO - [SYSTEM] - [MODE:MATERIAL] - [STRATEGY:NONE] - [COOKIE:NO] -   Instagram: healthy | score=95 | size=854.00 B | Cookie valid until 2027-06-04 13:58
2026-07-29 09:59:35,887 - INFO - [SYSTEM] - [MODE:MATERIAL] - [STRATEGY:NONE] - [COOKIE:NO] -   TikTok: healthy | score=95 | size=4.51 KB | Cookie valid until 2027-07-10 14:33
2026-07-29 09:59:35,887 - INFO - [SYSTEM] - [MODE:MATERIAL] - [STRATEGY:NONE] - [COOKIE:NO] -   Twitter: healthy | score=95 | size=1.26 KB | Cookie valid until 2027-07-10 11:13
2026-07-29 09:59:38,073 - INFO - [SYSTEM] - [MODE:MATERIAL] - [STRATEGY:NONE] - [COOKIE:NO] - 账号验证成功（半年订阅，今日剩余 300 次）
2026-07-29 09:59:41,202 - INFO - [SYSTEM] - [MODE:MATERIAL] - [STRATEGY:NONE] - [COOKIE:NO] - 已从剪贴板粘贴内容。
2026-07-29 09:59:42,801 - INFO - [SYSTEM] - [MODE:MATERIAL] - [STRATEGY:NONE] - [COOKIE:NO] - 账号模式下载校验：主下载页面批量下载，准备登记 2 个下载任务
2026-07-29 09:59:44,564 - INFO - [SYSTEM] - [MODE:MATERIAL] - [STRATEGY:NONE] - [COOKIE:NO] - 账号模式下载校验结果：status=ok, msg=download_count_recorded
2026-07-29 09:59:44,565 - INFO - [SYSTEM] - [MODE:MATERIAL] - [STRATEGY:NONE] - [COOKIE:NO] - 开始视频下载 2 个任务
2026-07-29 09:59:44,566 - INFO - [SYSTEM] - [MODE:MATERIAL] - [STRATEGY:NONE] - [COOKIE:NO] - 下载路径: C:/Users/Administrator/Desktop/VideoDown
2026-07-29 09:59:44,566 - INFO - [SYSTEM] - [MODE:MATERIAL] - [STRATEGY:NONE] - [COOKIE:NO] - 画质: 最佳画质
2026-07-29 09:59:44,567 - INFO - [SYSTEM] - [MODE:MATERIAL] - [STRATEGY:NONE] - [COOKIE:NO] - 下载调度: TikTok:2
2026-07-29 09:59:44,568 - INFO - [TikTok] - [MODE:MATERIAL] - [STRATEGY:START] - [COOKIE:NO] - DOWNLOAD_START | MODE:MATERIAL | URL:https://www.tiktok.com/@channelnewsasia/video/7657859212646665493?is_from_webapp=1&sender_device=pc&web_id=7662285929188558357 | MODIFIED:True | REASON:removed tracking params
2026-07-29 09:59:44,568 - INFO - [SYSTEM] - [MODE:MATERIAL] - [STRATEGY:NONE] - [COOKIE:NO] - [09:59:44] 📋 平台: TikTok
2026-07-29 09:59:44,568 - INFO - [SYSTEM] - [MODE:MATERIAL] - [STRATEGY:NONE] - [COOKIE:NO] - [09:59:44] 策略1：TikTok专属无 Cookie 下载...
2026-07-29 09:59:44,569 - INFO - [SYSTEM] - [MODE:MATERIAL] - [STRATEGY:NONE] - [COOKIE:NO] - [09:59:44][策略1][TikTok] 开始执行 yt-dlp
2026-07-29 09:59:46,988 - INFO - [SYSTEM] - [MODE:MATERIAL] - [STRATEGY:NONE] - [COOKIE:NO] - [09:59:46][策略1][TikTok] [yt-dlp stderr]
ERROR: [TikTok] 7657859212646665493: Unexpected response from webpage request; please report this issue on  https://github.com/yt-dlp/yt-dlp/issues?q= , filling out the appropriate issue template. Confirm you are on the latest version using  yt-dlp -U
2026-07-29 09:59:46,988 - INFO - [SYSTEM] - [MODE:MATERIAL] - [STRATEGY:NONE] - [COOKIE:NO] - [09:59:46][策略1][TikTok] 策略失败：UNKNOWN，耗时 2.4s
2026-07-29 09:59:46,989 - INFO - [SYSTEM] - [MODE:MATERIAL] - [STRATEGY:NONE] - [COOKIE:NO] - [09:59:46] 第 1 次下载失败：下载失败，原因暂时无法明确识别。，3.9 秒后开始第 2/3 次重试
2026-07-29 09:59:50,884 - INFO - [SYSTEM] - [MODE:MATERIAL] - [STRATEGY:NONE] - [COOKIE:NO] - [09:59:50] 📋 平台: TikTok
2026-07-29 09:59:50,884 - INFO - [SYSTEM] - [MODE:MATERIAL] - [STRATEGY:NONE] - [COOKIE:NO] - [09:59:50] 策略1：TikTok专属无 Cookie 下载...
2026-07-29 09:59:50,885 - INFO - [SYSTEM] - [MODE:MATERIAL] - [STRATEGY:NONE] - [COOKIE:NO] - [09:59:50][策略1][TikTok] 开始执行 yt-dlp
2026-07-29 09:59:55,992 - INFO - [SYSTEM] - [MODE:MATERIAL] - [STRATEGY:NONE] - [COOKIE:NO] - [09:59:55][策略1][TikTok] 下载进度：0.0% | 0.0MiB/6.08MiB | 速度 9.99KiB/s | 剩余 10:23
2026-07-29 09:59:56,342 - INFO - [SYSTEM] - [MODE:MATERIAL] - [STRATEGY:NONE] - [COOKIE:NO] - [09:59:56][策略1][TikTok] 下载进度：2.0% | 0.1MiB/6.08MiB | 速度 281.94KiB/s | 剩余 00:21
2026-07-29 09:59:56,742 - INFO - [SYSTEM] - [MODE:MATERIAL] - [STRATEGY:NONE] - [COOKIE:NO] - [09:59:56][策略1][TikTok] 下载进度：4.1% | 0.2MiB/6.08MiB | 速度 299.85KiB/s | 剩余 00:19
2026-07-29 09:59:57,541 - INFO - [SYSTEM] - [MODE:MATERIAL] - [STRATEGY:NONE] - [COOKIE:NO] - [09:59:57][策略1][TikTok] 下载进度：8.2% | 0.5MiB/6.08MiB | 速度 309.82KiB/s | 剩余 00:18
2026-07-29 09:59:58,543 - INFO - [SYSTEM] - [MODE:MATERIAL] - [STRATEGY:NONE] - [COOKIE:NO] - [09:59:58][策略1][TikTok] 下载进度：13.4% | 0.8MiB/6.08MiB | 速度 313.60KiB/s | 剩余 00:17
2026-07-29 09:59:59,590 - INFO - [SYSTEM] - [MODE:MATERIAL] - [STRATEGY:NONE] - [COOKIE:NO] - [09:59:59][策略1][TikTok] 下载进度：18.5% | 1.1MiB/6.08MiB | 速度 311.23KiB/s | 剩余 00:16
2026-07-29 10:00:00,714 - INFO - [SYSTEM] - [MODE:MATERIAL] - [STRATEGY:NONE] - [COOKIE:NO] - [10:00:00][策略1][TikTok] 下载进度：23.4% | 1.4MiB/6.08MiB | 速度 302.06KiB/s | 剩余 00:15
2026-07-29 10:00:01,829 - INFO - [SYSTEM] - [MODE:MATERIAL] - [STRATEGY:NONE] - [COOKIE:NO] - [10:00:01][策略1][TikTok] 下载进度：27.8% | 1.7MiB/6.08MiB | 速度 291.09KiB/s | 剩余 00:15
2026-07-29 10:00:02,579 - INFO - [SYSTEM] - [MODE:MATERIAL] - [STRATEGY:NONE] - [COOKIE:NO] - [10:00:02][策略1][TikTok] 下载进度：31.7% | 1.9MiB/6.08MiB | 速度 294.89KiB/s | 剩余 00:14
2026-07-29 10:00:03,807 - INFO - [SYSTEM] - [MODE:MATERIAL] - [STRATEGY:NONE] - [COOKIE:NO] - [10:00:03][策略1][TikTok] 下载进度：36.9% | 2.2MiB/6.08MiB | 速度 290.17KiB/s | 剩余 00:13
2026-07-29 10:00:04,654 - INFO - [SYSTEM] - [MODE:MATERIAL] - [STRATEGY:NONE] - [COOKIE:NO] - [10:00:04][策略1][TikTok] 下载进度：41.1% | 2.5MiB/6.08MiB | 速度 292.32KiB/s | 剩余 00:12
2026-07-29 10:00:05,621 - INFO - [SYSTEM] - [MODE:MATERIAL] - [STRATEGY:NONE] - [COOKIE:NO] - [10:00:05][策略1][TikTok] 下载进度：46.2% | 2.8MiB/6.08MiB | 速度 295.38KiB/s | 剩余 00:11
2026-07-29 10:00:07,048 - INFO - [SYSTEM] - [MODE:MATERIAL] - [STRATEGY:NONE] - [COOKIE:NO] - [10:00:07][策略1][TikTok] 下载进度：51.4% | 3.1MiB/6.08MiB | 速度 286.56KiB/s | 剩余 00:10
2026-07-29 10:00:07,796 - INFO - [SYSTEM] - [MODE:MATERIAL] - [STRATEGY:NONE] - [COOKIE:NO] - [10:00:07][策略1][TikTok] 下载进度：55.0% | 3.3MiB/6.08MiB | 速度 287.58KiB/s | 剩余 00:09
2026-07-29 10:00:08,696 - INFO - [SYSTEM] - [MODE:MATERIAL] - [STRATEGY:NONE] - [COOKIE:NO] - [10:00:08][策略1][TikTok] 下载进度：59.9% | 3.6MiB/6.08MiB | 速度 291.00KiB/s | 剩余 00:08
2026-07-29 10:00:09,747 - INFO - [SYSTEM] - [MODE:MATERIAL] - [STRATEGY:NONE] - [COOKIE:NO] - [10:00:09][策略1][TikTok] 下载进度：65.3% | 4.0MiB/6.08MiB | 速度 293.21KiB/s | 剩余 00:07
2026-07-29 10:00:10,747 - INFO - [SYSTEM] - [MODE:MATERIAL] - [STRATEGY:NONE] - [COOKIE:NO] - [10:00:10][策略1][TikTok] 下载进度：70.4% | 4.3MiB/6.08MiB | 速度 295.02KiB/s | 剩余 00:06
2026-07-29 10:00:11,797 - INFO - [SYSTEM] - [MODE:MATERIAL] - [STRATEGY:NONE] - [COOKIE:NO] - [10:00:11][策略1][TikTok] 下载进度：75.5% | 4.6MiB/6.08MiB | 速度 295.67KiB/s | 剩余 00:05
2026-07-29 10:00:12,746 - INFO - [SYSTEM] - [MODE:MATERIAL] - [STRATEGY:NONE] - [COOKIE:NO] - [10:00:12][策略1][TikTok] 下载进度：80.4% | 4.9MiB/6.08MiB | 速度 297.11KiB/s | 剩余 00:04
2026-07-29 10:00:13,746 - INFO - [SYSTEM] - [MODE:MATERIAL] - [STRATEGY:NONE] - [COOKIE:NO] - [10:00:13][策略1][TikTok] 下载进度：85.6% | 5.2MiB/6.08MiB | 速度 298.46KiB/s | 剩余 00:03
2026-07-29 10:00:14,750 - INFO - [SYSTEM] - [MODE:MATERIAL] - [STRATEGY:NONE] - [COOKIE:NO] - [10:00:14][策略1][TikTok] 下载进度：90.8% | 5.5MiB/6.08MiB | 速度 299.60KiB/s | 剩余 00:01
2026-07-29 10:00:15,760 - INFO - [SYSTEM] - [MODE:MATERIAL] - [STRATEGY:NONE] - [COOKIE:NO] - [10:00:15][策略1][TikTok] 下载进度：95.9% | 5.8MiB/6.08MiB | 速度 300.46KiB/s | 剩余 00:00
2026-07-29 10:00:16,513 - INFO - [SYSTEM] - [MODE:MATERIAL] - [STRATEGY:NONE] - [COOKIE:NO] - [10:00:16][策略1][TikTok] 下载进度：100.0% | 6.1MiB/6.08MiB | 速度 301.91KiB/s | 剩余 00:00
2026-07-29 10:00:16,514 - INFO - [SYSTEM] - [MODE:MATERIAL] - [STRATEGY:NONE] - [COOKIE:NO] - [10:00:16][策略1][TikTok] 下载进度：100.0% | 6.1MiB/6.08MiB | 速度 297.46KiB/s | 剩余 NA
2026-07-29 10:00:16,951 - INFO - [SYSTEM] - [MODE:MATERIAL] - [STRATEGY:NONE] - [COOKIE:NO] - [10:00:16][策略1][TikTok] Selected format: format_id=bytevc1_1080p_1343059-1, res=1080x1920, fps=NA, tbr=1343, ext=mp4
2026-07-29 10:00:16,951 - INFO - [SYSTEM] - [MODE:MATERIAL] - [STRATEGY:NONE] - [COOKIE:NO] - [10:00:16][策略1][TikTok] 下载成功，耗时 26.1s
2026-07-29 10:00:16,952 - INFO - [SYSTEM] - [MODE:MATERIAL] - [STRATEGY:NONE] - [COOKIE:NO] - [10:00:16] 第 2 次尝试下载成功
2026-07-29 10:00:16,953 - INFO - [TikTok] - [MODE:MATERIAL] - [STRATEGY:PlatformNoCookie] - [COOKIE:NO] - DOWNLOAD_SUCCESS | MODE:MATERIAL | STRATEGY:PlatformNoCookie
2026-07-29 10:00:16,953 - INFO - [SYSTEM] - [MODE:MATERIAL] - [STRATEGY:NONE] - [COOKIE:NO] - [10:00:16] 文件名: At least eight monks were killed and 18 others injured in Mukdahan pr...-7657859212646665493.mp4
2026-07-29 10:00:16,953 - INFO - [SYSTEM] - [MODE:MATERIAL] - [STRATEGY:NONE] - [COOKIE:NO] - [10:00:16] 保存路径: C:\Users\Administrator\Desktop\VideoDown\At least eight monks were killed and 18 others injured in Mukdahan pr...-7657859212646665493.mp4
2026-07-29 10:00:16,953 - INFO - [SYSTEM] - [MODE:MATERIAL] - [STRATEGY:NONE] - [COOKIE:NO] - [10:00:16] 文件大小: 6.08 MB
2026-07-29 10:00:16,953 - INFO - [SYSTEM] - [MODE:MATERIAL] - [STRATEGY:NONE] - [COOKIE:NO] - TikTok pacing mode: normal; cooling down 1.85s before the next task
2026-07-29 10:00:16,958 - INFO - [SYSTEM] - [MODE:MATERIAL] - [STRATEGY:NONE] - [COOKIE:NO] - 预览文件已就绪: C:/Users/Administrator/Desktop/VideoDown\At least eight monks were killed and 18 others injured in Mukdahan pr...-7657859212646665493.mp4
2026-07-29 10:00:18,808 - INFO - [TikTok] - [MODE:MATERIAL] - [STRATEGY:START] - [COOKIE:NO] - DOWNLOAD_START | MODE:MATERIAL | URL:https://www.tiktok.com/@susu10060/video/7647834207573560589?is_from_webapp=1&sender_device=pc | MODIFIED:True | REASON:removed tracking params
2026-07-29 10:00:18,808 - INFO - [SYSTEM] - [MODE:MATERIAL] - [STRATEGY:NONE] - [COOKIE:NO] - [10:00:18] 📋 平台: TikTok
2026-07-29 10:00:18,809 - INFO - [SYSTEM] - [MODE:MATERIAL] - [STRATEGY:NONE] - [COOKIE:NO] - [10:00:18] 策略1：TikTok专属无 Cookie 下载...
2026-07-29 10:00:18,810 - INFO - [SYSTEM] - [MODE:MATERIAL] - [STRATEGY:NONE] - [COOKIE:NO] - [10:00:18][策略1][TikTok] 开始执行 yt-dlp
2026-07-29 10:00:20,822 - INFO - [SYSTEM] - [MODE:MATERIAL] - [STRATEGY:NONE] - [COOKIE:NO] - [10:00:20][策略1][TikTok] [yt-dlp stderr]
ERROR: [TikTok] 7647834207573560589: Unexpected response from webpage request; please report this issue on  https://github.com/yt-dlp/yt-dlp/issues?q= , filling out the appropriate issue template. Confirm you are on the latest version using  yt-dlp -U
2026-07-29 10:00:20,822 - INFO - [SYSTEM] - [MODE:MATERIAL] - [STRATEGY:NONE] - [COOKIE:NO] - [10:00:20][策略1][TikTok] 策略失败：UNKNOWN，耗时 2.0s
2026-07-29 10:00:20,824 - INFO - [SYSTEM] - [MODE:MATERIAL] - [STRATEGY:NONE] - [COOKIE:NO] - [10:00:20] 第 1 次下载失败：下载失败，原因暂时无法明确识别。，2.6 秒后开始第 2/3 次重试
2026-07-29 10:00:23,444 - INFO - [SYSTEM] - [MODE:MATERIAL] - [STRATEGY:NONE] - [COOKIE:NO] - [10:00:23] 📋 平台: TikTok
2026-07-29 10:00:23,444 - INFO - [SYSTEM] - [MODE:MATERIAL] - [STRATEGY:NONE] - [COOKIE:NO] - [10:00:23] 策略1：TikTok专属无 Cookie 下载...
2026-07-29 10:00:23,445 - INFO - [SYSTEM] - [MODE:MATERIAL] - [STRATEGY:NONE] - [COOKIE:NO] - [10:00:23][策略1][TikTok] 开始执行 yt-dlp
2026-07-29 10:00:29,626 - INFO - [SYSTEM] - [MODE:MATERIAL] - [STRATEGY:NONE] - [COOKIE:NO] - [10:00:29][策略1][TikTok] 下载进度：0.1% | 0.0MiB/1.33MiB | 速度 Unknown | 剩余 Unknown
2026-07-29 10:00:29,627 - INFO - [SYSTEM] - [MODE:MATERIAL] - [STRATEGY:NONE] - [COOKIE:NO] - [10:00:29][策略1][TikTok] 下载进度：2.3% | 0.0MiB/1.33MiB | 速度 16.40MiB/s | 剩余 00:00
2026-07-29 10:00:29,629 - INFO - [SYSTEM] - [MODE:MATERIAL] - [STRATEGY:NONE] - [COOKIE:NO] - [10:00:29][策略1][TikTok] 下载进度：4.6% | 0.1MiB/1.33MiB | 速度 18.35MiB/s | 剩余 00:00
2026-07-29 10:00:29,631 - INFO - [SYSTEM] - [MODE:MATERIAL] - [STRATEGY:NONE] - [COOKIE:NO] - [10:00:29][策略1][TikTok] 下载进度：9.3% | 0.1MiB/1.33MiB | 速度 22.46MiB/s | 剩余 00:00
2026-07-29 10:00:29,640 - INFO - [SYSTEM] - [MODE:MATERIAL] - [STRATEGY:NONE] - [COOKIE:NO] - [10:00:29][策略1][TikTok] 下载进度：18.7% | 0.2MiB/1.33MiB | 速度 16.74MiB/s | 剩余 00:00
2026-07-29 10:00:29,654 - INFO - [SYSTEM] - [MODE:MATERIAL] - [STRATEGY:NONE] - [COOKIE:NO] - [10:00:29][策略1][TikTok] 下载进度：37.5% | 0.5MiB/1.33MiB | 速度 17.55MiB/s | 剩余 00:00
2026-07-29 10:00:30,277 - INFO - [SYSTEM] - [MODE:MATERIAL] - [STRATEGY:NONE] - [COOKIE:NO] - [10:00:30][策略1][TikTok] 下载进度：75.1% | 1.0MiB/1.33MiB | 速度 1.53MiB/s | 剩余 00:00
2026-07-29 10:00:30,766 - INFO - [SYSTEM] - [MODE:MATERIAL] - [STRATEGY:NONE] - [COOKIE:NO] - [10:00:30][策略1][TikTok] 下载进度：100.0% | 1.3MiB/1.33MiB | 速度 1.17MiB/s | 剩余 00:00
2026-07-29 10:00:30,767 - INFO - [SYSTEM] - [MODE:MATERIAL] - [STRATEGY:NONE] - [COOKIE:NO] - [10:00:30][策略1][TikTok] 下载进度：100.0% | 1.3MiB/1.33MiB | 速度 1020.76KiB/s | 剩余 NA
2026-07-29 10:00:31,277 - INFO - [SYSTEM] - [MODE:MATERIAL] - [STRATEGY:NONE] - [COOKIE:NO] - [10:00:31][策略1][TikTok] Selected format: format_id=bytevc1_1080p_1345376-1, res=1080x1920, fps=NA, tbr=1345, ext=mp4
2026-07-29 10:00:31,277 - INFO - [SYSTEM] - [MODE:MATERIAL] - [STRATEGY:NONE] - [COOKIE:NO] - [10:00:31][策略1][TikTok] 下载成功，耗时 7.8s
2026-07-29 10:00:31,278 - INFO - [SYSTEM] - [MODE:MATERIAL] - [STRATEGY:NONE] - [COOKIE:NO] - [10:00:31] 第 2 次尝试下载成功
2026-07-29 10:00:31,279 - INFO - [TikTok] - [MODE:MATERIAL] - [STRATEGY:PlatformNoCookie] - [COOKIE:NO] - DOWNLOAD_SUCCESS | MODE:MATERIAL | STRATEGY:PlatformNoCookie
2026-07-29 10:00:31,279 - INFO - [SYSTEM] - [MODE:MATERIAL] - [STRATEGY:NONE] - [COOKIE:NO] - [10:00:31] 文件名: call me maybe by 眾帆 #老闆娘蘇蘇 #源頭實力廠家 #五金衝壓 #眾帆五金 #metalstamping #origin...-7647834207573560589.mp4
2026-07-29 10:00:31,279 - INFO - [SYSTEM] - [MODE:MATERIAL] - [STRATEGY:NONE] - [COOKIE:NO] - [10:00:31] 保存路径: C:\Users\Administrator\Desktop\VideoDown\call me maybe by 眾帆 #老闆娘蘇蘇 #源頭實力廠家 #五金衝壓 #眾帆五金 #metalstamping #origin...-7647834207573560589.mp4
2026-07-29 10:00:31,279 - INFO - [SYSTEM] - [MODE:MATERIAL] - [STRATEGY:NONE] - [COOKIE:NO] - [10:00:31] 文件大小: 1.33 MB
2026-07-29 10:00:31,285 - INFO - [SYSTEM] - [MODE:MATERIAL] - [STRATEGY:NONE] - [COOKIE:NO] - 预览文件已就绪: C:/Users/Administrator/Desktop/VideoDown\call me maybe by 眾帆 #老闆娘蘇蘇 #源頭實力廠家 #五金衝壓 #眾帆五金 #metalstamping #origin...-7647834207573560589.mp4
2026-07-29 10:00:56,814 - INFO - [SYSTEM] - [MODE:MATERIAL] - [STRATEGY:NONE] - [COOKIE:NO] - 已打开下载文件夹: C:/Users/Administrator/Desktop/VideoDown
2026-07-29 10:01:06,801 - INFO - [SYSTEM] - [MODE:MATERIAL] - [STRATEGY:NONE] - [COOKIE:NO] - 正在重启软件...
2026-07-29 10:01:07,234 - INFO - [SYSTEM] - [MODE:MATERIAL] - [STRATEGY:NONE] - [COOKIE:NO] - 启动时检查工具和 Cookie 状态...
2026-07-29 10:01:07,234 - INFO - [SYSTEM] - [MODE:MATERIAL] - [STRATEGY:NONE] - [COOKIE:NO] - Deno.js解析引擎已启动就绪
2026-07-29 10:01:07,234 - INFO - [SYSTEM] - [MODE:MATERIAL] - [STRATEGY:NONE] - [COOKIE:NO] - 所有必要工具已就绪
2026-07-29 10:01:07,235 - INFO - [SYSTEM] - [MODE:MATERIAL] - [STRATEGY:NONE] - [COOKIE:NO] - [10:01:07] Cookie health check:
2026-07-29 10:01:07,235 - INFO - [SYSTEM] - [MODE:MATERIAL] - [STRATEGY:NONE] - [COOKIE:NO] -   YouTube: healthy | score=95 | size=1.63 KB | Cookie valid until 2027-05-25 10:59
2026-07-29 10:01:07,236 - INFO - [SYSTEM] - [MODE:MATERIAL] - [STRATEGY:NONE] - [COOKIE:NO] -   Instagram: healthy | score=95 | size=854.00 B | Cookie valid until 2027-06-04 13:58
2026-07-29 10:01:07,236 - INFO - [SYSTEM] - [MODE:MATERIAL] - [STRATEGY:NONE] - [COOKIE:NO] -   TikTok: healthy | score=95 | size=4.51 KB | Cookie valid until 2027-07-10 14:33
2026-07-29 10:01:07,236 - INFO - [SYSTEM] - [MODE:MATERIAL] - [STRATEGY:NONE] - [COOKIE:NO] -   Twitter: healthy | score=95 | size=1.26 KB | Cookie valid until 2027-07-10 11:13
2026-07-29 10:01:09,387 - INFO - [SYSTEM] - [MODE:MATERIAL] - [STRATEGY:NONE] - [COOKIE:NO] - 账号验证成功（半年订阅，今日剩余 300 次）
2026-07-29 10:14:55,929 - INFO - [SYSTEM] - [MODE:MATERIAL] - [STRATEGY:NONE] - [COOKIE:NO] - 已从剪贴板粘贴内容。
2026-07-29 10:15:58,771 - INFO - [SYSTEM] - [MODE:MATERIAL] - [STRATEGY:NONE] - [COOKIE:NO] - 已从剪贴板粘贴内容。
2026-07-29 10:16:52,845 - INFO - [SYSTEM] - [MODE:MATERIAL] - [STRATEGY:NONE] - [COOKIE:NO] - 账号模式下载校验：主下载页面批量下载，准备登记 2 个下载任务
2026-07-29 10:16:54,606 - INFO - [SYSTEM] - [MODE:MATERIAL] - [STRATEGY:NONE] - [COOKIE:NO] - 账号模式下载校验结果：status=ok, msg=download_count_recorded
2026-07-29 10:16:54,607 - INFO - [SYSTEM] - [MODE:MATERIAL] - [STRATEGY:NONE] - [COOKIE:NO] - 开始视频下载 2 个任务
2026-07-29 10:16:54,608 - INFO - [SYSTEM] - [MODE:MATERIAL] - [STRATEGY:NONE] - [COOKIE:NO] - 下载路径: C:/Users/Administrator/Desktop/VideoDown
2026-07-29 10:16:54,608 - INFO - [SYSTEM] - [MODE:MATERIAL] - [STRATEGY:NONE] - [COOKIE:NO] - 画质: 最佳画质
2026-07-29 10:16:54,609 - INFO - [SYSTEM] - [MODE:MATERIAL] - [STRATEGY:NONE] - [COOKIE:NO] - 下载调度: YouTube:2
2026-07-29 10:16:54,610 - INFO - [YouTube] - [MODE:MATERIAL] - [STRATEGY:START] - [COOKIE:NO] - DOWNLOAD_START | MODE:MATERIAL | URL:https://www.youtube.com/watch?v=LfLz_-kGP3U&list=RDLfLz_-kGP3U&start_radio=1 | MODIFIED:True | REASON:normalized YouTube URL
2026-07-29 10:16:54,610 - INFO - [SYSTEM] - [MODE:MATERIAL] - [STRATEGY:NONE] - [COOKIE:NO] - [10:16:54] 📋 平台: YouTube
2026-07-29 10:16:54,610 - INFO - [SYSTEM] - [MODE:MATERIAL] - [STRATEGY:NONE] - [COOKIE:NO] - [10:16:54] 策略1：YouTube 无 Cookie 下载...
2026-07-29 10:16:54,612 - INFO - [SYSTEM] - [MODE:MATERIAL] - [STRATEGY:NONE] - [COOKIE:NO] - [10:16:54][策略1][YouTube] 开始执行 yt-dlp
2026-07-29 10:16:58,932 - INFO - [SYSTEM] - [MODE:MATERIAL] - [STRATEGY:NONE] - [COOKIE:NO] - [10:16:58][策略1][YouTube] 下载进度：0.0% | 0.0MiB/137.96MiB | 速度 13.13KiB/s | 剩余 02:59:19
2026-07-29 10:17:01,399 - INFO - [SYSTEM] - [MODE:MATERIAL] - [STRATEGY:NONE] - [COOKIE:NO] - [10:17:01][策略1][YouTube] 下载进度：0.3% | 0.4MiB/137.96MiB | 速度 183.50KiB/s | 剩余 12:47
2026-07-29 10:17:03,234 - INFO - [SYSTEM] - [MODE:MATERIAL] - [STRATEGY:NONE] - [COOKIE:NO] - [10:17:03][策略1][YouTube] 下载进度：0.6% | 0.8MiB/137.96MiB | 速度 202.04KiB/s | 剩余 11:34
2026-07-29 10:17:05,335 - INFO - [SYSTEM] - [MODE:MATERIAL] - [STRATEGY:NONE] - [COOKIE:NO] - [10:17:05][策略1][YouTube] 下载进度：0.9% | 1.2MiB/137.96MiB | 速度 206.16KiB/s | 剩余 11:18
2026-07-29 10:17:07,359 - INFO - [SYSTEM] - [MODE:MATERIAL] - [STRATEGY:NONE] - [COOKIE:NO] - [10:17:07][策略1][YouTube] 下载进度：1.2% | 1.7MiB/137.96MiB | 速度 207.02KiB/s | 剩余 11:13
2026-07-29 10:17:09,329 - INFO - [SYSTEM] - [MODE:MATERIAL] - [STRATEGY:NONE] - [COOKIE:NO] - [10:17:09][策略1][YouTube] 下载进度：1.5% | 2.1MiB/137.96MiB | 速度 208.89KiB/s | 剩余 11:05
2026-07-29 10:17:11,584 - INFO - [SYSTEM] - [MODE:MATERIAL] - [STRATEGY:NONE] - [COOKIE:NO] - [10:17:11][策略1][YouTube] 下载进度：1.9% | 2.6MiB/137.96MiB | 速度 206.41KiB/s | 剩余 11:11
2026-07-29 10:17:13,464 - INFO - [SYSTEM] - [MODE:MATERIAL] - [STRATEGY:NONE] - [COOKIE:NO] - [10:17:13][策略1][YouTube] 下载进度：2.1% | 2.9MiB/137.96MiB | 速度 207.06KiB/s | 剩余 11:07
2026-07-29 10:17:15,316 - INFO - [SYSTEM] - [MODE:MATERIAL] - [STRATEGY:NONE] - [COOKIE:NO] - [10:17:15][策略1][YouTube] 下载进度：2.4% | 3.3MiB/137.96MiB | 速度 209.48KiB/s | 剩余 10:57
2026-07-29 10:17:17,442 - INFO - [SYSTEM] - [MODE:MATERIAL] - [STRATEGY:NONE] - [COOKIE:NO] - [10:17:17][策略1][YouTube] 下载进度：2.8% | 3.9MiB/137.96MiB | 速度 209.55KiB/s | 剩余 10:55
2026-07-29 10:17:19,387 - INFO - [SYSTEM] - [MODE:MATERIAL] - [STRATEGY:NONE] - [COOKIE:NO] - [10:17:19][策略1][YouTube] 下载进度：3.1% | 4.3MiB/137.96MiB | 速度 210.31KiB/s | 剩余 10:51
2026-07-29 10:17:21,517 - INFO - [SYSTEM] - [MODE:MATERIAL] - [STRATEGY:NONE] - [COOKIE:NO] - [10:17:21][策略1][YouTube] 下载进度：3.4% | 4.7MiB/137.96MiB | 速度 209.49KiB/s | 剩余 10:51
2026-07-29 10:17:23,439 - INFO - [SYSTEM] - [MODE:MATERIAL] - [STRATEGY:NONE] - [COOKIE:NO] - [10:17:23][策略1][YouTube] 下载进度：3.7% | 5.1MiB/137.96MiB | 速度 210.29KiB/s | 剩余 10:47
2026-07-29 10:17:25,467 - INFO - [SYSTEM] - [MODE:MATERIAL] - [STRATEGY:NONE] - [COOKIE:NO] - [10:17:25][策略1][YouTube] 下载进度：4.0% | 5.5MiB/137.96MiB | 速度 210.50KiB/s | 剩余 10:44
2026-07-29 10:17:27,407 - INFO - [SYSTEM] - [MODE:MATERIAL] - [STRATEGY:NONE] - [COOKIE:NO] - [10:17:27][策略1][YouTube] 下载进度：4.3% | 5.9MiB/137.96MiB | 速度 211.96KiB/s | 剩余 10:37
2026-07-29 10:17:29,284 - INFO - [SYSTEM] - [MODE:MATERIAL] - [STRATEGY:NONE] - [COOKIE:NO] - [10:17:29][策略1][YouTube] 下载进度：4.6% | 6.3MiB/137.96MiB | 速度 213.25KiB/s | 剩余 10:32
2026-07-29 10:17:31,274 - INFO - [SYSTEM] - [MODE:MATERIAL] - [STRATEGY:NONE] - [COOKIE:NO] - [10:17:31][策略1][YouTube] 下载进度：5.0% | 6.9MiB/137.96MiB | 速度 218.06KiB/s | 剩余 10:15
2026-07-29 10:17:33,311 - INFO - [SYSTEM] - [MODE:MATERIAL] - [STRATEGY:NONE] - [COOKIE:NO] - [10:17:33][策略1][YouTube] 下载进度：5.3% | 7.3MiB/137.96MiB | 速度 218.89KiB/s | 剩余 10:10
2026-07-29 10:17:35,227 - INFO - [SYSTEM] - [MODE:MATERIAL] - [STRATEGY:NONE] - [COOKIE:NO] - [10:17:35][策略1][YouTube] 下载进度：5.8% | 8.0MiB/137.96MiB | 速度 224.07KiB/s | 剩余 09:54
2026-07-29 10:17:38,491 - INFO - [SYSTEM] - [MODE:MATERIAL] - [STRATEGY:NONE] - [COOKIE:NO] - [10:17:38][策略1][YouTube] 下载进度：6.8% | 9.4MiB/137.96MiB | 速度 243.40KiB/s | 剩余 09:00
2026-07-29 10:17:40,314 - INFO - [SYSTEM] - [MODE:MATERIAL] - [STRATEGY:NONE] - [COOKIE:NO] - [10:17:40][策略1][YouTube] 下载进度：7.5% | 10.3MiB/137.96MiB | 速度 552.96KiB/s | 剩余 03:56
2026-07-29 10:17:42,038 - INFO - [SYSTEM] - [MODE:MATERIAL] - [STRATEGY:NONE] - [COOKIE:NO] - [10:17:42][策略1][YouTube] 下载进度：8.1% | 11.2MiB/137.96MiB | 速度 518.99KiB/s | 剩余 04:10
2026-07-29 10:17:44,063 - INFO - [SYSTEM] - [MODE:MATERIAL] - [STRATEGY:NONE] - [COOKIE:NO] - [10:17:44][策略1][YouTube] 下载进度：9.0% | 12.4MiB/137.96MiB | 速度 564.46KiB/s | 剩余 03:47
2026-07-29 10:17:46,018 - INFO - [SYSTEM] - [MODE:MATERIAL] - [STRATEGY:NONE] - [COOKIE:NO] - [10:17:46][策略1][YouTube] 下载进度：9.8% | 13.5MiB/137.96MiB | 速度 583.55KiB/s | 剩余 03:38
2026-07-29 10:17:48,855 - INFO - [SYSTEM] - [MODE:MATERIAL] - [STRATEGY:NONE] - [COOKIE:NO] - [10:17:48][策略1][YouTube] 下载进度：10.7% | 14.8MiB/137.96MiB | 速度 532.41KiB/s | 剩余 03:57
2026-07-29 10:17:51,976 - INFO - [SYSTEM] - [MODE:MATERIAL] - [STRATEGY:NONE] - [COOKIE:NO] - [10:17:51][策略1][YouTube] 下载进度：11.7% | 16.1MiB/137.96MiB | 速度 514.17KiB/s | 剩余 04:02
2026-07-29 10:17:53,540 - INFO - [SYSTEM] - [MODE:MATERIAL] - [STRATEGY:NONE] - [COOKIE:NO] - [10:17:53][策略1][YouTube] 下载进度：12.3% | 17.0MiB/137.96MiB | 速度 513.47KiB/s | 剩余 04:01
2026-07-29 10:17:56,195 - INFO - [SYSTEM] - [MODE:MATERIAL] - [STRATEGY:NONE] - [COOKIE:NO] - [10:17:56][策略1][YouTube] 下载进度：13.1% | 18.1MiB/137.96MiB | 速度 506.98KiB/s | 剩余 04:02
2026-07-29 10:17:58,484 - INFO - [SYSTEM] - [MODE:MATERIAL] - [STRATEGY:NONE] - [COOKIE:NO] - [10:17:58][策略1][YouTube] 下载进度：13.6% | 18.8MiB/137.96MiB | 速度 482.44KiB/s | 剩余 04:12
2026-07-29 10:18:00,891 - INFO - [SYSTEM] - [MODE:MATERIAL] - [STRATEGY:NONE] - [COOKIE:NO] - [10:18:00][策略1][YouTube] 下载进度：14.0% | 19.3MiB/137.96MiB | 速度 451.88KiB/s | 剩余 04:28
2026-07-29 10:18:02,559 - INFO - [SYSTEM] - [MODE:MATERIAL] - [STRATEGY:NONE] - [COOKIE:NO] - [10:18:02][策略1][YouTube] 下载进度：14.2% | 19.6MiB/137.96MiB | 速度 229.56KiB/s | 剩余 08:47
2026-07-29 10:18:04,412 - INFO - [SYSTEM] - [MODE:MATERIAL] - [STRATEGY:NONE] - [COOKIE:NO] - [10:18:04][策略1][YouTube] 下载进度：14.5% | 20.0MiB/137.96MiB | 速度 226.14KiB/s | 剩余 08:53
2026-07-29 10:18:06,883 - INFO - [SYSTEM] - [MODE:MATERIAL] - [STRATEGY:NONE] - [COOKIE:NO] - [10:18:06][策略1][YouTube] 下载进度：14.9% | 20.6MiB/137.96MiB | 速度 214.25KiB/s | 剩余 09:21
2026-07-29 10:18:09,009 - INFO - [SYSTEM] - [MODE:MATERIAL] - [STRATEGY:NONE] - [COOKIE:NO] - [10:18:09][策略1][YouTube] 下载进度：15.1% | 20.8MiB/137.96MiB | 速度 194.67KiB/s | 剩余 10:16
2026-07-29 10:18:10,865 - INFO - [SYSTEM] - [MODE:MATERIAL] - [STRATEGY:NONE] - [COOKIE:NO] - [10:18:10][策略1][YouTube] 下载进度：15.3% | 21.1MiB/137.96MiB | 速度 190.60KiB/s | 剩余 10:27
2026-07-29 10:18:13,330 - INFO - [SYSTEM] - [MODE:MATERIAL] - [STRATEGY:NONE] - [COOKIE:NO] - [10:18:13][策略1][YouTube] 下载进度：15.6% | 21.5MiB/137.96MiB | 速度 177.72KiB/s | 剩余 11:11
2026-07-29 10:18:15,053 - INFO - [SYSTEM] - [MODE:MATERIAL] - [STRATEGY:NONE] - [COOKIE:NO] - [10:18:15][策略1][YouTube] 下载进度：15.8% | 21.8MiB/137.96MiB | 速度 176.17KiB/s | 剩余 11:15
2026-07-29 10:18:16,923 - INFO - [SYSTEM] - [MODE:MATERIAL] - [STRATEGY:NONE] - [COOKIE:NO] - [10:18:16][策略1][YouTube] 下载进度：16.0% | 22.1MiB/137.96MiB | 速度 176.11KiB/s | 剩余 11:13
2026-07-29 10:18:19,364 - INFO - [SYSTEM] - [MODE:MATERIAL] - [STRATEGY:NONE] - [COOKIE:NO] - [10:18:19][策略1][YouTube] 下载进度：16.2% | 22.3MiB/137.96MiB | 速度 169.89KiB/s | 剩余 11:36
2026-07-29 10:18:21,262 - INFO - [SYSTEM] - [MODE:MATERIAL] - [STRATEGY:NONE] - [COOKIE:NO] - [10:18:21][策略1][YouTube] 下载进度：16.4% | 22.6MiB/137.96MiB | 速度 167.99KiB/s | 剩余 11:42
2026-07-29 10:18:22,976 - INFO - [SYSTEM] - [MODE:MATERIAL] - [STRATEGY:NONE] - [COOKIE:NO] - [10:18:22][策略1][YouTube] 下载进度：16.7% | 23.0MiB/137.96MiB | 速度 171.09KiB/s | 剩余 11:28
2026-07-29 10:18:24,525 - INFO - [SYSTEM] - [MODE:MATERIAL] - [STRATEGY:NONE] - [COOKIE:NO] - [10:18:24][策略1][YouTube] 下载进度：16.8% | 23.2MiB/137.96MiB | 速度 168.55KiB/s | 剩余 11:37
2026-07-29 10:18:26,226 - INFO - [SYSTEM] - [MODE:MATERIAL] - [STRATEGY:NONE] - [COOKIE:NO] - [10:18:26][策略1][YouTube] 下载进度：17.0% | 23.5MiB/137.96MiB | 速度 169.06KiB/s | 剩余 11:33
2026-07-29 10:18:28,443 - INFO - [SYSTEM] - [MODE:MATERIAL] - [STRATEGY:NONE] - [COOKIE:NO] - [10:18:28][策略1][YouTube] 下载进度：17.3% | 23.9MiB/137.96MiB | 速度 169.49KiB/s | 剩余 11:29
2026-07-29 10:18:30,443 - INFO - [SYSTEM] - [MODE:MATERIAL] - [STRATEGY:NONE] - [COOKIE:NO] - [10:18:30][策略1][YouTube] 下载进度：17.5% | 24.1MiB/137.96MiB | 速度 169.09KiB/s | 剩余 11:29
2026-07-29 10:18:32,384 - INFO - [SYSTEM] - [MODE:MATERIAL] - [STRATEGY:NONE] - [COOKIE:NO] - [10:18:32][策略1][YouTube] 下载进度：17.8% | 24.6MiB/137.96MiB | 速度 169.38KiB/s | 剩余 11:25
2026-07-29 10:18:34,317 - INFO - [SYSTEM] - [MODE:MATERIAL] - [STRATEGY:NONE] - [COOKIE:NO] - [10:18:34][策略1][YouTube] 下载进度：18.0% | 24.8MiB/137.96MiB | 速度 169.19KiB/s | 剩余 11:24
2026-07-29 10:18:36,143 - INFO - [SYSTEM] - [MODE:MATERIAL] - [STRATEGY:NONE] - [COOKIE:NO] - [10:18:36][策略1][YouTube] 下载进度：18.3% | 25.2MiB/137.96MiB | 速度 171.34KiB/s | 剩余 11:13
2026-07-29 10:18:38,157 - INFO - [SYSTEM] - [MODE:MATERIAL] - [STRATEGY:NONE] - [COOKIE:NO] - [10:18:38][策略1][YouTube] 下载进度：18.5% | 25.5MiB/137.96MiB | 速度 172.93KiB/s | 剩余 11:05
2026-07-29 10:18:40,361 - INFO - [SYSTEM] - [MODE:MATERIAL] - [STRATEGY:NONE] - [COOKIE:NO] - [10:18:40][策略1][YouTube] 下载进度：18.9% | 26.1MiB/137.96MiB | 速度 174.45KiB/s | 剩余 10:57
2026-07-29 10:18:41,928 - INFO - [SYSTEM] - [MODE:MATERIAL] - [STRATEGY:NONE] - [COOKIE:NO] - [10:18:41][策略1][YouTube] 下载进度：19.2% | 26.5MiB/137.96MiB | 速度 179.96KiB/s | 剩余 10:34
2026-07-29 10:18:44,360 - INFO - [SYSTEM] - [MODE:MATERIAL] - [STRATEGY:NONE] - [COOKIE:NO] - [10:18:44][策略1][YouTube] 下载进度：19.6% | 27.0MiB/137.96MiB | 速度 182.46KiB/s | 剩余 10:22
2026-07-29 10:18:46,100 - INFO - [SYSTEM] - [MODE:MATERIAL] - [STRATEGY:NONE] - [COOKIE:NO] - [10:18:46][策略1][YouTube] 下载进度：20.0% | 27.6MiB/137.96MiB | 速度 187.38KiB/s | 剩余 10:03
2026-07-29 10:18:48,464 - INFO - [SYSTEM] - [MODE:MATERIAL] - [STRATEGY:NONE] - [COOKIE:NO] - [10:18:48][策略1][YouTube] 下载进度：20.4% | 28.1MiB/137.96MiB | 速度 189.15KiB/s | 剩余 09:54
2026-07-29 10:18:50,659 - INFO - [SYSTEM] - [MODE:MATERIAL] - [STRATEGY:NONE] - [COOKIE:NO] - [10:18:50][策略1][YouTube] 下载进度：20.6% | 28.4MiB/137.96MiB | 速度 188.98KiB/s | 剩余 09:53
2026-07-29 10:18:52,821 - INFO - [SYSTEM] - [MODE:MATERIAL] - [STRATEGY:NONE] - [COOKIE:NO] - [10:18:52][策略1][YouTube] 下载进度：20.9% | 28.8MiB/137.96MiB | 速度 188.83KiB/s | 剩余 09:51
2026-07-29 10:18:54,787 - INFO - [SYSTEM] - [MODE:MATERIAL] - [STRATEGY:NONE] - [COOKIE:NO] - [10:18:54][策略1][YouTube] 下载进度：21.2% | 29.2MiB/137.96MiB | 速度 188.15KiB/s | 剩余 09:51
2026-07-29 10:18:56,567 - INFO - [SYSTEM] - [MODE:MATERIAL] - [STRATEGY:NONE] - [COOKIE:NO] - [10:18:56][策略1][YouTube] 下载进度：21.4% | 29.5MiB/137.96MiB | 速度 156.71KiB/s | 剩余 11:48
2026-07-29 10:18:58,367 - INFO - [SYSTEM] - [MODE:MATERIAL] - [STRATEGY:NONE] - [COOKIE:NO] - [10:18:58][策略1][YouTube] 下载进度：21.6% | 29.8MiB/137.96MiB | 速度 158.92KiB/s | 剩余 11:37
2026-07-29 10:19:00,117 - INFO - [SYSTEM] - [MODE:MATERIAL] - [STRATEGY:NONE] - [COOKIE:NO] - [10:19:00][策略1][YouTube] 下载进度：21.8% | 30.1MiB/137.96MiB | 速度 179.18KiB/s | 剩余 10:16
2026-07-29 10:19:02,705 - INFO - [SYSTEM] - [MODE:MATERIAL] - [STRATEGY:NONE] - [COOKIE:NO] - [10:19:02][策略1][YouTube] 下载进度：22.1% | 30.5MiB/137.96MiB | 速度 166.99KiB/s | 剩余 10:59
2026-07-29 10:19:05,313 - INFO - [SYSTEM] - [MODE:MATERIAL] - [STRATEGY:NONE] - [COOKIE:NO] - [10:19:05][策略1][YouTube] 下载进度：22.5% | 31.0MiB/137.96MiB | 速度 177.17KiB/s | 剩余 10:18
2026-07-29 10:19:07,513 - INFO - [SYSTEM] - [MODE:MATERIAL] - [STRATEGY:NONE] - [COOKIE:NO] - [10:19:07][策略1][YouTube] 下载进度：22.7% | 31.3MiB/137.96MiB | 速度 175.94KiB/s | 剩余 10:20
2026-07-29 10:19:09,482 - INFO - [SYSTEM] - [MODE:MATERIAL] - [STRATEGY:NONE] - [COOKIE:NO] - [10:19:09][策略1][YouTube] 下载进度：23.0% | 31.7MiB/137.96MiB | 速度 174.50KiB/s | 剩余 10:23
2026-07-29 10:19:11,491 - INFO - [SYSTEM] - [MODE:MATERIAL] - [STRATEGY:NONE] - [COOKIE:NO] - [10:19:11][策略1][YouTube] 下载进度：23.3% | 32.1MiB/137.96MiB | 速度 177.38KiB/s | 剩余 10:11
2026-07-29 10:19:13,343 - INFO - [SYSTEM] - [MODE:MATERIAL] - [STRATEGY:NONE] - [COOKIE:NO] - [10:19:13][策略1][YouTube] 下载进度：23.5% | 32.4MiB/137.96MiB | 速度 179.27KiB/s | 剩余 10:02
2026-07-29 10:19:15,508 - INFO - [SYSTEM] - [MODE:MATERIAL] - [STRATEGY:NONE] - [COOKIE:NO] - [10:19:15][策略1][YouTube] 下载进度：23.8% | 32.8MiB/137.96MiB | 速度 180.98KiB/s | 剩余 09:54
2026-07-29 10:19:17,604 - INFO - [SYSTEM] - [MODE:MATERIAL] - [STRATEGY:NONE] - [COOKIE:NO] - [10:19:17][策略1][YouTube] 下载进度：24.1% | 33.2MiB/137.96MiB | 速度 182.32KiB/s | 剩余 09:48
2026-07-29 10:19:19,163 - INFO - [SYSTEM] - [MODE:MATERIAL] - [STRATEGY:NONE] - [COOKIE:NO] - [10:19:19][策略1][YouTube] 下载进度：24.4% | 33.7MiB/137.96MiB | 速度 186.81KiB/s | 剩余 09:31
2026-07-29 10:19:21,209 - INFO - [SYSTEM] - [MODE:MATERIAL] - [STRATEGY:NONE] - [COOKIE:NO] - [10:19:21][策略1][YouTube] 下载进度：24.8% | 34.2MiB/137.96MiB | 速度 195.21KiB/s | 剩余 09:04
2026-07-29 10:19:23,096 - INFO - [SYSTEM] - [MODE:MATERIAL] - [STRATEGY:NONE] - [COOKIE:NO] - [10:19:23][策略1][YouTube] 下载进度：25.2% | 34.8MiB/137.96MiB | 速度 203.52KiB/s | 剩余 08:39
2026-07-29 10:19:25,044 - INFO - [SYSTEM] - [MODE:MATERIAL] - [STRATEGY:NONE] - [COOKIE:NO] - [10:19:25][策略1][YouTube] 下载进度：25.7% | 35.5MiB/137.96MiB | 速度 211.50KiB/s | 剩余 08:16
2026-07-29 10:19:27,097 - INFO - [SYSTEM] - [MODE:MATERIAL] - [STRATEGY:NONE] - [COOKIE:NO] - [10:19:27][策略1][YouTube] 下载进度：26.1% | 36.0MiB/137.96MiB | 速度 218.32KiB/s | 剩余 07:58
2026-07-29 10:19:29,154 - INFO - [SYSTEM] - [MODE:MATERIAL] - [STRATEGY:NONE] - [COOKIE:NO] - [10:19:29][策略1][YouTube] 下载进度：26.6% | 36.7MiB/137.96MiB | 速度 224.28KiB/s | 剩余 07:42
2026-07-29 10:19:31,120 - INFO - [SYSTEM] - [MODE:MATERIAL] - [STRATEGY:NONE] - [COOKIE:NO] - [10:19:31][策略1][YouTube] 下载进度：27.0% | 37.2MiB/137.96MiB | 速度 229.24KiB/s | 剩余 07:29
2026-07-29 10:19:33,153 - INFO - [SYSTEM] - [MODE:MATERIAL] - [STRATEGY:NONE] - [COOKIE:NO] - [10:19:33][策略1][YouTube] 下载进度：27.4% | 37.8MiB/137.96MiB | 速度 231.97KiB/s | 剩余 07:22
2026-07-29 10:19:35,134 - INFO - [SYSTEM] - [MODE:MATERIAL] - [STRATEGY:NONE] - [COOKIE:NO] - [10:19:35][策略1][YouTube] 下载进度：27.8% | 38.4MiB/137.96MiB | 速度 235.73KiB/s | 剩余 07:12
2026-07-29 10:19:37,168 - INFO - [SYSTEM] - [MODE:MATERIAL] - [STRATEGY:NONE] - [COOKIE:NO] - [10:19:37][策略1][YouTube] 下载进度：28.3% | 39.0MiB/137.96MiB | 速度 239.34KiB/s | 剩余 07:03
2026-07-29 10:19:39,253 - INFO - [SYSTEM] - [MODE:MATERIAL] - [STRATEGY:NONE] - [COOKIE:NO] - [10:19:39][策略1][YouTube] 下载进度：28.7% | 39.6MiB/137.96MiB | 速度 319.54KiB/s | 剩余 05:15
2026-07-29 10:19:41,303 - INFO - [SYSTEM] - [MODE:MATERIAL] - [STRATEGY:NONE] - [COOKIE:NO] - [10:19:41][策略1][YouTube] 下载进度：29.2% | 40.3MiB/137.96MiB | 速度 315.57KiB/s | 剩余 05:16
2026-07-29 10:19:43,253 - INFO - [SYSTEM] - [MODE:MATERIAL] - [STRATEGY:NONE] - [COOKIE:NO] - [10:19:43][策略1][YouTube] 下载进度：29.6% | 40.8MiB/137.96MiB | 速度 317.41KiB/s | 剩余 05:13
2026-07-29 10:19:45,265 - INFO - [SYSTEM] - [MODE:MATERIAL] - [STRATEGY:NONE] - [COOKIE:NO] - [10:19:45][策略1][YouTube] 下载进度：30.1% | 41.5MiB/137.96MiB | 速度 317.86KiB/s | 剩余 05:10
2026-07-29 10:19:47,254 - INFO - [SYSTEM] - [MODE:MATERIAL] - [STRATEGY:NONE] - [COOKIE:NO] - [10:19:47][策略1][YouTube] 下载进度：30.5% | 42.1MiB/137.96MiB | 速度 318.38KiB/s | 剩余 05:08
2026-07-29 10:19:49,254 - INFO - [SYSTEM] - [MODE:MATERIAL] - [STRATEGY:NONE] - [COOKIE:NO] - [10:19:49][策略1][YouTube] 下载进度：31.0% | 42.8MiB/137.96MiB | 速度 318.80KiB/s | 剩余 05:05
2026-07-29 10:19:51,744 - INFO - [SYSTEM] - [MODE:MATERIAL] - [STRATEGY:NONE] - [COOKIE:NO] - [10:19:51][策略1][YouTube] 下载进度：32.1% | 44.3MiB/137.96MiB | 速度 374.20KiB/s | 剩余 04:16
2026-07-29 10:19:53,720 - INFO - [SYSTEM] - [MODE:MATERIAL] - [STRATEGY:NONE] - [COOKIE:NO] - [10:19:53][策略1][YouTube] 下载进度：33.0% | 45.5MiB/137.96MiB | 速度 406.66KiB/s | 剩余 03:52
2026-07-29 10:19:55,762 - INFO - [SYSTEM] - [MODE:MATERIAL] - [STRATEGY:NONE] - [COOKIE:NO] - [10:19:55][策略1][YouTube] 下载进度：33.8% | 46.6MiB/137.96MiB | 速度 426.41KiB/s | 剩余 03:39
2026-07-29 10:19:57,765 - INFO - [SYSTEM] - [MODE:MATERIAL] - [STRATEGY:NONE] - [COOKIE:NO] - [10:19:57][策略1][YouTube] 下载进度：34.7% | 47.9MiB/137.96MiB | 速度 447.28KiB/s | 剩余 03:26
2026-07-29 10:19:59,391 - INFO - [SYSTEM] - [MODE:MATERIAL] - [STRATEGY:NONE] - [COOKIE:NO] - [10:19:59][策略1][YouTube] 下载进度：35.5% | 49.0MiB/137.96MiB | 速度 462.41KiB/s | 剩余 03:17
2026-07-29 10:20:01,046 - INFO - [SYSTEM] - [MODE:MATERIAL] - [STRATEGY:NONE] - [COOKIE:NO] - [10:20:01][策略1][YouTube] 下载进度：36.2% | 49.9MiB/137.96MiB | 速度 649.90KiB/s | 剩余 02:18
2026-07-29 10:20:03,005 - INFO - [SYSTEM] - [MODE:MATERIAL] - [STRATEGY:NONE] - [COOKIE:NO] - [10:20:03][策略1][YouTube] 下载进度：37.1% | 51.2MiB/137.96MiB | 速度 640.72KiB/s | 剩余 02:18
2026-07-29 10:20:05,018 - INFO - [SYSTEM] - [MODE:MATERIAL] - [STRATEGY:NONE] - [COOKIE:NO] - [10:20:05][策略1][YouTube] 下载进度：38.0% | 52.4MiB/137.96MiB | 速度 638.41KiB/s | 剩余 02:17
2026-07-29 10:20:07,706 - INFO - [SYSTEM] - [MODE:MATERIAL] - [STRATEGY:NONE] - [COOKIE:NO] - [10:20:07][策略1][YouTube] 下载进度：38.9% | 53.7MiB/137.96MiB | 速度 579.12KiB/s | 剩余 02:29
2026-07-29 10:20:09,856 - INFO - [SYSTEM] - [MODE:MATERIAL] - [STRATEGY:NONE] - [COOKIE:NO] - [10:20:09][策略1][YouTube] 下载进度：39.4% | 54.4MiB/137.96MiB | 速度 525.33KiB/s | 剩余 02:43
2026-07-29 10:20:11,874 - INFO - [SYSTEM] - [MODE:MATERIAL] - [STRATEGY:NONE] - [COOKIE:NO] - [10:20:11][策略1][YouTube] 下载进度：39.8% | 54.9MiB/137.96MiB | 速度 491.07KiB/s | 剩余 02:53
2026-07-29 10:20:13,874 - INFO - [SYSTEM] - [MODE:MATERIAL] - [STRATEGY:NONE] - [COOKIE:NO] - [10:20:13][策略1][YouTube] 下载进度：40.3% | 55.6MiB/137.96MiB | 速度 467.55KiB/s | 剩余 03:00
2026-07-29 10:20:15,943 - INFO - [SYSTEM] - [MODE:MATERIAL] - [STRATEGY:NONE] - [COOKIE:NO] - [10:20:15][策略1][YouTube] 下载进度：40.7% | 56.1MiB/137.96MiB | 速度 444.53KiB/s | 剩余 03:08
2026-07-29 10:20:18,344 - INFO - [SYSTEM] - [MODE:MATERIAL] - [STRATEGY:NONE] - [COOKIE:NO] - [10:20:18][策略1][YouTube] 下载进度：41.1% | 56.7MiB/137.96MiB | 速度 416.41KiB/s | 剩余 03:19
2026-07-29 10:20:20,320 - INFO - [SYSTEM] - [MODE:MATERIAL] - [STRATEGY:NONE] - [COOKIE:NO] - [10:20:20][策略1][YouTube] 下载进度：41.4% | 57.1MiB/137.96MiB | 速度 396.89KiB/s | 剩余 03:28
2026-07-29 10:20:22,379 - INFO - [SYSTEM] - [MODE:MATERIAL] - [STRATEGY:NONE] - [COOKIE:NO] - [10:20:22][策略1][YouTube] 下载进度：41.6% | 57.4MiB/137.96MiB | 速度 379.09KiB/s | 剩余 03:37
2026-07-29 10:20:24,208 - INFO - [SYSTEM] - [MODE:MATERIAL] - [STRATEGY:NONE] - [COOKIE:NO] - [10:20:24][策略1][YouTube] 下载进度：41.9% | 57.8MiB/137.96MiB | 速度 366.27KiB/s | 剩余 03:44
2026-07-29 10:20:26,392 - INFO - [SYSTEM] - [MODE:MATERIAL] - [STRATEGY:NONE] - [COOKIE:NO] - [10:20:26][策略1][YouTube] 下载进度：42.2% | 58.2MiB/137.96MiB | 速度 353.85KiB/s | 剩余 03:50
2026-07-29 10:20:28,355 - INFO - [SYSTEM] - [MODE:MATERIAL] - [STRATEGY:NONE] - [COOKIE:NO] - [10:20:28][策略1][YouTube] 下载进度：42.5% | 58.6MiB/137.96MiB | 速度 344.34KiB/s | 剩余 03:55
2026-07-29 10:20:29,943 - INFO - [SYSTEM] - [MODE:MATERIAL] - [STRATEGY:NONE] - [COOKIE:NO] - [10:20:29][策略1][YouTube] 下载进度：42.7% | 58.9MiB/137.96MiB | 速度 208.81KiB/s | 剩余 06:27
2026-07-29 10:20:31,660 - INFO - [SYSTEM] - [MODE:MATERIAL] - [STRATEGY:NONE] - [COOKIE:NO] - [10:20:31][策略1][YouTube] 下载进度：43.0% | 59.3MiB/137.96MiB | 速度 215.47KiB/s | 剩余 06:13
2026-07-29 10:20:33,612 - INFO - [SYSTEM] - [MODE:MATERIAL] - [STRATEGY:NONE] - [COOKIE:NO] - [10:20:33][策略1][YouTube] 下载进度：43.3% | 59.7MiB/137.96MiB | 速度 214.47KiB/s | 剩余 06:13
2026-07-29 10:20:35,592 - INFO - [SYSTEM] - [MODE:MATERIAL] - [STRATEGY:NONE] - [COOKIE:NO] - [10:20:35][策略1][YouTube] 下载进度：43.6% | 60.2MiB/137.96MiB | 速度 215.43KiB/s | 剩余 06:09
2026-07-29 10:20:37,554 - INFO - [SYSTEM] - [MODE:MATERIAL] - [STRATEGY:NONE] - [COOKIE:NO] - [10:20:37][策略1][YouTube] 下载进度：43.9% | 60.6MiB/137.96MiB | 速度 216.22KiB/s | 剩余 06:06
2026-07-29 10:20:39,254 - INFO - [SYSTEM] - [MODE:MATERIAL] - [STRATEGY:NONE] - [COOKIE:NO] - [10:20:39][策略1][YouTube] 下载进度：44.3% | 61.1MiB/137.96MiB | 速度 233.26KiB/s | 剩余 05:37
2026-07-29 10:20:41,462 - INFO - [SYSTEM] - [MODE:MATERIAL] - [STRATEGY:NONE] - [COOKIE:NO] - [10:20:41][策略1][YouTube] 下载进度：44.8% | 61.8MiB/137.96MiB | 速度 243.81KiB/s | 剩余 05:20
2026-07-29 10:20:43,263 - INFO - [SYSTEM] - [MODE:MATERIAL] - [STRATEGY:NONE] - [COOKIE:NO] - [10:20:43][策略1][YouTube] 下载进度：45.2% | 62.4MiB/137.96MiB | 速度 253.84KiB/s | 剩余 05:05
2026-07-29 10:20:45,261 - INFO - [SYSTEM] - [MODE:MATERIAL] - [STRATEGY:NONE] - [COOKIE:NO] - [10:20:45][策略1][YouTube] 下载进度：45.6% | 62.9MiB/137.96MiB | 速度 262.46KiB/s | 剩余 04:52
2026-07-29 10:20:47,311 - INFO - [SYSTEM] - [MODE:MATERIAL] - [STRATEGY:NONE] - [COOKIE:NO] - [10:20:47][策略1][YouTube] 下载进度：46.1% | 63.6MiB/137.96MiB | 速度 268.52KiB/s | 剩余 04:43
2026-07-29 10:20:49,261 - INFO - [SYSTEM] - [MODE:MATERIAL] - [STRATEGY:NONE] - [COOKIE:NO] - [10:20:49][策略1][YouTube] 下载进度：46.5% | 64.2MiB/137.96MiB | 速度 273.86KiB/s | 剩余 04:35
2026-07-29 10:20:51,311 - INFO - [SYSTEM] - [MODE:MATERIAL] - [STRATEGY:NONE] - [COOKIE:NO] - [10:20:51][策略1][YouTube] 下载进度：47.0% | 64.8MiB/137.96MiB | 速度 277.80KiB/s | 剩余 04:29
2026-07-29 10:20:53,261 - INFO - [SYSTEM] - [MODE:MATERIAL] - [STRATEGY:NONE] - [COOKIE:NO] - [10:20:53][策略1][YouTube] 下载进度：47.4% | 65.4MiB/137.96MiB | 速度 281.61KiB/s | 剩余 04:23
2026-07-29 10:20:55,328 - INFO - [SYSTEM] - [MODE:MATERIAL] - [STRATEGY:NONE] - [COOKIE:NO] - [10:20:55][策略1][YouTube] 下载进度：47.9% | 66.1MiB/137.96MiB | 速度 284.23KiB/s | 剩余 04:19
2026-07-29 10:20:57,330 - INFO - [SYSTEM] - [MODE:MATERIAL] - [STRATEGY:NONE] - [COOKIE:NO] - [10:20:57][策略1][YouTube] 下载进度：48.3% | 66.6MiB/137.96MiB | 速度 286.90KiB/s | 剩余 04:14
2026-07-29 10:20:59,285 - INFO - [SYSTEM] - [MODE:MATERIAL] - [STRATEGY:NONE] - [COOKIE:NO] - [10:20:59][策略1][YouTube] 下载进度：48.8% | 67.3MiB/137.96MiB | 速度 289.05KiB/s | 剩余 04:10
2026-07-29 10:21:01,288 - INFO - [SYSTEM] - [MODE:MATERIAL] - [STRATEGY:NONE] - [COOKIE:NO] - [10:21:01][策略1][YouTube] 下载进度：49.2% | 67.9MiB/137.96MiB | 速度 290.49KiB/s | 剩余 04:06
2026-07-29 10:21:03,430 - INFO - [SYSTEM] - [MODE:MATERIAL] - [STRATEGY:NONE] - [COOKIE:NO] - [10:21:03][策略1][YouTube] 下载进度：49.6% | 68.4MiB/137.96MiB | 速度 289.33KiB/s | 剩余 04:05
2026-07-29 10:21:05,607 - INFO - [SYSTEM] - [MODE:MATERIAL] - [STRATEGY:NONE] - [COOKIE:NO] - [10:21:05][策略1][YouTube] 下载进度：50.1% | 69.1MiB/137.96MiB | 速度 319.61KiB/s | 剩余 03:40
2026-07-29 10:21:07,609 - INFO - [SYSTEM] - [MODE:MATERIAL] - [STRATEGY:NONE] - [COOKIE:NO] - [10:21:07][策略1][YouTube] 下载进度：50.6% | 69.8MiB/137.96MiB | 速度 319.71KiB/s | 剩余 03:38
2026-07-29 10:21:09,608 - INFO - [SYSTEM] - [MODE:MATERIAL] - [STRATEGY:NONE] - [COOKIE:NO] - [10:21:09][策略1][YouTube] 下载进度：51.0% | 70.4MiB/137.96MiB | 速度 319.68KiB/s | 剩余 03:36
2026-07-29 10:21:11,615 - INFO - [SYSTEM] - [MODE:MATERIAL] - [STRATEGY:NONE] - [COOKIE:NO] - [10:21:11][策略1][YouTube] 下载进度：51.5% | 71.0MiB/137.96MiB | 速度 319.41KiB/s | 剩余 03:34
2026-07-29 10:21:13,725 - INFO - [SYSTEM] - [MODE:MATERIAL] - [STRATEGY:NONE] - [COOKIE:NO] - [10:21:13][策略1][YouTube] 下载进度：51.9% | 71.6MiB/137.96MiB | 速度 315.40KiB/s | 剩余 03:35
2026-07-29 10:21:15,800 - INFO - [SYSTEM] - [MODE:MATERIAL] - [STRATEGY:NONE] - [COOKIE:NO] - [10:21:15][策略1][YouTube] 下载进度：52.3% | 72.2MiB/137.96MiB | 速度 300.62KiB/s | 剩余 03:44
2026-07-29 10:21:17,828 - INFO - [SYSTEM] - [MODE:MATERIAL] - [STRATEGY:NONE] - [COOKIE:NO] - [10:21:17][策略1][YouTube] 下载进度：52.7% | 72.7MiB/137.96MiB | 速度 302.84KiB/s | 剩余 03:40
2026-07-29 10:21:19,785 - INFO - [SYSTEM] - [MODE:MATERIAL] - [STRATEGY:NONE] - [COOKIE:NO] - [10:21:19][策略1][YouTube] 下载进度：53.2% | 73.4MiB/137.96MiB | 速度 304.98KiB/s | 剩余 03:36
2026-07-29 10:21:21,974 - INFO - [SYSTEM] - [MODE:MATERIAL] - [STRATEGY:NONE] - [COOKIE:NO] - [10:21:21][策略1][YouTube] 下载进度：53.6% | 73.9MiB/137.96MiB | 速度 299.14KiB/s | 剩余 03:39
2026-07-29 10:21:23,877 - INFO - [SYSTEM] - [MODE:MATERIAL] - [STRATEGY:NONE] - [COOKIE:NO] - [10:21:23][策略1][YouTube] 下载进度：54.0% | 74.5MiB/137.96MiB | 速度 301.07KiB/s | 剩余 03:35
2026-07-29 10:21:25,874 - INFO - [SYSTEM] - [MODE:MATERIAL] - [STRATEGY:NONE] - [COOKIE:NO] - [10:21:25][策略1][YouTube] 下载进度：54.4% | 75.1MiB/137.96MiB | 速度 302.80KiB/s | 剩余 03:32
2026-07-29 10:21:28,076 - INFO - [SYSTEM] - [MODE:MATERIAL] - [STRATEGY:NONE] - [COOKIE:NO] - [10:21:28][策略1][YouTube] 下载进度：54.9% | 75.7MiB/137.96MiB | 速度 301.74KiB/s | 剩余 03:31
2026-07-29 10:21:29,926 - INFO - [SYSTEM] - [MODE:MATERIAL] - [STRATEGY:NONE] - [COOKIE:NO] - [10:21:29][策略1][YouTube] 下载进度：55.3% | 76.3MiB/137.96MiB | 速度 303.03KiB/s | 剩余 03:28
2026-07-29 10:21:31,937 - INFO - [SYSTEM] - [MODE:MATERIAL] - [STRATEGY:NONE] - [COOKIE:NO] - [10:21:31][策略1][YouTube] 下载进度：55.8% | 77.0MiB/137.96MiB | 速度 304.00KiB/s | 剩余 03:25
2026-07-29 10:21:33,936 - INFO - [SYSTEM] - [MODE:MATERIAL] - [STRATEGY:NONE] - [COOKIE:NO] - [10:21:33][策略1][YouTube] 下载进度：56.2% | 77.5MiB/137.96MiB | 速度 304.84KiB/s | 剩余 03:22
2026-07-29 10:21:36,029 - INFO - [SYSTEM] - [MODE:MATERIAL] - [STRATEGY:NONE] - [COOKIE:NO] - [10:21:36][策略1][YouTube] 下载进度：56.7% | 78.2MiB/137.96MiB | 速度 304.94KiB/s | 剩余 03:20
2026-07-29 10:21:37,688 - INFO - [SYSTEM] - [MODE:MATERIAL] - [STRATEGY:NONE] - [COOKIE:NO] - [10:21:37][策略1][YouTube] 下载进度：57.4% | 79.2MiB/137.96MiB | 速度 649.16KiB/s | 剩余 01:32
2026-07-29 10:21:39,827 - INFO - [SYSTEM] - [MODE:MATERIAL] - [STRATEGY:NONE] - [COOKIE:NO] - [10:21:39][策略1][YouTube] 下载进度：58.3% | 80.4MiB/137.96MiB | 速度 616.20KiB/s | 剩余 01:35
2026-07-29 10:21:41,706 - INFO - [SYSTEM] - [MODE:MATERIAL] - [STRATEGY:NONE] - [COOKIE:NO] - [10:21:41][策略1][YouTube] 下载进度：59.1% | 81.5MiB/137.96MiB | 速度 621.70KiB/s | 剩余 01:32
2026-07-29 10:21:43,679 - INFO - [SYSTEM] - [MODE:MATERIAL] - [STRATEGY:NONE] - [COOKIE:NO] - [10:21:43][策略1][YouTube] 下载进度：60.0% | 82.8MiB/137.96MiB | 速度 626.73KiB/s | 剩余 01:30
2026-07-29 10:21:45,679 - INFO - [SYSTEM] - [MODE:MATERIAL] - [STRATEGY:NONE] - [COOKIE:NO] - [10:21:45][策略1][YouTube] 下载进度：60.9% | 84.0MiB/137.96MiB | 速度 629.87KiB/s | 剩余 01:27
2026-07-29 10:21:47,740 - INFO - [SYSTEM] - [MODE:MATERIAL] - [STRATEGY:NONE] - [COOKIE:NO] - [10:21:47][策略1][YouTube] 下载进度：61.8% | 85.3MiB/137.96MiB | 速度 627.27KiB/s | 剩余 01:25
2026-07-29 10:21:49,706 - INFO - [SYSTEM] - [MODE:MATERIAL] - [STRATEGY:NONE] - [COOKIE:NO] - [10:21:49][策略1][YouTube] 下载进度：62.7% | 86.5MiB/137.96MiB | 速度 627.38KiB/s | 剩余 01:23
2026-07-29 10:21:51,723 - INFO - [SYSTEM] - [MODE:MATERIAL] - [STRATEGY:NONE] - [COOKIE:NO] - [10:21:51][策略1][YouTube] 下载进度：63.6% | 87.7MiB/137.96MiB | 速度 625.28KiB/s | 剩余 01:22
2026-07-29 10:21:53,404 - INFO - [SYSTEM] - [MODE:MATERIAL] - [STRATEGY:NONE] - [COOKIE:NO] - [10:21:53][策略1][YouTube] 下载进度：64.3% | 88.7MiB/137.96MiB | 速度 652.38KiB/s | 剩余 01:17
2026-07-29 10:21:55,304 - INFO - [SYSTEM] - [MODE:MATERIAL] - [STRATEGY:NONE] - [COOKIE:NO] - [10:21:55][策略1][YouTube] 下载进度：64.8% | 89.4MiB/137.96MiB | 速度 475.02KiB/s | 剩余 01:44
2026-07-29 10:21:57,303 - INFO - [SYSTEM] - [MODE:MATERIAL] - [STRATEGY:NONE] - [COOKIE:NO] - [10:21:57][策略1][YouTube] 下载进度：65.2% | 89.9MiB/137.96MiB | 速度 418.82KiB/s | 剩余 01:57
2026-07-29 10:21:59,352 - INFO - [SYSTEM] - [MODE:MATERIAL] - [STRATEGY:NONE] - [COOKIE:NO] - [10:21:59][策略1][YouTube] 下载进度：65.7% | 90.6MiB/137.96MiB | 速度 390.33KiB/s | 剩余 02:04
2026-07-29 10:22:01,357 - INFO - [SYSTEM] - [MODE:MATERIAL] - [STRATEGY:NONE] - [COOKIE:NO] - [10:22:01][策略1][YouTube] 下载进度：66.1% | 91.2MiB/137.96MiB | 速度 375.90KiB/s | 剩余 02:07
2026-07-29 10:22:03,309 - INFO - [SYSTEM] - [MODE:MATERIAL] - [STRATEGY:NONE] - [COOKIE:NO] - [10:22:03][策略1][YouTube] 下载进度：66.6% | 91.9MiB/137.96MiB | 速度 366.64KiB/s | 剩余 02:08
2026-07-29 10:22:05,357 - INFO - [SYSTEM] - [MODE:MATERIAL] - [STRATEGY:NONE] - [COOKIE:NO] - [10:22:05][策略1][YouTube] 下载进度：67.0% | 92.4MiB/137.96MiB | 速度 355.01KiB/s | 剩余 02:11
2026-07-29 10:22:07,357 - INFO - [SYSTEM] - [MODE:MATERIAL] - [STRATEGY:NONE] - [COOKIE:NO] - [10:22:07][策略1][YouTube] 下载进度：67.5% | 93.1MiB/137.96MiB | 速度 350.71KiB/s | 剩余 02:11
2026-07-29 10:22:09,408 - INFO - [SYSTEM] - [MODE:MATERIAL] - [STRATEGY:NONE] - [COOKIE:NO] - [10:22:09][策略1][YouTube] 下载进度：67.9% | 93.7MiB/137.96MiB | 速度 346.55KiB/s | 剩余 02:10
2026-07-29 10:22:11,357 - INFO - [SYSTEM] - [MODE:MATERIAL] - [STRATEGY:NONE] - [COOKIE:NO] - [10:22:11][策略1][YouTube] 下载进度：68.4% | 94.4MiB/137.96MiB | 速度 344.22KiB/s | 剩余 02:09
2026-07-29 10:22:13,408 - INFO - [SYSTEM] - [MODE:MATERIAL] - [STRATEGY:NONE] - [COOKIE:NO] - [10:22:13][策略1][YouTube] 下载进度：68.8% | 94.9MiB/137.96MiB | 速度 341.50KiB/s | 剩余 02:09
2026-07-29 10:22:15,418 - INFO - [SYSTEM] - [MODE:MATERIAL] - [STRATEGY:NONE] - [COOKIE:NO] - [10:22:15][策略1][YouTube] 下载进度：69.3% | 95.6MiB/137.96MiB | 速度 339.89KiB/s | 剩余 02:07
2026-07-29 10:22:17,398 - INFO - [SYSTEM] - [MODE:MATERIAL] - [STRATEGY:NONE] - [COOKIE:NO] - [10:22:17][策略1][YouTube] 下载进度：69.7% | 96.2MiB/137.96MiB | 速度 337.93KiB/s | 剩余 02:06
2026-07-29 10:22:19,402 - INFO - [SYSTEM] - [MODE:MATERIAL] - [STRATEGY:NONE] - [COOKIE:NO] - [10:22:19][策略1][YouTube] 下载进度：70.2% | 96.8MiB/137.96MiB | 速度 335.99KiB/s | 剩余 02:05
2026-07-29 10:22:21,503 - INFO - [SYSTEM] - [MODE:MATERIAL] - [STRATEGY:NONE] - [COOKIE:NO] - [10:22:21][策略1][YouTube] 下载进度：70.6% | 97.4MiB/137.96MiB | 速度 333.64KiB/s | 剩余 02:04
2026-07-29 10:22:23,069 - INFO - [SYSTEM] - [MODE:MATERIAL] - [STRATEGY:NONE] - [COOKIE:NO] - [10:22:23][策略1][YouTube] 下载进度：70.9% | 97.8MiB/137.96MiB | 速度 195.38KiB/s | 剩余 03:30
2026-07-29 10:22:25,268 - INFO - [SYSTEM] - [MODE:MATERIAL] - [STRATEGY:NONE] - [COOKIE:NO] - [10:22:25][策略1][YouTube] 下载进度：71.4% | 98.5MiB/137.96MiB | 速度 291.70KiB/s | 剩余 02:18
2026-07-29 10:22:27,268 - INFO - [SYSTEM] - [MODE:MATERIAL] - [STRATEGY:NONE] - [COOKIE:NO] - [10:22:27][策略1][YouTube] 下载进度：71.8% | 99.1MiB/137.96MiB | 速度 303.44KiB/s | 剩余 02:11
2026-07-29 10:22:29,270 - INFO - [SYSTEM] - [MODE:MATERIAL] - [STRATEGY:NONE] - [COOKIE:NO] - [10:22:29][策略1][YouTube] 下载进度：72.3% | 99.7MiB/137.96MiB | 速度 308.22KiB/s | 剩余 02:06
2026-07-29 10:22:31,278 - INFO - [SYSTEM] - [MODE:MATERIAL] - [STRATEGY:NONE] - [COOKIE:NO] - [10:22:31][策略1][YouTube] 下载进度：72.7% | 100.3MiB/137.96MiB | 速度 310.50KiB/s | 剩余 02:04
2026-07-29 10:22:33,236 - INFO - [SYSTEM] - [MODE:MATERIAL] - [STRATEGY:NONE] - [COOKIE:NO] - [10:22:33][策略1][YouTube] 下载进度：73.2% | 101.0MiB/137.96MiB | 速度 312.72KiB/s | 剩余 02:01
2026-07-29 10:22:35,287 - INFO - [SYSTEM] - [MODE:MATERIAL] - [STRATEGY:NONE] - [COOKIE:NO] - [10:22:35][策略1][YouTube] 下载进度：73.7% | 101.7MiB/137.96MiB | 速度 313.14KiB/s | 剩余 01:58
2026-07-29 10:22:37,333 - INFO - [SYSTEM] - [MODE:MATERIAL] - [STRATEGY:NONE] - [COOKIE:NO] - [10:22:37][策略1][YouTube] 下载进度：74.1% | 102.2MiB/137.96MiB | 速度 308.93KiB/s | 剩余 01:58
2026-07-29 10:22:39,293 - INFO - [SYSTEM] - [MODE:MATERIAL] - [STRATEGY:NONE] - [COOKIE:NO] - [10:22:39][策略1][YouTube] 下载进度：74.5% | 102.8MiB/137.96MiB | 速度 310.64KiB/s | 剩余 01:55
2026-07-29 10:22:41,291 - INFO - [SYSTEM] - [MODE:MATERIAL] - [STRATEGY:NONE] - [COOKIE:NO] - [10:22:41][策略1][YouTube] 下载进度：75.0% | 103.5MiB/137.96MiB | 速度 311.15KiB/s | 剩余 01:53
2026-07-29 10:22:43,291 - INFO - [SYSTEM] - [MODE:MATERIAL] - [STRATEGY:NONE] - [COOKIE:NO] - [10:22:43][策略1][YouTube] 下载进度：75.4% | 104.0MiB/137.96MiB | 速度 312.40KiB/s | 剩余 01:51
2026-07-29 10:22:45,292 - INFO - [SYSTEM] - [MODE:MATERIAL] - [STRATEGY:NONE] - [COOKIE:NO] - [10:22:45][策略1][YouTube] 下载进度：75.9% | 104.7MiB/137.96MiB | 速度 312.74KiB/s | 剩余 01:49
2026-07-29 10:22:47,300 - INFO - [SYSTEM] - [MODE:MATERIAL] - [STRATEGY:NONE] - [COOKIE:NO] - [10:22:47][策略1][YouTube] 下载进度：76.3% | 105.3MiB/137.96MiB | 速度 313.54KiB/s | 剩余 01:46
2026-07-29 10:22:49,349 - INFO - [SYSTEM] - [MODE:MATERIAL] - [STRATEGY:NONE] - [COOKIE:NO] - [10:22:49][策略1][YouTube] 下载进度：76.7% | 105.8MiB/137.96MiB | 速度 311.24KiB/s | 剩余 01:45
2026-07-29 10:22:51,350 - INFO - [SYSTEM] - [MODE:MATERIAL] - [STRATEGY:NONE] - [COOKIE:NO] - [10:22:51][策略1][YouTube] 下载进度：77.2% | 106.5MiB/137.96MiB | 速度 312.00KiB/s | 剩余 01:43
2026-07-29 10:22:53,357 - INFO - [SYSTEM] - [MODE:MATERIAL] - [STRATEGY:NONE] - [COOKIE:NO] - [10:22:53][策略1][YouTube] 下载进度：77.6% | 107.1MiB/137.96MiB | 速度 312.61KiB/s | 剩余 01:41
2026-07-29 10:22:54,884 - INFO - [SYSTEM] - [MODE:MATERIAL] - [STRATEGY:NONE] - [COOKIE:NO] - [10:22:54][策略1][YouTube] 下载进度：77.9% | 107.5MiB/137.96MiB | 速度 300.02KiB/s | 剩余 01:43
2026-07-29 10:22:56,686 - INFO - [SYSTEM] - [MODE:MATERIAL] - [STRATEGY:NONE] - [COOKIE:NO] - [10:22:56][策略1][YouTube] 下载进度：78.4% | 108.2MiB/137.96MiB | 速度 313.41KiB/s | 剩余 01:37
2026-07-29 10:22:58,684 - INFO - [SYSTEM] - [MODE:MATERIAL] - [STRATEGY:NONE] - [COOKIE:NO] - [10:22:58][策略1][YouTube] 下载进度：78.8% | 108.7MiB/137.96MiB | 速度 316.21KiB/s | 剩余 01:34
2026-07-29 10:23:00,865 - INFO - [SYSTEM] - [MODE:MATERIAL] - [STRATEGY:NONE] - [COOKIE:NO] - [10:23:00][策略1][YouTube] 下载进度：79.3% | 109.4MiB/137.96MiB | 速度 308.97KiB/s | 剩余 01:34
2026-07-29 10:23:02,713 - INFO - [SYSTEM] - [MODE:MATERIAL] - [STRATEGY:NONE] - [COOKIE:NO] - [10:23:02][策略1][YouTube] 下载进度：79.7% | 110.0MiB/137.96MiB | 速度 311.10KiB/s | 剩余 01:32
2026-07-29 10:23:04,713 - INFO - [SYSTEM] - [MODE:MATERIAL] - [STRATEGY:NONE] - [COOKIE:NO] - [10:23:04][策略1][YouTube] 下载进度：80.1% | 110.5MiB/137.96MiB | 速度 312.63KiB/s | 剩余 01:29
2026-07-29 10:23:06,721 - INFO - [SYSTEM] - [MODE:MATERIAL] - [STRATEGY:NONE] - [COOKIE:NO] - [10:23:06][策略1][YouTube] 下载进度：80.6% | 111.2MiB/137.96MiB | 速度 313.51KiB/s | 剩余 01:27
2026-07-29 10:23:08,683 - INFO - [SYSTEM] - [MODE:MATERIAL] - [STRATEGY:NONE] - [COOKIE:NO] - [10:23:08][策略1][YouTube] 下载进度：81.0% | 111.7MiB/137.96MiB | 速度 314.75KiB/s | 剩余 01:25
2026-07-29 10:23:10,737 - INFO - [SYSTEM] - [MODE:MATERIAL] - [STRATEGY:NONE] - [COOKIE:NO] - [10:23:10][策略1][YouTube] 下载进度：81.5% | 112.4MiB/137.96MiB | 速度 314.47KiB/s | 剩余 01:23
2026-07-29 10:23:12,694 - INFO - [SYSTEM] - [MODE:MATERIAL] - [STRATEGY:NONE] - [COOKIE:NO] - [10:23:12][策略1][YouTube] 下载进度：81.9% | 113.0MiB/137.96MiB | 速度 315.72KiB/s | 剩余 01:20
2026-07-29 10:23:14,695 - INFO - [SYSTEM] - [MODE:MATERIAL] - [STRATEGY:NONE] - [COOKIE:NO] - [10:23:14][策略1][YouTube] 下载进度：82.4% | 113.7MiB/137.96MiB | 速度 316.02KiB/s | 剩余 01:18
2026-07-29 10:23:17,155 - INFO - [SYSTEM] - [MODE:MATERIAL] - [STRATEGY:NONE] - [COOKIE:NO] - [10:23:17][策略1][YouTube] 下载进度：83.4% | 115.1MiB/137.96MiB | 速度 344.80KiB/s | 剩余 01:07
2026-07-29 10:23:19,164 - INFO - [SYSTEM] - [MODE:MATERIAL] - [STRATEGY:NONE] - [COOKIE:NO] - [10:23:19][策略1][YouTube] 下载进度：84.3% | 116.3MiB/137.96MiB | 速度 367.89KiB/s | 剩余 01:00
2026-07-29 10:23:20,862 - INFO - [SYSTEM] - [MODE:MATERIAL] - [STRATEGY:NONE] - [COOKIE:NO] - [10:23:20][策略1][YouTube] 下载进度：85.0% | 117.3MiB/137.96MiB | 速度 734.68KiB/s | 剩余 00:28
2026-07-29 10:23:23,070 - INFO - [SYSTEM] - [MODE:MATERIAL] - [STRATEGY:NONE] - [COOKIE:NO] - [10:23:23][策略1][YouTube] 下载进度：86.0% | 118.6MiB/137.96MiB | 速度 652.22KiB/s | 剩余 00:30
2026-07-29 10:23:25,080 - INFO - [SYSTEM] - [MODE:MATERIAL] - [STRATEGY:NONE] - [COOKIE:NO] - [10:23:25][策略1][YouTube] 下载进度：86.9% | 119.9MiB/137.96MiB | 速度 644.56KiB/s | 剩余 00:28
2026-07-29 10:23:27,052 - INFO - [SYSTEM] - [MODE:MATERIAL] - [STRATEGY:NONE] - [COOKIE:NO] - [10:23:27][策略1][YouTube] 下载进度：87.8% | 121.1MiB/137.96MiB | 速度 641.58KiB/s | 剩余 00:26
2026-07-29 10:23:29,080 - INFO - [SYSTEM] - [MODE:MATERIAL] - [STRATEGY:NONE] - [COOKIE:NO] - [10:23:29][策略1][YouTube] 下载进度：88.7% | 122.4MiB/137.96MiB | 速度 640.30KiB/s | 剩余 00:24
2026-07-29 10:23:31,060 - INFO - [SYSTEM] - [MODE:MATERIAL] - [STRATEGY:NONE] - [COOKIE:NO] - [10:23:31][策略1][YouTube] 下载进度：89.6% | 123.6MiB/137.96MiB | 速度 640.21KiB/s | 剩余 00:22
2026-07-29 10:23:33,081 - INFO - [SYSTEM] - [MODE:MATERIAL] - [STRATEGY:NONE] - [COOKIE:NO] - [10:23:33][策略1][YouTube] 下载进度：90.5% | 124.9MiB/137.96MiB | 速度 638.66KiB/s | 剩余 00:21
2026-07-29 10:23:35,092 - INFO - [SYSTEM] - [MODE:MATERIAL] - [STRATEGY:NONE] - [COOKIE:NO] - [10:23:35][策略1][YouTube] 下载进度：91.4% | 126.1MiB/137.96MiB | 速度 637.46KiB/s | 剩余 00:19
2026-07-29 10:23:36,840 - INFO - [SYSTEM] - [MODE:MATERIAL] - [STRATEGY:NONE] - [COOKIE:NO] - [10:23:36][策略1][YouTube] 下载进度：92.1% | 127.1MiB/137.96MiB | 速度 637.46KiB/s | 剩余 00:17
2026-07-29 10:23:39,928 - INFO - [SYSTEM] - [MODE:MATERIAL] - [STRATEGY:NONE] - [COOKIE:NO] - [10:23:39][策略1][YouTube] 下载进度：93.1% | 128.4MiB/137.96MiB | 速度 469.02KiB/s | 剩余 00:20
2026-07-29 10:23:41,545 - INFO - [SYSTEM] - [MODE:MATERIAL] - [STRATEGY:NONE] - [COOKIE:NO] - [10:23:41][策略1][YouTube] 下载进度：93.4% | 128.9MiB/137.96MiB | 速度 388.02KiB/s | 剩余 00:24
2026-07-29 10:23:43,369 - INFO - [SYSTEM] - [MODE:MATERIAL] - [STRATEGY:NONE] - [COOKIE:NO] - [10:23:43][策略1][YouTube] 下载进度：93.7% | 129.3MiB/137.96MiB | 速度 349.35KiB/s | 剩余 00:25
2026-07-29 10:23:45,607 - INFO - [SYSTEM] - [MODE:MATERIAL] - [STRATEGY:NONE] - [COOKIE:NO] - [10:23:45][策略1][YouTube] 下载进度：94.1% | 129.8MiB/137.96MiB | 速度 323.75KiB/s | 剩余 00:25
2026-07-29 10:23:47,640 - INFO - [SYSTEM] - [MODE:MATERIAL] - [STRATEGY:NONE] - [COOKIE:NO] - [10:23:47][策略1][YouTube] 下载进度：94.4% | 130.2MiB/137.96MiB | 速度 302.35KiB/s | 剩余 00:26
2026-07-29 10:23:49,267 - INFO - [SYSTEM] - [MODE:MATERIAL] - [STRATEGY:NONE] - [COOKIE:NO] - [10:23:49][策略1][YouTube] 下载进度：94.7% | 130.6MiB/137.96MiB | 速度 297.66KiB/s | 剩余 00:25
2026-07-29 10:23:51,656 - INFO - [SYSTEM] - [MODE:MATERIAL] - [STRATEGY:NONE] - [COOKIE:NO] - [10:23:51][策略1][YouTube] 下载进度：95.1% | 131.2MiB/137.96MiB | 速度 288.65KiB/s | 剩余 00:24
2026-07-29 10:23:53,672 - INFO - [SYSTEM] - [MODE:MATERIAL] - [STRATEGY:NONE] - [COOKIE:NO] - [10:23:53][策略1][YouTube] 下载进度：95.4% | 131.6MiB/137.96MiB | 速度 279.61KiB/s | 剩余 00:23
2026-07-29 10:23:55,636 - INFO - [SYSTEM] - [MODE:MATERIAL] - [STRATEGY:NONE] - [COOKIE:NO] - [10:23:55][策略1][YouTube] 下载进度：95.7% | 132.0MiB/137.96MiB | 速度 273.69KiB/s | 剩余 00:22
2026-07-29 10:23:57,619 - INFO - [SYSTEM] - [MODE:MATERIAL] - [STRATEGY:NONE] - [COOKIE:NO] - [10:23:57][策略1][YouTube] 下载进度：96.0% | 132.4MiB/137.96MiB | 速度 268.28KiB/s | 剩余 00:21
2026-07-29 10:23:59,394 - INFO - [SYSTEM] - [MODE:MATERIAL] - [STRATEGY:NONE] - [COOKIE:NO] - [10:23:59][策略1][YouTube] 下载进度：96.4% | 133.0MiB/137.96MiB | 速度 271.90KiB/s | 剩余 00:18
2026-07-29 10:24:01,423 - INFO - [SYSTEM] - [MODE:MATERIAL] - [STRATEGY:NONE] - [COOKIE:NO] - [10:24:01][策略1][YouTube] 下载进度：96.8% | 133.5MiB/137.96MiB | 速度 274.65KiB/s | 剩余 00:16
2026-07-29 10:24:03,423 - INFO - [SYSTEM] - [MODE:MATERIAL] - [STRATEGY:NONE] - [COOKIE:NO] - [10:24:03][策略1][YouTube] 下载进度：97.2% | 134.1MiB/137.96MiB | 速度 275.78KiB/s | 剩余 00:14
2026-07-29 10:24:05,430 - INFO - [SYSTEM] - [MODE:MATERIAL] - [STRATEGY:NONE] - [COOKIE:NO] - [10:24:05][策略1][YouTube] 下载进度：97.7% | 134.8MiB/137.96MiB | 速度 278.49KiB/s | 剩余 00:11
2026-07-29 10:24:07,430 - INFO - [SYSTEM] - [MODE:MATERIAL] - [STRATEGY:NONE] - [COOKIE:NO] - [10:24:07][策略1][YouTube] 下载进度：98.1% | 135.3MiB/137.96MiB | 速度 281.38KiB/s | 剩余 00:09
2026-07-29 10:24:09,380 - INFO - [SYSTEM] - [MODE:MATERIAL] - [STRATEGY:NONE] - [COOKIE:NO] - [10:24:09][策略1][YouTube] 下载进度：98.6% | 136.0MiB/137.96MiB | 速度 283.89KiB/s | 剩余 00:07
2026-07-29 10:24:10,924 - INFO - [SYSTEM] - [MODE:MATERIAL] - [STRATEGY:NONE] - [COOKIE:NO] - [10:24:10][策略1][YouTube] 下载进度：98.9% | 136.4MiB/137.96MiB | 速度 285.77KiB/s | 剩余 00:05
2026-07-29 10:24:12,703 - INFO - [SYSTEM] - [MODE:MATERIAL] - [STRATEGY:NONE] - [COOKIE:NO] - [10:24:12][策略1][YouTube] 下载进度：99.3% | 137.0MiB/137.96MiB | 速度 309.89KiB/s | 剩余 00:03
2026-07-29 10:24:14,702 - INFO - [SYSTEM] - [MODE:MATERIAL] - [STRATEGY:NONE] - [COOKIE:NO] - [10:24:14][策略1][YouTube] 下载进度：99.8% | 137.7MiB/137.96MiB | 速度 315.07KiB/s | 剩余 00:01
2026-07-29 10:24:15,742 - INFO - [SYSTEM] - [MODE:MATERIAL] - [STRATEGY:NONE] - [COOKIE:NO] - [10:24:15][策略1][YouTube] 下载进度：100.0% | 138.0MiB/137.96MiB | 速度 313.44KiB/s | 剩余 00:00
2026-07-29 10:24:15,798 - INFO - [SYSTEM] - [MODE:MATERIAL] - [STRATEGY:NONE] - [COOKIE:NO] - [10:24:15][策略1][YouTube] 下载进度：100.0% | 138.0MiB/137.96MiB | 速度 314.63KiB/s | 剩余 00:00
2026-07-29 10:24:15,799 - INFO - [SYSTEM] - [MODE:MATERIAL] - [STRATEGY:NONE] - [COOKIE:NO] - [10:24:15][策略1][YouTube] 下载进度：100.0% | 138.0MiB/137.96MiB | 速度 322.93KiB/s | 剩余 NA
2026-07-29 10:24:17,954 - INFO - [SYSTEM] - [MODE:MATERIAL] - [STRATEGY:NONE] - [COOKIE:NO] - [10:24:17][策略1][YouTube] 下载进度：11.4% | 0.5MiB/4.38MiB | 速度 271.93KiB/s | 剩余 00:14
2026-07-29 10:24:18,955 - INFO - [SYSTEM] - [MODE:MATERIAL] - [STRATEGY:NONE] - [COOKIE:NO] - [10:24:18][策略1][YouTube] 下载进度：18.4% | 0.8MiB/4.38MiB | 速度 286.14KiB/s | 剩余 00:12
2026-07-29 10:24:19,966 - INFO - [SYSTEM] - [MODE:MATERIAL] - [STRATEGY:NONE] - [COOKIE:NO] - [10:24:19][策略1][YouTube] 下载进度：25.4% | 1.1MiB/4.38MiB | 速度 292.17KiB/s | 剩余 00:11
2026-07-29 10:24:20,978 - INFO - [SYSTEM] - [MODE:MATERIAL] - [STRATEGY:NONE] - [COOKIE:NO] - [10:24:20][策略1][YouTube] 下载进度：32.3% | 1.4MiB/4.38MiB | 速度 294.95KiB/s | 剩余 00:10
2026-07-29 10:24:21,928 - INFO - [SYSTEM] - [MODE:MATERIAL] - [STRATEGY:NONE] - [COOKIE:NO] - [10:24:21][策略1][YouTube] 下载进度：39.1% | 1.7MiB/4.38MiB | 速度 299.32KiB/s | 剩余 00:09
2026-07-29 10:24:22,937 - INFO - [SYSTEM] - [MODE:MATERIAL] - [STRATEGY:NONE] - [COOKIE:NO] - [10:24:22][策略1][YouTube] 下载进度：46.3% | 2.0MiB/4.38MiB | 速度 302.17KiB/s | 剩余 00:07
2026-07-29 10:24:23,936 - INFO - [SYSTEM] - [MODE:MATERIAL] - [STRATEGY:NONE] - [COOKIE:NO] - [10:24:23][策略1][YouTube] 下载进度：53.4% | 2.3MiB/4.38MiB | 速度 304.32KiB/s | 剩余 00:06
2026-07-29 10:24:25,362 - INFO - [SYSTEM] - [MODE:MATERIAL] - [STRATEGY:NONE] - [COOKIE:NO] - [10:24:25][策略1][YouTube] 下载进度：60.5% | 2.6MiB/4.38MiB | 速度 291.97KiB/s | 剩余 00:06
2026-07-29 10:24:26,064 - INFO - [SYSTEM] - [MODE:MATERIAL] - [STRATEGY:NONE] - [COOKIE:NO] - [10:24:26][策略1][YouTube] 下载进度：65.5% | 2.9MiB/4.38MiB | 速度 293.83KiB/s | 剩余 00:05
2026-07-29 10:24:27,061 - INFO - [SYSTEM] - [MODE:MATERIAL] - [STRATEGY:NONE] - [COOKIE:NO] - [10:24:27][策略1][YouTube] 下载进度：72.6% | 3.2MiB/4.38MiB | 速度 296.17KiB/s | 剩余 00:04
2026-07-29 10:24:28,061 - INFO - [SYSTEM] - [MODE:MATERIAL] - [STRATEGY:NONE] - [COOKIE:NO] - [10:24:28][策略1][YouTube] 下载进度：79.7% | 3.5MiB/4.38MiB | 速度 298.13KiB/s | 剩余 00:03
2026-07-29 10:24:29,066 - INFO - [SYSTEM] - [MODE:MATERIAL] - [STRATEGY:NONE] - [COOKIE:NO] - [10:24:29][策略1][YouTube] 下载进度：86.8% | 3.8MiB/4.38MiB | 速度 299.66KiB/s | 剩余 00:01
2026-07-29 10:24:30,062 - INFO - [SYSTEM] - [MODE:MATERIAL] - [STRATEGY:NONE] - [COOKIE:NO] - [10:24:30][策略1][YouTube] 下载进度：93.9% | 4.1MiB/4.38MiB | 速度 301.07KiB/s | 剩余 00:00
2026-07-29 10:24:30,852 - INFO - [SYSTEM] - [MODE:MATERIAL] - [STRATEGY:NONE] - [COOKIE:NO] - [10:24:30][策略1][YouTube] 下载进度：100.0% | 4.4MiB/4.38MiB | 速度 303.42KiB/s | 剩余 00:00
2026-07-29 10:24:30,854 - INFO - [SYSTEM] - [MODE:MATERIAL] - [STRATEGY:NONE] - [COOKIE:NO] - [10:24:30][策略1][YouTube] 下载进度：100.0% | 4.4MiB/4.38MiB | 速度 297.85KiB/s | 剩余 NA
2026-07-29 10:24:34,631 - INFO - [SYSTEM] - [MODE:MATERIAL] - [STRATEGY:NONE] - [COOKIE:NO] - [10:24:34][策略1][YouTube] Selected format: format_id=299+140, res=1920x1080, fps=60, tbr=4210.539, ext=mp4
2026-07-29 10:24:34,632 - INFO - [SYSTEM] - [MODE:MATERIAL] - [STRATEGY:NONE] - [COOKIE:NO] - [10:24:34][策略1][YouTube] 下载成功，耗时 460.0s
2026-07-29 10:24:34,632 - INFO - [YouTube] - [MODE:MATERIAL] - [STRATEGY:PlatformNoCookie] - [COOKIE:NO] - DOWNLOAD_SUCCESS | MODE:MATERIAL | STRATEGY:PlatformNoCookie
2026-07-29 10:24:34,634 - INFO - [SYSTEM] - [MODE:MATERIAL] - [STRATEGY:NONE] - [COOKIE:NO] - [10:24:34] 文件名: 將軍令／鄉音國樂團-LfLz_-kGP3U.mp4
2026-07-29 10:24:34,635 - INFO - [SYSTEM] - [MODE:MATERIAL] - [STRATEGY:NONE] - [COOKIE:NO] - [10:24:34] 保存路径: C:\Users\Administrator\Desktop\VideoDown\將軍令／鄉音國樂團-LfLz_-kGP3U.mp4
2026-07-29 10:24:34,635 - INFO - [SYSTEM] - [MODE:MATERIAL] - [STRATEGY:NONE] - [COOKIE:NO] - [10:24:34] 文件大小: 144.74 MB
2026-07-29 10:24:34,635 - INFO - [SYSTEM] - [MODE:MATERIAL] - [STRATEGY:NONE] - [COOKIE:NO] - YouTube pacing mode: normal; cooling down 0.83s before the next task
2026-07-29 10:24:34,641 - INFO - [SYSTEM] - [MODE:MATERIAL] - [STRATEGY:NONE] - [COOKIE:NO] - 预览文件已就绪: C:/Users/Administrator/Desktop/VideoDown\將軍令／鄉音國樂團-LfLz_-kGP3U.mp4
2026-07-29 10:24:35,474 - INFO - [YouTube] - [MODE:MATERIAL] - [STRATEGY:START] - [COOKIE:NO] - DOWNLOAD_START | MODE:MATERIAL | URL:https://youtube.com/shorts/4LAowEhwtxQ?si=laWRo0Av6E9FXyvj | MODIFIED:True | REASON:normalized YouTube URL
2026-07-29 10:24:35,474 - INFO - [SYSTEM] - [MODE:MATERIAL] - [STRATEGY:NONE] - [COOKIE:NO] - [10:24:35] 📋 平台: YouTube
2026-07-29 10:24:35,475 - INFO - [SYSTEM] - [MODE:MATERIAL] - [STRATEGY:NONE] - [COOKIE:NO] - [10:24:35] 📱 检测到 Shorts 视频
2026-07-29 10:24:35,475 - INFO - [SYSTEM] - [MODE:MATERIAL] - [STRATEGY:NONE] - [COOKIE:NO] - [10:24:35] 策略1：YouTube 无 Cookie 下载...
2026-07-29 10:24:35,475 - INFO - [SYSTEM] - [MODE:MATERIAL] - [STRATEGY:NONE] - [COOKIE:NO] - [10:24:35][策略1][YouTube] 开始执行 yt-dlp
2026-07-29 10:24:39,509 - INFO - [SYSTEM] - [MODE:MATERIAL] - [STRATEGY:NONE] - [COOKIE:NO] - [10:24:39][策略1][YouTube] 下载进度：0.0% | 0.0MiB/13.74MiB | 速度 19.93KiB/s | 剩余 11:45
2026-07-29 10:24:41,066 - INFO - [SYSTEM] - [MODE:MATERIAL] - [STRATEGY:NONE] - [COOKIE:NO] - [10:24:41][策略1][YouTube] 下载进度：3.6% | 0.5MiB/13.74MiB | 速度 317.88KiB/s | 剩余 00:42
2026-07-29 10:24:42,132 - INFO - [SYSTEM] - [MODE:MATERIAL] - [STRATEGY:NONE] - [COOKIE:NO] - [10:24:42][策略1][YouTube] 下载进度：5.9% | 0.8MiB/13.74MiB | 速度 311.22KiB/s | 剩余 00:42
2026-07-29 10:24:43,032 - INFO - [SYSTEM] - [MODE:MATERIAL] - [STRATEGY:NONE] - [COOKIE:NO] - [10:24:43][策略1][YouTube] 下载进度：8.1% | 1.1MiB/13.74MiB | 速度 317.09KiB/s | 剩余 00:40
2026-07-29 10:24:44,084 - INFO - [SYSTEM] - [MODE:MATERIAL] - [STRATEGY:NONE] - [COOKIE:NO] - [10:24:44][策略1][YouTube] 下载进度：10.4% | 1.4MiB/13.74MiB | 速度 317.37KiB/s | 剩余 00:39
2026-07-29 10:24:45,083 - INFO - [SYSTEM] - [MODE:MATERIAL] - [STRATEGY:NONE] - [COOKIE:NO] - [10:24:45][策略1][YouTube] 下载进度：12.7% | 1.7MiB/13.74MiB | 速度 317.58KiB/s | 剩余 00:38
2026-07-29 10:24:46,083 - INFO - [SYSTEM] - [MODE:MATERIAL] - [STRATEGY:NONE] - [COOKIE:NO] - [10:24:46][策略1][YouTube] 下载进度：15.0% | 2.1MiB/13.74MiB | 速度 317.71KiB/s | 剩余 00:37
2026-07-29 10:24:47,083 - INFO - [SYSTEM] - [MODE:MATERIAL] - [STRATEGY:NONE] - [COOKIE:NO] - [10:24:47][策略1][YouTube] 下载进度：17.2% | 2.4MiB/13.74MiB | 速度 317.83KiB/s | 剩余 00:36
2026-07-29 10:24:48,083 - INFO - [SYSTEM] - [MODE:MATERIAL] - [STRATEGY:NONE] - [COOKIE:NO] - [10:24:48][策略1][YouTube] 下载进度：19.5% | 2.7MiB/13.74MiB | 速度 317.87KiB/s | 剩余 00:35
2026-07-29 10:24:49,283 - INFO - [SYSTEM] - [MODE:MATERIAL] - [STRATEGY:NONE] - [COOKIE:NO] - [10:24:49][策略1][YouTube] 下载进度：21.8% | 3.0MiB/13.74MiB | 速度 311.47KiB/s | 剩余 00:35
2026-07-29 10:24:51,138 - INFO - [SYSTEM] - [MODE:MATERIAL] - [STRATEGY:NONE] - [COOKIE:NO] - [10:24:51][策略1][YouTube] 下载进度：26.0% | 3.6MiB/13.74MiB | 速度 313.12KiB/s | 剩余 00:33
2026-07-29 10:24:52,162 - INFO - [SYSTEM] - [MODE:MATERIAL] - [STRATEGY:NONE] - [COOKIE:NO] - [10:24:52][策略1][YouTube] 下载进度：28.2% | 3.9MiB/13.74MiB | 速度 312.62KiB/s | 剩余 00:32
2026-07-29 10:24:53,108 - INFO - [SYSTEM] - [MODE:MATERIAL] - [STRATEGY:NONE] - [COOKIE:NO] - [10:24:53][策略1][YouTube] 下载进度：30.4% | 4.2MiB/13.74MiB | 速度 313.46KiB/s | 剩余 00:31
2026-07-29 10:24:54,107 - INFO - [SYSTEM] - [MODE:MATERIAL] - [STRATEGY:NONE] - [COOKIE:NO] - [10:24:54][策略1][YouTube] 下载进度：32.7% | 4.5MiB/13.74MiB | 速度 314.24KiB/s | 剩余 00:30
2026-07-29 10:24:55,157 - INFO - [SYSTEM] - [MODE:MATERIAL] - [STRATEGY:NONE] - [COOKIE:NO] - [10:24:55][策略1][YouTube] 下载进度：35.0% | 4.8MiB/13.74MiB | 速度 313.93KiB/s | 剩余 00:29
2026-07-29 10:24:56,107 - INFO - [SYSTEM] - [MODE:MATERIAL] - [STRATEGY:NONE] - [COOKIE:NO] - [10:24:56][策略1][YouTube] 下载进度：37.2% | 5.1MiB/13.74MiB | 速度 314.60KiB/s | 剩余 00:28
2026-07-29 10:24:57,107 - INFO - [SYSTEM] - [MODE:MATERIAL] - [STRATEGY:NONE] - [COOKIE:NO] - [10:24:57][策略1][YouTube] 下载进度：39.5% | 5.4MiB/13.74MiB | 速度 315.23KiB/s | 剩余 00:26
2026-07-29 10:24:58,158 - INFO - [SYSTEM] - [MODE:MATERIAL] - [STRATEGY:NONE] - [COOKIE:NO] - [10:24:58][策略1][YouTube] 下载进度：41.9% | 5.8MiB/13.74MiB | 速度 314.93KiB/s | 剩余 00:25
2026-07-29 10:24:59,107 - INFO - [SYSTEM] - [MODE:MATERIAL] - [STRATEGY:NONE] - [COOKIE:NO] - [10:24:59][策略1][YouTube] 下载进度：44.1% | 6.1MiB/13.74MiB | 速度 315.50KiB/s | 剩余 00:24
2026-07-29 10:25:00,115 - INFO - [SYSTEM] - [MODE:MATERIAL] - [STRATEGY:NONE] - [COOKIE:NO] - [10:25:00][策略1][YouTube] 下载进度：46.4% | 6.4MiB/13.74MiB | 速度 315.92KiB/s | 剩余 00:23
2026-07-29 10:25:01,144 - INFO - [SYSTEM] - [MODE:MATERIAL] - [STRATEGY:NONE] - [COOKIE:NO] - [10:25:01][策略1][YouTube] 下载进度：48.7% | 6.7MiB/13.74MiB | 速度 315.87KiB/s | 剩余 00:22
2026-07-29 10:25:02,044 - INFO - [SYSTEM] - [MODE:MATERIAL] - [STRATEGY:NONE] - [COOKIE:NO] - [10:25:02][策略1][YouTube] 下载进度：50.9% | 7.0MiB/13.74MiB | 速度 317.22KiB/s | 剩余 00:21
2026-07-29 10:25:02,595 - INFO - [SYSTEM] - [MODE:MATERIAL] - [STRATEGY:NONE] - [COOKIE:NO] - [10:25:02][策略1][YouTube] 下载进度：53.4% | 7.3MiB/13.74MiB | 速度 324.78KiB/s | 剩余 00:20
2026-07-29 10:25:03,594 - INFO - [SYSTEM] - [MODE:MATERIAL] - [STRATEGY:NONE] - [COOKIE:NO] - [10:25:03][策略1][YouTube] 下载进度：57.9% | 8.0MiB/13.74MiB | 速度 337.63KiB/s | 剩余 00:17
2026-07-29 10:25:04,594 - INFO - [SYSTEM] - [MODE:MATERIAL] - [STRATEGY:NONE] - [COOKIE:NO] - [10:25:04][策略1][YouTube] 下载进度：62.4% | 8.6MiB/13.74MiB | 速度 349.46KiB/s | 剩余 00:15
2026-07-29 10:25:05,573 - INFO - [SYSTEM] - [MODE:MATERIAL] - [STRATEGY:NONE] - [COOKIE:NO] - [10:25:05][策略1][YouTube] 下载进度：67.0% | 9.2MiB/13.74MiB | 速度 360.68KiB/s | 剩余 00:12
2026-07-29 10:25:06,677 - INFO - [SYSTEM] - [MODE:MATERIAL] - [STRATEGY:NONE] - [COOKIE:NO] - [10:25:06][策略1][YouTube] 下载进度：71.3% | 9.8MiB/13.74MiB | 速度 368.40KiB/s | 剩余 00:10
2026-07-29 10:25:07,513 - INFO - [SYSTEM] - [MODE:MATERIAL] - [STRATEGY:NONE] - [COOKIE:NO] - [10:25:07][策略1][YouTube] 下载进度：74.9% | 10.3MiB/13.74MiB | 速度 676.76KiB/s | 剩余 00:05
2026-07-29 10:25:08,316 - INFO - [SYSTEM] - [MODE:MATERIAL] - [STRATEGY:NONE] - [COOKIE:NO] - [10:25:08][策略1][YouTube] 下载进度：78.5% | 10.8MiB/13.74MiB | 速度 656.45KiB/s | 剩余 00:04
2026-07-29 10:25:09,346 - INFO - [SYSTEM] - [MODE:MATERIAL] - [STRATEGY:NONE] - [COOKIE:NO] - [10:25:09][策略1][YouTube] 下载进度：83.1% | 11.4MiB/13.74MiB | 速度 641.46KiB/s | 剩余 00:03
2026-07-29 10:25:10,345 - INFO - [SYSTEM] - [MODE:MATERIAL] - [STRATEGY:NONE] - [COOKIE:NO] - [10:25:10][策略1][YouTube] 下载进度：87.5% | 12.0MiB/13.74MiB | 速度 635.32KiB/s | 剩余 00:02
2026-07-29 10:25:11,323 - INFO - [SYSTEM] - [MODE:MATERIAL] - [STRATEGY:NONE] - [COOKIE:NO] - [10:25:11][策略1][YouTube] 下载进度：91.9% | 12.6MiB/13.74MiB | 速度 635.06KiB/s | 剩余 00:01
2026-07-29 10:25:12,334 - INFO - [SYSTEM] - [MODE:MATERIAL] - [STRATEGY:NONE] - [COOKIE:NO] - [10:25:12][策略1][YouTube] 下载进度：96.4% | 13.2MiB/13.74MiB | 速度 633.58KiB/s | 剩余 00:00
2026-07-29 10:25:13,105 - INFO - [SYSTEM] - [MODE:MATERIAL] - [STRATEGY:NONE] - [COOKIE:NO] - [10:25:13][策略1][YouTube] 下载进度：100.0% | 13.7MiB/13.74MiB | 速度 636.52KiB/s | 剩余 00:00
2026-07-29 10:25:13,107 - INFO - [SYSTEM] - [MODE:MATERIAL] - [STRATEGY:NONE] - [COOKIE:NO] - [10:25:13][策略1][YouTube] 下载进度：100.0% | 13.7MiB/13.74MiB | 速度 410.11KiB/s | 剩余 NA
2026-07-29 10:25:14,562 - INFO - [SYSTEM] - [MODE:MATERIAL] - [STRATEGY:NONE] - [COOKIE:NO] - [10:25:14][策略1][YouTube] 下载进度：100.0% | 863.9KiB/863.94KiB | 速度 1.07MiB/s | 剩余 00:00
2026-07-29 10:25:14,563 - INFO - [SYSTEM] - [MODE:MATERIAL] - [STRATEGY:NONE] - [COOKIE:NO] - [10:25:14][策略1][YouTube] 下载进度：100.0% | 863.9KiB/863.94KiB | 速度 593.93KiB/s | 剩余 NA
2026-07-29 10:25:15,780 - INFO - [SYSTEM] - [MODE:MATERIAL] - [STRATEGY:NONE] - [COOKIE:NO] - [10:25:15][策略1][YouTube] Selected format: format_id=137+140, res=1080x1920, fps=30, tbr=2241.625, ext=mp4
2026-07-29 10:25:15,780 - INFO - [SYSTEM] - [MODE:MATERIAL] - [STRATEGY:NONE] - [COOKIE:NO] - [10:25:15][策略1][YouTube] 下载成功，耗时 40.3s
2026-07-29 10:25:15,780 - INFO - [YouTube] - [MODE:MATERIAL] - [STRATEGY:PlatformNoCookie] - [COOKIE:NO] - DOWNLOAD_SUCCESS | MODE:MATERIAL | STRATEGY:PlatformNoCookie
2026-07-29 10:25:15,782 - INFO - [SYSTEM] - [MODE:MATERIAL] - [STRATEGY:NONE] - [COOKIE:NO] - [10:25:15] 文件名: 【千年琵琶魂 巾帼奏戎歌】《将军令》薛诺娅2025柔情演绎版✨ 当盛唐的金戈铁马遇见现代女性的温柔力量——刀郎团队琵琶演奏家薛诺娅，以纤指翻飞续写千年军魂。 #刀郎 #刀郎演唱会 ＃音乐-4LAowEhwtxQ.mp4
2026-07-29 10:25:15,782 - INFO - [SYSTEM] - [MODE:MATERIAL] - [STRATEGY:NONE] - [COOKIE:NO] - [10:25:15] 保存路径: C:\Users\Administrator\Desktop\VideoDown\【千年琵琶魂 巾帼奏戎歌】《将军令》薛诺娅2025柔情演绎版✨ 当盛唐的金戈铁马遇见现代女性的温柔力量——刀郎团队琵琶演奏家薛诺娅，以纤指翻飞续写千年军魂。 #刀郎 #刀郎演唱会 ＃音乐-4LAowEhwtxQ.mp4
2026-07-29 10:25:15,782 - INFO - [SYSTEM] - [MODE:MATERIAL] - [STRATEGY:NONE] - [COOKIE:NO] - [10:25:15] 文件大小: 15.02 MB
2026-07-29 10:25:15,791 - INFO - [SYSTEM] - [MODE:MATERIAL] - [STRATEGY:NONE] - [COOKIE:NO] - 预览文件已就绪: C:/Users/Administrator/Desktop/VideoDown\【千年琵琶魂 巾帼奏戎歌】《将军令》薛诺娅2025柔情演绎版✨ 当盛唐的金戈铁马遇见现代女性的温柔力量——刀郎团队琵琶演奏家薛诺娅，以纤指翻飞续写千年军魂。 #刀郎 #刀郎演唱会 ＃音乐-4LAowEhwtxQ.mp4
2026-07-29 10:28:58,824 - INFO - [SYSTEM] - [MODE:MATERIAL] - [STRATEGY:NONE] - [COOKIE:NO] - 使用本地播放器打开预览: C:/Users/Administrator/Desktop/VideoDown\【千年琵琶魂 巾帼奏戎歌】《将军令》薛诺娅2025柔情演绎版✨ 当盛唐的金戈铁马遇见现代女性的温柔力量——刀郎团队琵琶演奏家薛诺娅，以纤指翻飞续写千年军魂。 #刀郎 #刀郎演唱会 ＃音乐-4LAowEhwtxQ.mp4
2026-07-29 10:29:07,056 - INFO - [SYSTEM] - [MODE:MATERIAL] - [STRATEGY:NONE] - [COOKIE:NO] - 正在重启软件...
2026-07-29 10:29:07,384 - INFO - [SYSTEM] - [MODE:MATERIAL] - [STRATEGY:NONE] - [COOKIE:NO] - 已恢复上次预览文件: C:/Users/Administrator/Desktop/VideoDown\【千年琵琶魂 巾帼奏戎歌】《将军令》薛诺娅2025柔情演绎版✨ 当盛唐的金戈铁马遇见现代女性的温柔力量——刀郎团队琵琶演奏家薛诺娅，以纤指翻飞续写千年军魂。 #刀郎 #刀郎演唱会 ＃音乐-4LAowEhwtxQ.mp4
2026-07-29 10:29:07,467 - INFO - [SYSTEM] - [MODE:MATERIAL] - [STRATEGY:NONE] - [COOKIE:NO] - 启动时检查工具和 Cookie 状态...
2026-07-29 10:29:07,468 - INFO - [SYSTEM] - [MODE:MATERIAL] - [STRATEGY:NONE] - [COOKIE:NO] - Deno.js解析引擎已启动就绪
2026-07-29 10:29:07,468 - INFO - [SYSTEM] - [MODE:MATERIAL] - [STRATEGY:NONE] - [COOKIE:NO] - 所有必要工具已就绪
2026-07-29 10:29:07,469 - INFO - [SYSTEM] - [MODE:MATERIAL] - [STRATEGY:NONE] - [COOKIE:NO] - [10:29:07] Cookie health check:
2026-07-29 10:29:07,469 - INFO - [SYSTEM] - [MODE:MATERIAL] - [STRATEGY:NONE] - [COOKIE:NO] -   YouTube: healthy | score=95 | size=1.63 KB | Cookie valid until 2027-05-25 10:59
2026-07-29 10:29:07,469 - INFO - [SYSTEM] - [MODE:MATERIAL] - [STRATEGY:NONE] - [COOKIE:NO] -   Instagram: healthy | score=95 | size=854.00 B | Cookie valid until 2027-06-04 13:58
2026-07-29 10:29:07,469 - INFO - [SYSTEM] - [MODE:MATERIAL] - [STRATEGY:NONE] - [COOKIE:NO] -   TikTok: healthy | score=95 | size=4.51 KB | Cookie valid until 2027-07-10 14:33
2026-07-29 10:29:07,469 - INFO - [SYSTEM] - [MODE:MATERIAL] - [STRATEGY:NONE] - [COOKIE:NO] -   Twitter: healthy | score=95 | size=1.26 KB | Cookie valid until 2027-07-10 11:13
2026-07-29 10:29:09,693 - INFO - [SYSTEM] - [MODE:MATERIAL] - [STRATEGY:NONE] - [COOKIE:NO] - 账号验证成功（半年订阅，今日剩余 300 次）
2026-07-29 10:32:53,094 - INFO - [SYSTEM] - [MODE:MATERIAL] - [STRATEGY:NONE] - [COOKIE:NO] - 已从剪贴板粘贴内容。
2026-07-29 10:33:45,864 - INFO - [SYSTEM] - [MODE:MATERIAL] - [STRATEGY:NONE] - [COOKIE:NO] - 已从剪贴板粘贴内容。
2026-07-29 10:34:31,417 - INFO - [SYSTEM] - [MODE:MATERIAL] - [STRATEGY:NONE] - [COOKIE:NO] - 账号模式下载校验：主下载页面批量下载，准备登记 2 个下载任务
2026-07-29 10:34:33,163 - INFO - [SYSTEM] - [MODE:MATERIAL] - [STRATEGY:NONE] - [COOKIE:NO] - 账号模式下载校验结果：status=ok, msg=download_count_recorded
2026-07-29 10:34:33,165 - INFO - [SYSTEM] - [MODE:MATERIAL] - [STRATEGY:NONE] - [COOKIE:NO] - 开始视频下载 2 个任务
2026-07-29 10:34:33,165 - INFO - [SYSTEM] - [MODE:MATERIAL] - [STRATEGY:NONE] - [COOKIE:NO] - 下载路径: C:/Users/Administrator/Desktop/VideoDown
2026-07-29 10:34:33,166 - INFO - [SYSTEM] - [MODE:MATERIAL] - [STRATEGY:NONE] - [COOKIE:NO] - 画质: 最佳画质
2026-07-29 10:34:33,166 - INFO - [SYSTEM] - [MODE:MATERIAL] - [STRATEGY:NONE] - [COOKIE:NO] - 下载调度: Instagram:2
2026-07-29 10:34:33,167 - INFO - [Instagram] - [MODE:MATERIAL] - [STRATEGY:START] - [COOKIE:NO] - DOWNLOAD_START | MODE:MATERIAL | URL:https://www.instagram.com/reel/DaVDFTbvkKZ/?utm_source=ig_web_copy_link&igsh=NTc4MTIwNjQ2YQ== | MODIFIED:True | REASON:removed tracking params
2026-07-29 10:34:33,168 - INFO - [SYSTEM] - [MODE:MATERIAL] - [STRATEGY:NONE] - [COOKIE:NO] - [10:34:33] 📋 平台: Instagram
2026-07-29 10:34:33,168 - INFO - [SYSTEM] - [MODE:MATERIAL] - [STRATEGY:NONE] - [COOKIE:NO] - [10:34:33] 策略1：Instagram 无 Cookie 下载...
2026-07-29 10:34:33,168 - INFO - [SYSTEM] - [MODE:MATERIAL] - [STRATEGY:NONE] - [COOKIE:NO] - [10:34:33][策略1][Instagram] 开始执行 yt-dlp
2026-07-29 10:34:39,193 - INFO - [SYSTEM] - [MODE:MATERIAL] - [STRATEGY:NONE] - [COOKIE:NO] - [10:34:39][策略1][Instagram] 仍在解析或下载中，等待平台响应...
2026-07-29 10:34:50,814 - INFO - [SYSTEM] - [MODE:MATERIAL] - [STRATEGY:NONE] - [COOKIE:NO] - [10:34:50][策略1][Instagram] 仍在解析或下载中，等待平台响应...
2026-07-29 10:34:53,843 - INFO - [SYSTEM] - [MODE:MATERIAL] - [STRATEGY:NONE] - [COOKIE:NO] - [10:34:53][策略1][Instagram] 下载进度：0.0% | 0.0MiB/13.64MiB | 速度 19.11KiB/s | 剩余 12:10
2026-07-29 10:34:56,296 - INFO - [SYSTEM] - [MODE:MATERIAL] - [STRATEGY:NONE] - [COOKIE:NO] - [10:34:56][策略1][Instagram] 下载进度：3.7% | 0.5MiB/13.64MiB | 速度 203.90KiB/s | 剩余 01:06
2026-07-29 10:34:58,176 - INFO - [SYSTEM] - [MODE:MATERIAL] - [STRATEGY:NONE] - [COOKIE:NO] - [10:34:58][策略1][Instagram] 下载进度：6.7% | 0.9MiB/13.64MiB | 速度 214.15KiB/s | 剩余 01:00
2026-07-29 10:35:00,171 - INFO - [SYSTEM] - [MODE:MATERIAL] - [STRATEGY:NONE] - [COOKIE:NO] - [10:35:00][策略1][Instagram] 下载进度：9.9% | 1.4MiB/13.64MiB | 速度 216.66KiB/s | 剩余 00:58
2026-07-29 10:35:02,094 - INFO - [SYSTEM] - [MODE:MATERIAL] - [STRATEGY:NONE] - [COOKIE:NO] - [10:35:02][策略1][Instagram] 下载进度：13.0% | 1.8MiB/13.64MiB | 速度 218.86KiB/s | 剩余 00:55
2026-07-29 10:35:04,045 - INFO - [SYSTEM] - [MODE:MATERIAL] - [STRATEGY:NONE] - [COOKIE:NO] - [10:35:04][策略1][Instagram] 下载进度：16.4% | 2.2MiB/13.64MiB | 速度 223.00KiB/s | 剩余 00:52
2026-07-29 10:35:05,762 - INFO - [SYSTEM] - [MODE:MATERIAL] - [STRATEGY:NONE] - [COOKIE:NO] - [10:35:05][策略1][Instagram] 下载进度：20.0% | 2.7MiB/13.64MiB | 速度 233.62KiB/s | 剩余 00:47
2026-07-29 10:35:06,453 - INFO - [SYSTEM] - [MODE:MATERIAL] - [STRATEGY:NONE] - [COOKIE:NO] - [10:35:06][策略1][Instagram] 下载进度：22.4% | 3.1MiB/13.64MiB | 速度 247.16KiB/s | 剩余 00:43
2026-07-29 10:35:07,228 - INFO - [SYSTEM] - [MODE:MATERIAL] - [STRATEGY:NONE] - [COOKIE:NO] - [10:35:07][策略1][Instagram] 下载进度：25.9% | 3.5MiB/13.64MiB | 速度 268.74KiB/s | 剩余 00:38
2026-07-29 10:35:08,208 - INFO - [SYSTEM] - [MODE:MATERIAL] - [STRATEGY:NONE] - [COOKIE:NO] - [10:35:08][策略1][Instagram] 下载进度：30.3% | 4.1MiB/13.64MiB | 速度 293.59KiB/s | 剩余 00:33
2026-07-29 10:35:09,211 - INFO - [SYSTEM] - [MODE:MATERIAL] - [STRATEGY:NONE] - [COOKIE:NO] - [10:35:09][策略1][Instagram] 下载进度：34.8% | 4.7MiB/13.64MiB | 速度 315.63KiB/s | 剩余 00:28
2026-07-29 10:35:10,185 - INFO - [SYSTEM] - [MODE:MATERIAL] - [STRATEGY:NONE] - [COOKIE:NO] - [10:35:10][策略1][Instagram] 下载进度：39.4% | 5.4MiB/13.64MiB | 速度 335.42KiB/s | 剩余 00:25
2026-07-29 10:35:11,384 - INFO - [SYSTEM] - [MODE:MATERIAL] - [STRATEGY:NONE] - [COOKIE:NO] - [10:35:11][策略1][Instagram] 下载进度：44.0% | 6.0MiB/13.64MiB | 速度 349.42KiB/s | 剩余 00:22
2026-07-29 10:35:12,254 - INFO - [SYSTEM] - [MODE:MATERIAL] - [STRATEGY:NONE] - [COOKIE:NO] - [10:35:12][策略1][Instagram] 下载进度：47.9% | 6.5MiB/13.64MiB | 速度 362.26KiB/s | 剩余 00:20
2026-07-29 10:35:13,231 - INFO - [SYSTEM] - [MODE:MATERIAL] - [STRATEGY:NONE] - [COOKIE:NO] - [10:35:13][策略1][Instagram] 下载进度：52.3% | 7.1MiB/13.64MiB | 速度 376.06KiB/s | 剩余 00:17
2026-07-29 10:35:14,233 - INFO - [SYSTEM] - [MODE:MATERIAL] - [STRATEGY:NONE] - [COOKIE:NO] - [10:35:14][策略1][Instagram] 下载进度：56.9% | 7.8MiB/13.64MiB | 速度 388.78KiB/s | 剩余 00:15
2026-07-29 10:35:15,334 - INFO - [SYSTEM] - [MODE:MATERIAL] - [STRATEGY:NONE] - [COOKIE:NO] - [10:35:15][策略1][Instagram] 下载进度：61.4% | 8.4MiB/13.64MiB | 速度 398.43KiB/s | 剩余 00:13
2026-07-29 10:35:17,064 - INFO - [SYSTEM] - [MODE:MATERIAL] - [STRATEGY:NONE] - [COOKIE:NO] - [10:35:17][策略1][Instagram] 下载进度：65.6% | 8.9MiB/13.64MiB | 速度 393.62KiB/s | 剩余 00:12
2026-07-29 10:35:18,652 - INFO - [SYSTEM] - [MODE:MATERIAL] - [STRATEGY:NONE] - [COOKIE:NO] - [10:35:18][策略1][Instagram] 下载进度：68.0% | 9.3MiB/13.64MiB | 速度 381.90KiB/s | 剩余 00:11
2026-07-29 10:35:20,695 - INFO - [SYSTEM] - [MODE:MATERIAL] - [STRATEGY:NONE] - [COOKIE:NO] - [10:35:20][策略1][Instagram] 下载进度：70.9% | 9.7MiB/13.64MiB | 速度 368.15KiB/s | 剩余 00:11
2026-07-29 10:35:22,647 - INFO - [SYSTEM] - [MODE:MATERIAL] - [STRATEGY:NONE] - [COOKIE:NO] - [10:35:22][策略1][Instagram] 下载进度：73.8% | 10.1MiB/13.64MiB | 速度 357.40KiB/s | 剩余 00:10
2026-07-29 10:35:24,671 - INFO - [SYSTEM] - [MODE:MATERIAL] - [STRATEGY:NONE] - [COOKIE:NO] - [10:35:24][策略1][Instagram] 下载进度：76.9% | 10.5MiB/13.64MiB | 速度 347.87KiB/s | 剩余 00:09
2026-07-29 10:35:26,923 - INFO - [SYSTEM] - [MODE:MATERIAL] - [STRATEGY:NONE] - [COOKIE:NO] - [10:35:26][策略1][Instagram] 下载进度：79.9% | 10.9MiB/13.64MiB | 速度 336.87KiB/s | 剩余 00:08
2026-07-29 10:35:28,658 - INFO - [SYSTEM] - [MODE:MATERIAL] - [STRATEGY:NONE] - [COOKIE:NO] - [10:35:28][策略1][Instagram] 下载进度：82.5% | 11.3MiB/13.64MiB | 速度 330.60KiB/s | 剩余 00:07
2026-07-29 10:35:30,691 - INFO - [SYSTEM] - [MODE:MATERIAL] - [STRATEGY:NONE] - [COOKIE:NO] - [10:35:30][策略1][Instagram] 下载进度：85.6% | 11.7MiB/13.64MiB | 速度 324.04KiB/s | 剩余 00:06
2026-07-29 10:35:32,719 - INFO - [SYSTEM] - [MODE:MATERIAL] - [STRATEGY:NONE] - [COOKIE:NO] - [10:35:32][策略1][Instagram] 下载进度：88.6% | 12.1MiB/13.64MiB | 速度 317.92KiB/s | 剩余 00:05
2026-07-29 10:35:34,667 - INFO - [SYSTEM] - [MODE:MATERIAL] - [STRATEGY:NONE] - [COOKIE:NO] - [10:35:34][策略1][Instagram] 下载进度：91.6% | 12.5MiB/13.64MiB | 速度 313.12KiB/s | 剩余 00:03
2026-07-29 10:35:36,691 - INFO - [SYSTEM] - [MODE:MATERIAL] - [STRATEGY:NONE] - [COOKIE:NO] - [10:35:36][策略1][Instagram] 下载进度：94.7% | 12.9MiB/13.64MiB | 速度 308.37KiB/s | 剩余 00:02
2026-07-29 10:35:38,719 - INFO - [SYSTEM] - [MODE:MATERIAL] - [STRATEGY:NONE] - [COOKIE:NO] - [10:35:38][策略1][Instagram] 下载进度：97.7% | 13.3MiB/13.64MiB | 速度 303.80KiB/s | 剩余 00:01
2026-07-29 10:35:40,194 - INFO - [SYSTEM] - [MODE:MATERIAL] - [STRATEGY:NONE] - [COOKIE:NO] - [10:35:40][策略1][Instagram] 下载进度：100.0% | 13.6MiB/13.64MiB | 速度 301.05KiB/s | 剩余 00:00
2026-07-29 10:35:40,195 - INFO - [SYSTEM] - [MODE:MATERIAL] - [STRATEGY:NONE] - [COOKIE:NO] - [10:35:40][策略1][Instagram] 下载进度：100.0% | 13.6MiB/13.64MiB | 速度 296.88KiB/s | 剩余 NA
2026-07-29 10:35:46,325 - INFO - [SYSTEM] - [MODE:MATERIAL] - [STRATEGY:NONE] - [COOKIE:NO] - [10:35:46][策略1][Instagram] 仍在解析或下载中，等待平台响应...
2026-07-29 10:35:48,305 - INFO - [SYSTEM] - [MODE:MATERIAL] - [STRATEGY:NONE] - [COOKIE:NO] - [10:35:48][策略1][Instagram] 下载进度：0.4% | 1.0KiB/243.31KiB | 速度 19.51KiB/s | 剩余 00:12
2026-07-29 10:35:48,306 - INFO - [SYSTEM] - [MODE:MATERIAL] - [STRATEGY:NONE] - [COOKIE:NO] - [10:35:48][策略1][Instagram] 下载进度：2.9% | 7.1KiB/243.31KiB | 速度 133.98KiB/s | 剩余 00:01
2026-07-29 10:35:48,355 - INFO - [SYSTEM] - [MODE:MATERIAL] - [STRATEGY:NONE] - [COOKIE:NO] - [10:35:48][策略1][Instagram] 下载进度：6.2% | 15.1KiB/243.31KiB | 速度 148.98KiB/s | 剩余 00:01
2026-07-29 10:35:48,408 - INFO - [SYSTEM] - [MODE:MATERIAL] - [STRATEGY:NONE] - [COOKIE:NO] - [10:35:48][策略1][Instagram] 下载进度：12.7% | 30.9KiB/243.31KiB | 速度 201.11KiB/s | 剩余 00:01
2026-07-29 10:35:48,505 - INFO - [SYSTEM] - [MODE:MATERIAL] - [STRATEGY:NONE] - [COOKIE:NO] - [10:35:48][策略1][Instagram] 下载进度：25.9% | 63.0KiB/243.31KiB | 速度 251.32KiB/s | 剩余 00:00
2026-07-29 10:35:48,705 - INFO - [SYSTEM] - [MODE:MATERIAL] - [STRATEGY:NONE] - [COOKIE:NO] - [10:35:48][策略1][Instagram] 下载进度：52.2% | 127.0KiB/243.31KiB | 速度 281.77KiB/s | 剩余 00:00
2026-07-29 10:35:49,041 - INFO - [SYSTEM] - [MODE:MATERIAL] - [STRATEGY:NONE] - [COOKIE:NO] - [10:35:49][策略1][Instagram] 下载进度：100.0% | 243.3KiB/243.31KiB | 速度 309.14KiB/s | 剩余 00:00
2026-07-29 10:35:49,042 - INFO - [SYSTEM] - [MODE:MATERIAL] - [STRATEGY:NONE] - [COOKIE:NO] - [10:35:49][策略1][Instagram] 下载进度：100.0% | 243.3KiB/243.31KiB | 速度 193.23KiB/s | 剩余 NA
2026-07-29 10:35:50,135 - INFO - [SYSTEM] - [MODE:MATERIAL] - [STRATEGY:NONE] - [COOKIE:NO] - [10:35:50][策略1][Instagram] Selected format: format_id=dash-1374192671259373v+dash-1374183837926923a, res=1080x1920, fps=NA, tbr=4244.903, ext=mp4
2026-07-29 10:35:50,135 - INFO - [SYSTEM] - [MODE:MATERIAL] - [STRATEGY:NONE] - [COOKIE:NO] - [10:35:50][策略1][Instagram] 下载成功，耗时 77.0s
2026-07-29 10:35:50,136 - INFO - [Instagram] - [MODE:MATERIAL] - [STRATEGY:PlatformNoCookie] - [COOKIE:NO] - DOWNLOAD_SUCCESS | MODE:MATERIAL | STRATEGY:PlatformNoCookie
2026-07-29 10:35:50,136 - INFO - [SYSTEM] - [MODE:MATERIAL] - [STRATEGY:NONE] - [COOKIE:NO] - [10:35:50] 文件名: Video by iamfabreezy-DaVDFTbvkKZ.mp4
2026-07-29 10:35:50,136 - INFO - [SYSTEM] - [MODE:MATERIAL] - [STRATEGY:NONE] - [COOKIE:NO] - [10:35:50] 保存路径: C:\Users\Administrator\Desktop\VideoDown\Video by iamfabreezy-DaVDFTbvkKZ.mp4
2026-07-29 10:35:50,136 - INFO - [SYSTEM] - [MODE:MATERIAL] - [STRATEGY:NONE] - [COOKIE:NO] - [10:35:50] 文件大小: 14.29 MB
2026-07-29 10:35:50,136 - INFO - [SYSTEM] - [MODE:MATERIAL] - [STRATEGY:NONE] - [COOKIE:NO] - Instagram pacing mode: normal; cooling down 1.83s before the next task
2026-07-29 10:35:50,141 - INFO - [SYSTEM] - [MODE:MATERIAL] - [STRATEGY:NONE] - [COOKIE:NO] - 预览文件已就绪: C:/Users/Administrator/Desktop/VideoDown\Video by iamfabreezy-DaVDFTbvkKZ.mp4
2026-07-29 10:35:51,972 - INFO - [Instagram] - [MODE:MATERIAL] - [STRATEGY:START] - [COOKIE:NO] - DOWNLOAD_START | MODE:MATERIAL | URL:https://www.instagram.com/reels/DbVTRT0x31j/ | MODIFIED:False | REASON:no changes
2026-07-29 10:35:51,973 - INFO - [SYSTEM] - [MODE:MATERIAL] - [STRATEGY:NONE] - [COOKIE:NO] - [10:35:51] 📋 平台: Instagram
2026-07-29 10:35:51,973 - INFO - [SYSTEM] - [MODE:MATERIAL] - [STRATEGY:NONE] - [COOKIE:NO] - [10:35:51] 策略1：Instagram 无 Cookie 下载...
2026-07-29 10:35:51,973 - INFO - [SYSTEM] - [MODE:MATERIAL] - [STRATEGY:NONE] - [COOKIE:NO] - [10:35:51][策略1][Instagram] 开始执行 yt-dlp
2026-07-29 10:35:57,995 - INFO - [SYSTEM] - [MODE:MATERIAL] - [STRATEGY:NONE] - [COOKIE:NO] - [10:35:57][策略1][Instagram] 仍在解析或下载中，等待平台响应...
2026-07-29 10:36:09,215 - INFO - [SYSTEM] - [MODE:MATERIAL] - [STRATEGY:NONE] - [COOKIE:NO] - [10:36:09][策略1][Instagram] 仍在解析或下载中，等待平台响应...
2026-07-29 10:36:13,770 - INFO - [SYSTEM] - [MODE:MATERIAL] - [STRATEGY:NONE] - [COOKIE:NO] - [10:36:13][策略1][Instagram] 下载进度：0.0% | 0.0MiB/4.43MiB | 速度 Unknown | 剩余 Unknown
2026-07-29 10:36:14,476 - INFO - [SYSTEM] - [MODE:MATERIAL] - [STRATEGY:NONE] - [COOKIE:NO] - [10:36:14][策略1][Instagram] 下载进度：2.8% | 0.1MiB/4.43MiB | 速度 179.86KiB/s | 剩余 00:24
2026-07-29 10:36:15,073 - INFO - [SYSTEM] - [MODE:MATERIAL] - [STRATEGY:NONE] - [COOKIE:NO] - [10:36:15][策略1][Instagram] 下载进度：5.6% | 0.2MiB/4.43MiB | 速度 195.69KiB/s | 剩余 00:21
2026-07-29 10:36:16,155 - INFO - [SYSTEM] - [MODE:MATERIAL] - [STRATEGY:NONE] - [COOKIE:NO] - [10:36:16][策略1][Instagram] 下载进度：10.4% | 0.5MiB/4.43MiB | 速度 196.74KiB/s | 剩余 00:20
2026-07-29 10:36:17,253 - INFO - [SYSTEM] - [MODE:MATERIAL] - [STRATEGY:NONE] - [COOKIE:NO] - [10:36:17][策略1][Instagram] 下载进度：14.7% | 0.7MiB/4.43MiB | 速度 191.60KiB/s | 剩余 00:20
2026-07-29 10:36:18,394 - INFO - [SYSTEM] - [MODE:MATERIAL] - [STRATEGY:NONE] - [COOKIE:NO] - [10:36:18][策略1][Instagram] 下载进度：18.7% | 0.8MiB/4.43MiB | 速度 183.36KiB/s | 剩余 00:20
2026-07-29 10:36:18,892 - INFO - [SYSTEM] - [MODE:MATERIAL] - [STRATEGY:NONE] - [COOKIE:NO] - [10:36:18][策略1][Instagram] 下载进度：22.2% | 1.0MiB/4.43MiB | 速度 196.41KiB/s | 剩余 00:17
2026-07-29 10:36:19,892 - INFO - [SYSTEM] - [MODE:MATERIAL] - [STRATEGY:NONE] - [COOKIE:NO] - [10:36:19][策略1][Instagram] 下载进度：29.2% | 1.3MiB/4.43MiB | 速度 215.98KiB/s | 剩余 00:14
2026-07-29 10:36:20,891 - INFO - [SYSTEM] - [MODE:MATERIAL] - [STRATEGY:NONE] - [COOKIE:NO] - [10:36:20][策略1][Instagram] 下载进度：36.1% | 1.6MiB/4.43MiB | 速度 230.07KiB/s | 剩余 00:12
2026-07-29 10:36:22,087 - INFO - [SYSTEM] - [MODE:MATERIAL] - [STRATEGY:NONE] - [COOKIE:NO] - [10:36:22][策略1][Instagram] 下载进度：43.1% | 1.9MiB/4.43MiB | 速度 235.05KiB/s | 剩余 00:10
2026-07-29 10:36:22,889 - INFO - [SYSTEM] - [MODE:MATERIAL] - [STRATEGY:NONE] - [COOKIE:NO] - [10:36:22][策略1][Instagram] 下载进度：49.0% | 2.2MiB/4.43MiB | 速度 243.41KiB/s | 剩余 00:09
2026-07-29 10:36:23,939 - INFO - [SYSTEM] - [MODE:MATERIAL] - [STRATEGY:NONE] - [COOKIE:NO] - [10:36:23][策略1][Instagram] 下载进度：56.2% | 2.5MiB/4.43MiB | 速度 250.74KiB/s | 剩余 00:07
2026-07-29 10:36:24,951 - INFO - [SYSTEM] - [MODE:MATERIAL] - [STRATEGY:NONE] - [COOKIE:NO] - [10:36:24][策略1][Instagram] 下载进度：63.2% | 2.8MiB/4.43MiB | 速度 256.13KiB/s | 剩余 00:06
2026-07-29 10:36:25,977 - INFO - [SYSTEM] - [MODE:MATERIAL] - [STRATEGY:NONE] - [COOKIE:NO] - [10:36:25][策略1][Instagram] 下载进度：70.0% | 3.1MiB/4.43MiB | 速度 260.03KiB/s | 剩余 00:05
2026-07-29 10:36:26,950 - INFO - [SYSTEM] - [MODE:MATERIAL] - [STRATEGY:NONE] - [COOKIE:NO] - [10:36:26][策略1][Instagram] 下载进度：76.7% | 3.4MiB/4.43MiB | 速度 263.80KiB/s | 剩余 00:04
2026-07-29 10:36:28,033 - INFO - [SYSTEM] - [MODE:MATERIAL] - [STRATEGY:NONE] - [COOKIE:NO] - [10:36:28][策略1][Instagram] 下载进度：83.6% | 3.7MiB/4.43MiB | 速度 265.58KiB/s | 剩余 00:02
2026-07-29 10:36:29,313 - INFO - [SYSTEM] - [MODE:MATERIAL] - [STRATEGY:NONE] - [COOKIE:NO] - [10:36:29][策略1][Instagram] 下载进度：89.9% | 4.0MiB/4.43MiB | 速度 262.20KiB/s | 剩余 00:01
2026-07-29 10:36:30,074 - INFO - [SYSTEM] - [MODE:MATERIAL] - [STRATEGY:NONE] - [COOKIE:NO] - [10:36:30][策略1][Instagram] 下载进度：94.9% | 4.2MiB/4.43MiB | 速度 263.73KiB/s | 剩余 00:00
2026-07-29 10:36:30,810 - INFO - [SYSTEM] - [MODE:MATERIAL] - [STRATEGY:NONE] - [COOKIE:NO] - [10:36:30][策略1][Instagram] 下载进度：100.0% | 4.4MiB/4.43MiB | 速度 266.03KiB/s | 剩余 00:00
2026-07-29 10:36:30,811 - INFO - [SYSTEM] - [MODE:MATERIAL] - [STRATEGY:NONE] - [COOKIE:NO] - [10:36:30][策略1][Instagram] 下载进度：100.0% | 4.4MiB/4.43MiB | 速度 253.72KiB/s | 剩余 NA
2026-07-29 10:36:36,874 - INFO - [SYSTEM] - [MODE:MATERIAL] - [STRATEGY:NONE] - [COOKIE:NO] - [10:36:36][策略1][Instagram] 仍在解析或下载中，等待平台响应...
2026-07-29 10:36:37,308 - INFO - [SYSTEM] - [MODE:MATERIAL] - [STRATEGY:NONE] - [COOKIE:NO] - [10:36:37][策略1][Instagram] 下载进度：1.3% | 1.0KiB/74.78KiB | 速度 304.80KiB/s | 剩余 00:00
2026-07-29 10:36:37,308 - INFO - [SYSTEM] - [MODE:MATERIAL] - [STRATEGY:NONE] - [COOKIE:NO] - [10:36:37][策略1][Instagram] 下载进度：4.0% | 3.0KiB/74.78KiB | 速度 682.22KiB/s | 剩余 00:00
2026-07-29 10:36:37,308 - INFO - [SYSTEM] - [MODE:MATERIAL] - [STRATEGY:NONE] - [COOKIE:NO] - [10:36:37][策略1][Instagram] 下载进度：9.4% | 7.0KiB/74.78KiB | 速度 1.55MiB/s | 剩余 00:00
2026-07-29 10:36:37,313 - INFO - [SYSTEM] - [MODE:MATERIAL] - [STRATEGY:NONE] - [COOKIE:NO] - [10:36:37][策略1][Instagram] 下载进度：20.1% | 15.0KiB/74.78KiB | 速度 1.90MiB/s | 剩余 00:00
2026-07-29 10:36:37,313 - INFO - [SYSTEM] - [MODE:MATERIAL] - [STRATEGY:NONE] - [COOKIE:NO] - [10:36:37][策略1][Instagram] 下载进度：41.5% | 31.0KiB/74.78KiB | 速度 3.35MiB/s | 剩余 00:00
2026-07-29 10:36:37,319 - INFO - [SYSTEM] - [MODE:MATERIAL] - [STRATEGY:NONE] - [COOKIE:NO] - [10:36:37][策略1][Instagram] 下载进度：84.2% | 63.0KiB/74.78KiB | 速度 4.06MiB/s | 剩余 00:00
2026-07-29 10:36:37,324 - INFO - [SYSTEM] - [MODE:MATERIAL] - [STRATEGY:NONE] - [COOKIE:NO] - [10:36:37][策略1][Instagram] 下载进度：100.0% | 74.8KiB/74.78KiB | 速度 3.73MiB/s | 剩余 00:00
2026-07-29 10:36:37,325 - INFO - [SYSTEM] - [MODE:MATERIAL] - [STRATEGY:NONE] - [COOKIE:NO] - [10:36:37][策略1][Instagram] 下载进度：100.0% | 74.8KiB/74.78KiB | 速度 210.31KiB/s | 剩余 NA
2026-07-29 10:36:38,078 - INFO - [SYSTEM] - [MODE:MATERIAL] - [STRATEGY:NONE] - [COOKIE:NO] - [10:36:38][策略1][Instagram] Selected format: format_id=dash-1030763132916674v+dash-1030757472917240a, res=1080x1920, fps=NA, tbr=4028.9, ext=mp4
2026-07-29 10:36:38,078 - INFO - [SYSTEM] - [MODE:MATERIAL] - [STRATEGY:NONE] - [COOKIE:NO] - [10:36:38][策略1][Instagram] 下载成功，耗时 46.1s
2026-07-29 10:36:38,079 - INFO - [Instagram] - [MODE:MATERIAL] - [STRATEGY:PlatformNoCookie] - [COOKIE:NO] - DOWNLOAD_SUCCESS | MODE:MATERIAL | STRATEGY:PlatformNoCookie
2026-07-29 10:36:38,080 - INFO - [SYSTEM] - [MODE:MATERIAL] - [STRATEGY:NONE] - [COOKIE:NO] - [10:36:38] 文件名: Video by line_zun-DbVTRT0x31j.mp4
2026-07-29 10:36:38,080 - INFO - [SYSTEM] - [MODE:MATERIAL] - [STRATEGY:NONE] - [COOKIE:NO] - [10:36:38] 保存路径: C:\Users\Administrator\Desktop\VideoDown\Video by line_zun-DbVTRT0x31j.mp4
2026-07-29 10:36:38,080 - INFO - [SYSTEM] - [MODE:MATERIAL] - [STRATEGY:NONE] - [COOKIE:NO] - [10:36:38] 文件大小: 4.65 MB
2026-07-29 10:36:38,085 - INFO - [SYSTEM] - [MODE:MATERIAL] - [STRATEGY:NONE] - [COOKIE:NO] - 预览文件已就绪: C:/Users/Administrator/Desktop/VideoDown\Video by line_zun-DbVTRT0x31j.mp4
2026-07-29 11:13:05,674 - INFO - [SYSTEM] - [MODE:MATERIAL] - [STRATEGY:NONE] - [COOKIE:NO] - 正在重启软件...
2026-07-29 11:13:07,108 - INFO - [SYSTEM] - [MODE:MATERIAL] - [STRATEGY:NONE] - [COOKIE:NO] - 已恢复上次预览文件: C:/Users/Administrator/Desktop/VideoDown\Video by line_zun-DbVTRT0x31j.mp4
2026-07-29 11:13:07,195 - INFO - [SYSTEM] - [MODE:MATERIAL] - [STRATEGY:NONE] - [COOKIE:NO] - 启动时检查工具和 Cookie 状态...
2026-07-29 11:13:07,195 - INFO - [SYSTEM] - [MODE:MATERIAL] - [STRATEGY:NONE] - [COOKIE:NO] - Deno.js解析引擎已启动就绪
2026-07-29 11:13:07,196 - INFO - [SYSTEM] - [MODE:MATERIAL] - [STRATEGY:NONE] - [COOKIE:NO] - 所有必要工具已就绪
2026-07-29 11:13:07,196 - INFO - [SYSTEM] - [MODE:MATERIAL] - [STRATEGY:NONE] - [COOKIE:NO] - [11:13:07] Cookie health check:
2026-07-29 11:13:07,197 - INFO - [SYSTEM] - [MODE:MATERIAL] - [STRATEGY:NONE] - [COOKIE:NO] -   YouTube: healthy | score=95 | size=1.63 KB | Cookie valid until 2027-05-25 10:59
2026-07-29 11:13:07,197 - INFO - [SYSTEM] - [MODE:MATERIAL] - [STRATEGY:NONE] - [COOKIE:NO] -   Instagram: healthy | score=95 | size=854.00 B | Cookie valid until 2027-06-04 13:58
2026-07-29 11:13:07,197 - INFO - [SYSTEM] - [MODE:MATERIAL] - [STRATEGY:NONE] - [COOKIE:NO] -   TikTok: healthy | score=95 | size=4.51 KB | Cookie valid until 2027-07-10 14:33
2026-07-29 11:13:07,197 - INFO - [SYSTEM] - [MODE:MATERIAL] - [STRATEGY:NONE] - [COOKIE:NO] -   Twitter: healthy | score=95 | size=1.26 KB | Cookie valid until 2027-07-10 11:13
2026-07-29 11:13:09,462 - INFO - [SYSTEM] - [MODE:MATERIAL] - [STRATEGY:NONE] - [COOKIE:NO] - 账号验证成功（半年订阅，今日剩余 300 次）
2026-07-29 11:13:31,349 - INFO - [SYSTEM] - [MODE:MATERIAL] - [STRATEGY:NONE] - [COOKIE:NO] - 打开官网订阅：https://license.muyanshidai.com/index.php
2026-07-29 11:14:44,241 - INFO - [SYSTEM] - [MODE:MATERIAL] - [STRATEGY:NONE] - [COOKIE:NO] - 账号模式下载校验：主下载页面批量下载，准备登记 1 个下载任务
2026-07-29 11:14:45,998 - INFO - [SYSTEM] - [MODE:MATERIAL] - [STRATEGY:NONE] - [COOKIE:NO] - 账号模式下载校验结果：status=ok, msg=download_count_recorded
2026-07-29 11:14:45,999 - INFO - [SYSTEM] - [MODE:MATERIAL] - [STRATEGY:NONE] - [COOKIE:NO] - 开始视频下载 1 个任务
2026-07-29 11:14:46,000 - INFO - [SYSTEM] - [MODE:MATERIAL] - [STRATEGY:NONE] - [COOKIE:NO] - 下载路径: C:/Users/Administrator/Desktop/VideoDown
2026-07-29 11:14:46,000 - INFO - [SYSTEM] - [MODE:MATERIAL] - [STRATEGY:NONE] - [COOKIE:NO] - 画质: 最佳画质
2026-07-29 11:14:46,002 - INFO - [SYSTEM] - [MODE:MATERIAL] - [STRATEGY:NONE] - [COOKIE:NO] - 下载调度: Twitter:1
2026-07-29 11:14:46,010 - INFO - [Twitter] - [MODE:MATERIAL] - [STRATEGY:START] - [COOKIE:NO] - DOWNLOAD_START | MODE:MATERIAL | URL:https://x.com/_Brainboxx/status/2082063122869666048?s=20 | MODIFIED:False | REASON:no changes
2026-07-29 11:14:46,010 - INFO - [SYSTEM] - [MODE:MATERIAL] - [STRATEGY:NONE] - [COOKIE:NO] - [11:14:46] 平台: Twitter/X
2026-07-29 11:14:46,011 - INFO - [SYSTEM] - [MODE:MATERIAL] - [STRATEGY:NONE] - [COOKIE:NO] - [11:14:46] 策略1：Twitter/X 无 Cookie 下载...
2026-07-29 11:14:46,012 - INFO - [SYSTEM] - [MODE:MATERIAL] - [STRATEGY:NONE] - [COOKIE:NO] - [11:14:46][策略1][Twitter] 开始执行 yt-dlp
2026-07-29 11:14:52,462 - INFO - [SYSTEM] - [MODE:MATERIAL] - [STRATEGY:NONE] - [COOKIE:NO] - [11:14:52][策略1][Twitter] 仍在解析或下载中，等待平台响应...
2026-07-29 11:14:56,904 - INFO - [SYSTEM] - [MODE:MATERIAL] - [STRATEGY:NONE] - [COOKIE:NO] - [11:14:56][策略1][Twitter] 下载进度：2.5% | 总大小 N/A | 速度 2.43KiB/s | 剩余 Unknown
2026-07-29 11:14:57,179 - INFO - [SYSTEM] - [MODE:MATERIAL] - [STRATEGY:NONE] - [COOKIE:NO] - [11:14:57][策略1][Twitter] 下载进度：4.5% | 总大小 N/A | 速度 371.41KiB/s | 剩余 Unknown
2026-07-29 11:14:57,420 - INFO - [SYSTEM] - [MODE:MATERIAL] - [STRATEGY:NONE] - [COOKIE:NO] - [11:14:57][策略1][Twitter] 下载进度：7.1% | 总大小 N/A | 速度 906.35KiB/s | 剩余 Unknown
2026-07-29 11:14:58,421 - INFO - [SYSTEM] - [MODE:MATERIAL] - [STRATEGY:NONE] - [COOKIE:NO] - [11:14:58][策略1][Twitter] 下载进度：9.3% | 总大小 N/A | 速度 986.47KiB/s | 剩余 00:12
2026-07-29 11:14:58,909 - INFO - [SYSTEM] - [MODE:MATERIAL] - [STRATEGY:NONE] - [COOKIE:NO] - [11:14:58][策略1][Twitter] 下载进度：11.7% | 总大小 N/A | 速度 903.97KiB/s | 剩余 00:13
2026-07-29 11:14:59,695 - INFO - [SYSTEM] - [MODE:MATERIAL] - [STRATEGY:NONE] - [COOKIE:NO] - [11:14:59][策略1][Twitter] 下载进度：14.3% | 总大小 N/A | 速度 831.26KiB/s | 剩余 00:14
2026-07-29 11:15:00,501 - INFO - [SYSTEM] - [MODE:MATERIAL] - [STRATEGY:NONE] - [COOKIE:NO] - [11:15:00][策略1][Twitter] 下载进度：17.5% | 总大小 N/A | 速度 730.79KiB/s | 剩余 00:16
2026-07-29 11:15:01,121 - INFO - [SYSTEM] - [MODE:MATERIAL] - [STRATEGY:NONE] - [COOKIE:NO] - [11:15:01][策略1][Twitter] 下载进度：19.5% | 总大小 N/A | 速度 664.86KiB/s | 剩余 00:18
2026-07-29 11:15:01,932 - INFO - [SYSTEM] - [MODE:MATERIAL] - [STRATEGY:NONE] - [COOKIE:NO] - [11:15:01][策略1][Twitter] 下载进度：23.1% | 总大小 N/A | 速度 646.83KiB/s | 剩余 00:18
2026-07-29 11:15:02,419 - INFO - [SYSTEM] - [MODE:MATERIAL] - [STRATEGY:NONE] - [COOKIE:NO] - [11:15:02][策略1][Twitter] 下载进度：25.5% | 总大小 N/A | 速度 629.29KiB/s | 剩余 00:19
2026-07-29 11:15:03,031 - INFO - [SYSTEM] - [MODE:MATERIAL] - [STRATEGY:NONE] - [COOKIE:NO] - [11:15:03][策略1][Twitter] 下载进度：27.6% | 总大小 N/A | 速度 625.03KiB/s | 剩余 00:18
2026-07-29 11:15:03,613 - INFO - [SYSTEM] - [MODE:MATERIAL] - [STRATEGY:NONE] - [COOKIE:NO] - [11:15:03][策略1][Twitter] 下载进度：29.6% | 总大小 N/A | 速度 630.18KiB/s | 剩余 00:18
2026-07-29 11:15:04,334 - INFO - [SYSTEM] - [MODE:MATERIAL] - [STRATEGY:NONE] - [COOKIE:NO] - [11:15:04][策略1][Twitter] 下载进度：32.6% | 总大小 N/A | 速度 627.40KiB/s | 剩余 00:18
2026-07-29 11:15:04,937 - INFO - [SYSTEM] - [MODE:MATERIAL] - [STRATEGY:NONE] - [COOKIE:NO] - [11:15:04][策略1][Twitter] 下载进度：36.0% | 总大小 N/A | 速度 631.49KiB/s | 剩余 00:17
2026-07-29 11:15:05,298 - INFO - [SYSTEM] - [MODE:MATERIAL] - [STRATEGY:NONE] - [COOKIE:NO] - [11:15:05][策略1][Twitter] 下载进度：38.0% | 总大小 N/A | 速度 635.39KiB/s | 剩余 00:17
2026-07-29 11:15:05,789 - INFO - [SYSTEM] - [MODE:MATERIAL] - [STRATEGY:NONE] - [COOKIE:NO] - [11:15:05][策略1][Twitter] 下载进度：40.0% | 总大小 N/A | 速度 629.92KiB/s | 剩余 00:16
2026-07-29 11:15:06,433 - INFO - [SYSTEM] - [MODE:MATERIAL] - [STRATEGY:NONE] - [COOKIE:NO] - [11:15:06][策略1][Twitter] 下载进度：42.7% | 总大小 N/A | 速度 629.40KiB/s | 剩余 00:15
2026-07-29 11:15:07,697 - INFO - [SYSTEM] - [MODE:MATERIAL] - [STRATEGY:NONE] - [COOKIE:NO] - [11:15:07][策略1][Twitter] 下载进度：45.2% | 总大小 N/A | 速度 636.27KiB/s | 剩余 00:14
2026-07-29 11:15:09,200 - INFO - [SYSTEM] - [MODE:MATERIAL] - [STRATEGY:NONE] - [COOKIE:NO] - [11:15:09][策略1][Twitter] 下载进度：48.0% | 总大小 N/A | 速度 635.89KiB/s | 剩余 00:14
2026-07-29 11:15:10,423 - INFO - [SYSTEM] - [MODE:MATERIAL] - [STRATEGY:NONE] - [COOKIE:NO] - [11:15:10][策略1][Twitter] 下载进度：52.4% | 总大小 N/A | 速度 634.69KiB/s | 剩余 00:14
2026-07-29 11:15:11,146 - INFO - [SYSTEM] - [MODE:MATERIAL] - [STRATEGY:NONE] - [COOKIE:NO] - [11:15:11][策略1][Twitter] 下载进度：54.4% | 总大小 N/A | 速度 632.46KiB/s | 剩余 00:13
2026-07-29 11:15:11,998 - INFO - [SYSTEM] - [MODE:MATERIAL] - [STRATEGY:NONE] - [COOKIE:NO] - [11:15:11][策略1][Twitter] 下载进度：57.6% | 总大小 N/A | 速度 630.92KiB/s | 剩余 00:13
2026-07-29 11:15:12,961 - INFO - [SYSTEM] - [MODE:MATERIAL] - [STRATEGY:NONE] - [COOKIE:NO] - [11:15:12][策略1][Twitter] 下载进度：60.1% | 总大小 N/A | 速度 593.10KiB/s | 剩余 00:12
2026-07-29 11:15:13,300 - INFO - [SYSTEM] - [MODE:MATERIAL] - [STRATEGY:NONE] - [COOKIE:NO] - [11:15:13][策略1][Twitter] 下载进度：62.3% | 总大小 N/A | 速度 608.05KiB/s | 剩余 00:12
2026-07-29 11:15:14,039 - INFO - [SYSTEM] - [MODE:MATERIAL] - [STRATEGY:NONE] - [COOKIE:NO] - [11:15:14][策略1][Twitter] 下载进度：64.6% | 总大小 N/A | 速度 631.97KiB/s | 剩余 00:11
2026-07-29 11:15:14,829 - INFO - [SYSTEM] - [MODE:MATERIAL] - [STRATEGY:NONE] - [COOKIE:NO] - [11:15:14][策略1][Twitter] 下载进度：67.3% | 总大小 N/A | 速度 629.92KiB/s | 剩余 00:10
2026-07-29 11:15:15,571 - INFO - [SYSTEM] - [MODE:MATERIAL] - [STRATEGY:NONE] - [COOKIE:NO] - [11:15:15][策略1][Twitter] 下载进度：69.7% | 总大小 N/A | 速度 668.34KiB/s | 剩余 00:10
2026-07-29 11:15:16,365 - INFO - [SYSTEM] - [MODE:MATERIAL] - [STRATEGY:NONE] - [COOKIE:NO] - [11:15:16][策略1][Twitter] 下载进度：71.8% | 总大小 N/A | 速度 663.76KiB/s | 剩余 00:09
2026-07-29 11:15:17,262 - INFO - [SYSTEM] - [MODE:MATERIAL] - [STRATEGY:NONE] - [COOKIE:NO] - [11:15:17][策略1][Twitter] 下载进度：74.7% | 总大小 N/A | 速度 635.23KiB/s | 剩余 00:08
2026-07-29 11:15:18,046 - INFO - [SYSTEM] - [MODE:MATERIAL] - [STRATEGY:NONE] - [COOKIE:NO] - [11:15:18][策略1][Twitter] 下载进度：77.3% | 总大小 N/A | 速度 627.58KiB/s | 剩余 00:08
2026-07-29 11:15:18,813 - INFO - [SYSTEM] - [MODE:MATERIAL] - [STRATEGY:NONE] - [COOKIE:NO] - [11:15:18][策略1][Twitter] 下载进度：79.3% | 总大小 N/A | 速度 625.89KiB/s | 剩余 00:07
2026-07-29 11:15:19,741 - INFO - [SYSTEM] - [MODE:MATERIAL] - [STRATEGY:NONE] - [COOKIE:NO] - [11:15:19][策略1][Twitter] 下载进度：82.3% | 总大小 N/A | 速度 628.81KiB/s | 剩余 00:06
2026-07-29 11:15:20,522 - INFO - [SYSTEM] - [MODE:MATERIAL] - [STRATEGY:NONE] - [COOKIE:NO] - [11:15:20][策略1][Twitter] 下载进度：84.9% | 总大小 N/A | 速度 625.83KiB/s | 剩余 00:06
2026-07-29 11:15:21,269 - INFO - [SYSTEM] - [MODE:MATERIAL] - [STRATEGY:NONE] - [COOKIE:NO] - [11:15:21][策略1][Twitter] 下载进度：87.5% | 总大小 N/A | 速度 624.64KiB/s | 剩余 00:05
2026-07-29 11:15:21,971 - INFO - [SYSTEM] - [MODE:MATERIAL] - [STRATEGY:NONE] - [COOKIE:NO] - [11:15:21][策略1][Twitter] 下载进度：90.5% | 总大小 N/A | 速度 625.39KiB/s | 剩余 00:04
2026-07-29 11:15:22,558 - INFO - [SYSTEM] - [MODE:MATERIAL] - [STRATEGY:NONE] - [COOKIE:NO] - [11:15:22][策略1][Twitter] 下载进度：92.5% | 总大小 N/A | 速度 627.19KiB/s | 剩余 00:03
2026-07-29 11:15:23,310 - INFO - [SYSTEM] - [MODE:MATERIAL] - [STRATEGY:NONE] - [COOKIE:NO] - [11:15:23][策略1][Twitter] 下载进度：94.6% | 总大小 N/A | 速度 629.89KiB/s | 剩余 00:03
2026-07-29 11:15:24,157 - INFO - [SYSTEM] - [MODE:MATERIAL] - [STRATEGY:NONE] - [COOKIE:NO] - [11:15:24][策略1][Twitter] 下载进度：96.9% | 总大小 N/A | 速度 630.60KiB/s | 剩余 00:02
2026-07-29 11:15:25,348 - INFO - [SYSTEM] - [MODE:MATERIAL] - [STRATEGY:NONE] - [COOKIE:NO] - [11:15:25][策略1][Twitter] 下载进度：99.0% | 总大小 N/A | 速度 634.79KiB/s | 剩余 00:01
2026-07-29 11:15:26,165 - INFO - [SYSTEM] - [MODE:MATERIAL] - [STRATEGY:NONE] - [COOKIE:NO] - [11:15:26][策略1][Twitter] 下载进度：100.0% | 18.7MiB/18.74MiB | 速度 653.25KiB/s | 剩余 NA
2026-07-29 11:15:29,426 - INFO - [SYSTEM] - [MODE:MATERIAL] - [STRATEGY:NONE] - [COOKIE:NO] - [11:15:29][策略1][Twitter] 下载进度：2.4% | 总大小 N/A | 速度 1.84KiB/s | 剩余 Unknown
2026-07-29 11:15:29,667 - INFO - [SYSTEM] - [MODE:MATERIAL] - [STRATEGY:NONE] - [COOKIE:NO] - [11:15:29][策略1][Twitter] 下载进度：4.5% | 总大小 N/A | 速度 43.64KiB/s | 剩余 Unknown
2026-07-29 11:15:29,788 - INFO - [SYSTEM] - [MODE:MATERIAL] - [STRATEGY:NONE] - [COOKIE:NO] - [11:15:29][策略1][Twitter] 下载进度：6.6% | 总大小 N/A | 速度 90.64KiB/s | 剩余 Unknown
2026-07-29 11:15:29,908 - INFO - [SYSTEM] - [MODE:MATERIAL] - [STRATEGY:NONE] - [COOKIE:NO] - [11:15:29][策略1][Twitter] 下载进度：9.2% | 总大小 N/A | 速度 134.74KiB/s | 剩余 Unknown
2026-07-29 11:15:30,027 - INFO - [SYSTEM] - [MODE:MATERIAL] - [STRATEGY:NONE] - [COOKIE:NO] - [11:15:30][策略1][Twitter] 下载进度：11.8% | 总大小 N/A | 速度 174.60KiB/s | 剩余 Unknown
2026-07-29 11:15:30,149 - INFO - [SYSTEM] - [MODE:MATERIAL] - [STRATEGY:NONE] - [COOKIE:NO] - [11:15:30][策略1][Twitter] 下载进度：14.3% | 总大小 N/A | 速度 207.40KiB/s | 剩余 Unknown
2026-07-29 11:15:30,270 - INFO - [SYSTEM] - [MODE:MATERIAL] - [STRATEGY:NONE] - [COOKIE:NO] - [11:15:30][策略1][Twitter] 下载进度：16.8% | 总大小 N/A | 速度 234.06KiB/s | 剩余 Unknown
2026-07-29 11:15:30,389 - INFO - [SYSTEM] - [MODE:MATERIAL] - [STRATEGY:NONE] - [COOKIE:NO] - [11:15:30][策略1][Twitter] 下载进度：19.2% | 总大小 N/A | 速度 256.87KiB/s | 剩余 00:04
2026-07-29 11:15:30,512 - INFO - [SYSTEM] - [MODE:MATERIAL] - [STRATEGY:NONE] - [COOKIE:NO] - [11:15:30][策略1][Twitter] 下载进度：21.7% | 总大小 N/A | 速度 275.20KiB/s | 剩余 00:04
2026-07-29 11:15:30,631 - INFO - [SYSTEM] - [MODE:MATERIAL] - [STRATEGY:NONE] - [COOKIE:NO] - [11:15:30][策略1][Twitter] 下载进度：24.2% | 总大小 N/A | 速度 289.79KiB/s | 剩余 00:04
2026-07-29 11:15:30,750 - INFO - [SYSTEM] - [MODE:MATERIAL] - [STRATEGY:NONE] - [COOKIE:NO] - [11:15:30][策略1][Twitter] 下载进度：26.7% | 总大小 N/A | 速度 302.49KiB/s | 剩余 00:04
2026-07-29 11:15:30,870 - INFO - [SYSTEM] - [MODE:MATERIAL] - [STRATEGY:NONE] - [COOKIE:NO] - [11:15:30][策略1][Twitter] 下载进度：29.1% | 总大小 N/A | 速度 312.52KiB/s | 剩余 00:04
2026-07-29 11:15:30,994 - INFO - [SYSTEM] - [MODE:MATERIAL] - [STRATEGY:NONE] - [COOKIE:NO] - [11:15:30][策略1][Twitter] 下载进度：31.6% | 总大小 N/A | 速度 320.55KiB/s | 剩余 00:04
2026-07-29 11:15:31,113 - INFO - [SYSTEM] - [MODE:MATERIAL] - [STRATEGY:NONE] - [COOKIE:NO] - [11:15:31][策略1][Twitter] 下载进度：34.0% | 总大小 N/A | 速度 327.03KiB/s | 剩余 00:04
2026-07-29 11:15:31,233 - INFO - [SYSTEM] - [MODE:MATERIAL] - [STRATEGY:NONE] - [COOKIE:NO] - [11:15:31][策略1][Twitter] 下载进度：36.5% | 总大小 N/A | 速度 333.09KiB/s | 剩余 00:04
2026-07-29 11:15:31,354 - INFO - [SYSTEM] - [MODE:MATERIAL] - [STRATEGY:NONE] - [COOKIE:NO] - [11:15:31][策略1][Twitter] 下载进度：38.9% | 总大小 N/A | 速度 337.92KiB/s | 剩余 00:04
2026-07-29 11:15:31,473 - INFO - [SYSTEM] - [MODE:MATERIAL] - [STRATEGY:NONE] - [COOKIE:NO] - [11:15:31][策略1][Twitter] 下载进度：41.4% | 总大小 N/A | 速度 341.84KiB/s | 剩余 00:03
2026-07-29 11:15:31,593 - INFO - [SYSTEM] - [MODE:MATERIAL] - [STRATEGY:NONE] - [COOKIE:NO] - [11:15:31][策略1][Twitter] 下载进度：43.8% | 总大小 N/A | 速度 345.78KiB/s | 剩余 00:03
2026-07-29 11:15:31,712 - INFO - [SYSTEM] - [MODE:MATERIAL] - [STRATEGY:NONE] - [COOKIE:NO] - [11:15:31][策略1][Twitter] 下载进度：46.3% | 总大小 N/A | 速度 348.96KiB/s | 剩余 00:03
2026-07-29 11:15:31,835 - INFO - [SYSTEM] - [MODE:MATERIAL] - [STRATEGY:NONE] - [COOKIE:NO] - [11:15:31][策略1][Twitter] 下载进度：48.7% | 总大小 N/A | 速度 351.51KiB/s | 剩余 00:03
2026-07-29 11:15:31,955 - INFO - [SYSTEM] - [MODE:MATERIAL] - [STRATEGY:NONE] - [COOKIE:NO] - [11:15:31][策略1][Twitter] 下载进度：51.2% | 总大小 N/A | 速度 353.62KiB/s | 剩余 00:03
2026-07-29 11:15:32,075 - INFO - [SYSTEM] - [MODE:MATERIAL] - [STRATEGY:NONE] - [COOKIE:NO] - [11:15:32][策略1][Twitter] 下载进度：53.6% | 总大小 N/A | 速度 356.00KiB/s | 剩余 00:03
2026-07-29 11:15:32,194 - INFO - [SYSTEM] - [MODE:MATERIAL] - [STRATEGY:NONE] - [COOKIE:NO] - [11:15:32][策略1][Twitter] 下载进度：56.0% | 总大小 N/A | 速度 357.92KiB/s | 剩余 00:03
2026-07-29 11:15:32,313 - INFO - [SYSTEM] - [MODE:MATERIAL] - [STRATEGY:NONE] - [COOKIE:NO] - [11:15:32][策略1][Twitter] 下载进度：58.5% | 总大小 N/A | 速度 360.04KiB/s | 剩余 00:03
2026-07-29 11:15:32,655 - INFO - [SYSTEM] - [MODE:MATERIAL] - [STRATEGY:NONE] - [COOKIE:NO] - [11:15:32][策略1][Twitter] 下载进度：60.9% | 总大小 N/A | 速度 361.93KiB/s | 剩余 00:03
2026-07-29 11:15:32,778 - INFO - [SYSTEM] - [MODE:MATERIAL] - [STRATEGY:NONE] - [COOKIE:NO] - [11:15:32][策略1][Twitter] 下载进度：63.4% | 总大小 N/A | 速度 363.25KiB/s | 剩余 00:02
2026-07-29 11:15:32,899 - INFO - [SYSTEM] - [MODE:MATERIAL] - [STRATEGY:NONE] - [COOKIE:NO] - [11:15:32][策略1][Twitter] 下载进度：65.8% | 总大小 N/A | 速度 364.12KiB/s | 剩余 00:02
2026-07-29 11:15:33,017 - INFO - [SYSTEM] - [MODE:MATERIAL] - [STRATEGY:NONE] - [COOKIE:NO] - [11:15:33][策略1][Twitter] 下载进度：68.3% | 总大小 N/A | 速度 364.15KiB/s | 剩余 00:02
2026-07-29 11:15:33,136 - INFO - [SYSTEM] - [MODE:MATERIAL] - [STRATEGY:NONE] - [COOKIE:NO] - [11:15:33][策略1][Twitter] 下载进度：70.7% | 总大小 N/A | 速度 364.77KiB/s | 剩余 00:02
2026-07-29 11:15:33,257 - INFO - [SYSTEM] - [MODE:MATERIAL] - [STRATEGY:NONE] - [COOKIE:NO] - [11:15:33][策略1][Twitter] 下载进度：73.1% | 总大小 N/A | 速度 365.18KiB/s | 剩余 00:02
2026-07-29 11:15:33,385 - INFO - [SYSTEM] - [MODE:MATERIAL] - [STRATEGY:NONE] - [COOKIE:NO] - [11:15:33][策略1][Twitter] 下载进度：75.6% | 总大小 N/A | 速度 364.95KiB/s | 剩余 00:02
2026-07-29 11:15:33,504 - INFO - [SYSTEM] - [MODE:MATERIAL] - [STRATEGY:NONE] - [COOKIE:NO] - [11:15:33][策略1][Twitter] 下载进度：78.1% | 总大小 N/A | 速度 364.70KiB/s | 剩余 00:02
2026-07-29 11:15:33,623 - INFO - [SYSTEM] - [MODE:MATERIAL] - [STRATEGY:NONE] - [COOKIE:NO] - [11:15:33][策略1][Twitter] 下载进度：80.4% | 总大小 N/A | 速度 365.05KiB/s | 剩余 00:02
2026-07-29 11:15:33,742 - INFO - [SYSTEM] - [MODE:MATERIAL] - [STRATEGY:NONE] - [COOKIE:NO] - [11:15:33][策略1][Twitter] 下载进度：82.9% | 总大小 N/A | 速度 364.80KiB/s | 剩余 00:01
2026-07-29 11:15:33,863 - INFO - [SYSTEM] - [MODE:MATERIAL] - [STRATEGY:NONE] - [COOKIE:NO] - [11:15:33][策略1][Twitter] 下载进度：85.3% | 总大小 N/A | 速度 364.59KiB/s | 剩余 00:01
2026-07-29 11:15:33,985 - INFO - [SYSTEM] - [MODE:MATERIAL] - [STRATEGY:NONE] - [COOKIE:NO] - [11:15:33][策略1][Twitter] 下载进度：87.8% | 总大小 N/A | 速度 364.43KiB/s | 剩余 00:01
2026-07-29 11:15:34,106 - INFO - [SYSTEM] - [MODE:MATERIAL] - [STRATEGY:NONE] - [COOKIE:NO] - [11:15:34][策略1][Twitter] 下载进度：90.2% | 总大小 N/A | 速度 364.90KiB/s | 剩余 00:01
2026-07-29 11:15:34,226 - INFO - [SYSTEM] - [MODE:MATERIAL] - [STRATEGY:NONE] - [COOKIE:NO] - [11:15:34][策略1][Twitter] 下载进度：92.7% | 总大小 N/A | 速度 364.68KiB/s | 剩余 00:01
2026-07-29 11:15:34,346 - INFO - [SYSTEM] - [MODE:MATERIAL] - [STRATEGY:NONE] - [COOKIE:NO] - [11:15:34][策略1][Twitter] 下载进度：95.1% | 总大小 N/A | 速度 364.55KiB/s | 剩余 00:01
2026-07-29 11:15:34,469 - INFO - [SYSTEM] - [MODE:MATERIAL] - [STRATEGY:NONE] - [COOKIE:NO] - [11:15:34][策略1][Twitter] 下载进度：97.6% | 总大小 N/A | 速度 365.03KiB/s | 剩余 00:01
2026-07-29 11:15:34,589 - INFO - [SYSTEM] - [MODE:MATERIAL] - [STRATEGY:NONE] - [COOKIE:NO] - [11:15:34][策略1][Twitter] 下载进度：100.0% | 总大小 N/A | 速度 364.79KiB/s | 剩余 00:01
2026-07-29 11:15:34,590 - INFO - [SYSTEM] - [MODE:MATERIAL] - [STRATEGY:NONE] - [COOKIE:NO] - [11:15:34][策略1][Twitter] 下载进度：100.0% | 总大小 N/A | 速度 364.79KiB/s | 剩余 00:01
2026-07-29 11:15:34,591 - INFO - [SYSTEM] - [MODE:MATERIAL] - [STRATEGY:NONE] - [COOKIE:NO] - [11:15:34][策略1][Twitter] 下载进度：100.0% | 总大小 N/A | 速度 364.79KiB/s | 剩余 00:01
2026-07-29 11:15:34,591 - INFO - [SYSTEM] - [MODE:MATERIAL] - [STRATEGY:NONE] - [COOKIE:NO] - [11:15:34][策略1][Twitter] 下载进度：100.0% | 总大小 N/A | 速度 364.79KiB/s | 剩余 00:01
2026-07-29 11:15:34,591 - INFO - [SYSTEM] - [MODE:MATERIAL] - [STRATEGY:NONE] - [COOKIE:NO] - [11:15:34][策略1][Twitter] 下载进度：100.0% | 总大小 N/A | 速度 364.79KiB/s | 剩余 00:01
2026-07-29 11:15:34,592 - INFO - [SYSTEM] - [MODE:MATERIAL] - [STRATEGY:NONE] - [COOKIE:NO] - [11:15:34][策略1][Twitter] 下载进度：100.0% | 总大小 N/A | 速度 364.79KiB/s | 剩余 00:01
2026-07-29 11:15:34,594 - INFO - [SYSTEM] - [MODE:MATERIAL] - [STRATEGY:NONE] - [COOKIE:NO] - [11:15:34][策略1][Twitter] 下载进度：100.0% | 1.9MiB/1.87MiB | 速度 363.03KiB/s | 剩余 NA
2026-07-29 11:15:38,160 - INFO - [SYSTEM] - [MODE:MATERIAL] - [STRATEGY:NONE] - [COOKIE:NO] - [11:15:38][策略1][Twitter] Selected format: format_id=hls-1424+hls-audio-128000-Audio, res=720x1280, fps=NA, tbr=1552.531, ext=mp4
2026-07-29 11:15:38,161 - INFO - [SYSTEM] - [MODE:MATERIAL] - [STRATEGY:NONE] - [COOKIE:NO] - [11:15:38][策略1][Twitter] 下载成功，耗时 52.1s
2026-07-29 11:15:38,161 - INFO - [Twitter] - [MODE:MATERIAL] - [STRATEGY:PlatformNoCookie] - [COOKIE:NO] - DOWNLOAD_SUCCESS | MODE:MATERIAL | STRATEGY:PlatformNoCookie
2026-07-29 11:15:38,162 - INFO - [SYSTEM] - [MODE:MATERIAL] - [STRATEGY:NONE] - [COOKIE:NO] - [11:15:38] 文件名: The Brain Box2.0 - Which machine do you like the most？-2082062422739656704.mp4
2026-07-29 11:15:38,162 - INFO - [SYSTEM] - [MODE:MATERIAL] - [STRATEGY:NONE] - [COOKIE:NO] - [11:15:38] 保存路径: C:\Users\Administrator\Desktop\VideoDown\The Brain Box2.0 - Which machine do you like the most？-2082062422739656704.mp4
2026-07-29 11:15:38,162 - INFO - [SYSTEM] - [MODE:MATERIAL] - [STRATEGY:NONE] - [COOKIE:NO] - [11:15:38] 文件大小: 21.49 MB
2026-07-29 11:15:38,167 - INFO - [SYSTEM] - [MODE:MATERIAL] - [STRATEGY:NONE] - [COOKIE:NO] - 预览文件已就绪: C:/Users/Administrator/Desktop/VideoDown\The Brain Box2.0 - Which machine do you like the most？-2082062422739656704.mp4
2026-07-29 11:22:27,997 - INFO - [SYSTEM] - [MODE:MATERIAL] - [STRATEGY:NONE] - [COOKIE:NO] - 使用本地播放器打开预览: C:/Users/Administrator/Desktop/VideoDown\The Brain Box2.0 - Which machine do you like the most？-2082062422739656704.mp4
2026-07-29 11:32:30,297 - INFO - [SYSTEM] - [MODE:MATERIAL] - [STRATEGY:NONE] - [COOKIE:NO] - 已打开下载文件夹: C:/Users/Administrator/Desktop/VideoDown
2026-07-29 11:32:38,016 - INFO - [SYSTEM] - [MODE:MATERIAL] - [STRATEGY:NONE] - [COOKIE:NO] - 正在重启软件...
2026-07-29 11:32:38,426 - INFO - [SYSTEM] - [MODE:MATERIAL] - [STRATEGY:NONE] - [COOKIE:NO] - 启动时检查工具和 Cookie 状态...
2026-07-29 11:32:38,426 - INFO - [SYSTEM] - [MODE:MATERIAL] - [STRATEGY:NONE] - [COOKIE:NO] - Deno.js解析引擎已启动就绪
2026-07-29 11:32:38,427 - INFO - [SYSTEM] - [MODE:MATERIAL] - [STRATEGY:NONE] - [COOKIE:NO] - 所有必要工具已就绪
2026-07-29 11:32:38,428 - INFO - [SYSTEM] - [MODE:MATERIAL] - [STRATEGY:NONE] - [COOKIE:NO] - [11:32:38] Cookie health check:
2026-07-29 11:32:38,428 - INFO - [SYSTEM] - [MODE:MATERIAL] - [STRATEGY:NONE] - [COOKIE:NO] -   YouTube: healthy | score=95 | size=1.63 KB | Cookie valid until 2027-05-25 10:59
2026-07-29 11:32:38,428 - INFO - [SYSTEM] - [MODE:MATERIAL] - [STRATEGY:NONE] - [COOKIE:NO] -   Instagram: healthy | score=95 | size=854.00 B | Cookie valid until 2027-06-04 13:58
2026-07-29 11:32:38,428 - INFO - [SYSTEM] - [MODE:MATERIAL] - [STRATEGY:NONE] - [COOKIE:NO] -   TikTok: healthy | score=95 | size=4.51 KB | Cookie valid until 2027-07-10 14:33
2026-07-29 11:32:38,428 - INFO - [SYSTEM] - [MODE:MATERIAL] - [STRATEGY:NONE] - [COOKIE:NO] -   Twitter: healthy | score=95 | size=1.26 KB | Cookie valid until 2027-07-10 11:13
2026-07-29 11:32:40,597 - INFO - [SYSTEM] - [MODE:MATERIAL] - [STRATEGY:NONE] - [COOKIE:NO] - 账号验证成功（半年订阅，今日剩余 300 次）
2026-07-29 11:32:42,199 - INFO - [SYSTEM] - [MODE:MATERIAL] - [STRATEGY:NONE] - [COOKIE:NO] - 已从剪贴板粘贴内容。
2026-07-29 11:32:43,575 - INFO - [SYSTEM] - [MODE:MATERIAL] - [STRATEGY:NONE] - [COOKIE:NO] - 账号模式下载校验：主下载页面批量下载，准备登记 1 个下载任务
2026-07-29 11:32:45,335 - INFO - [SYSTEM] - [MODE:MATERIAL] - [STRATEGY:NONE] - [COOKIE:NO] - 账号模式下载校验结果：status=ok, msg=download_count_recorded
2026-07-29 11:32:45,336 - INFO - [SYSTEM] - [MODE:MATERIAL] - [STRATEGY:NONE] - [COOKIE:NO] - 开始视频下载 1 个任务
2026-07-29 11:32:45,337 - INFO - [SYSTEM] - [MODE:MATERIAL] - [STRATEGY:NONE] - [COOKIE:NO] - 下载路径: C:/Users/Administrator/Desktop/VideoDown
2026-07-29 11:32:45,337 - INFO - [SYSTEM] - [MODE:MATERIAL] - [STRATEGY:NONE] - [COOKIE:NO] - 画质: 最佳画质
2026-07-29 11:32:45,338 - INFO - [SYSTEM] - [MODE:MATERIAL] - [STRATEGY:NONE] - [COOKIE:NO] - 下载调度: Twitter:1
2026-07-29 11:32:45,339 - INFO - [Twitter] - [MODE:MATERIAL] - [STRATEGY:START] - [COOKIE:NO] - DOWNLOAD_START | MODE:MATERIAL | URL:https://twitter.com/UltimaShadowX/status/1577719286659006464 | MODIFIED:False | REASON:no changes
2026-07-29 11:32:45,339 - INFO - [SYSTEM] - [MODE:MATERIAL] - [STRATEGY:NONE] - [COOKIE:NO] - [11:32:45] 平台: Twitter/X
2026-07-29 11:32:45,340 - INFO - [SYSTEM] - [MODE:MATERIAL] - [STRATEGY:NONE] - [COOKIE:NO] - [11:32:45] 策略1：Twitter/X 无 Cookie 下载...
2026-07-29 11:32:45,341 - INFO - [SYSTEM] - [MODE:MATERIAL] - [STRATEGY:NONE] - [COOKIE:NO] - [11:32:45][策略1][Twitter] 开始执行 yt-dlp
2026-07-29 11:32:51,362 - INFO - [SYSTEM] - [MODE:MATERIAL] - [STRATEGY:NONE] - [COOKIE:NO] - [11:32:51][策略1][Twitter] 仍在解析或下载中，等待平台响应...
2026-07-29 11:32:57,374 - INFO - [SYSTEM] - [MODE:MATERIAL] - [STRATEGY:NONE] - [COOKIE:NO] - [11:32:57][策略1][Twitter] 仍在解析或下载中，等待平台响应...
2026-07-29 11:33:04,427 - INFO - [SYSTEM] - [MODE:MATERIAL] - [STRATEGY:NONE] - [COOKIE:NO] - [11:33:04][策略1][Twitter] 下载进度：100.0% | 总大小 N/A | 速度 1.33KiB/s | 剩余 Unknown
2026-07-29 11:33:05,383 - INFO - [SYSTEM] - [MODE:MATERIAL] - [STRATEGY:NONE] - [COOKIE:NO] - [11:33:05][策略1][Twitter] 下载进度：100.0% | 总大小 N/A | 速度 124.64KiB/s | 剩余 00:00
2026-07-29 11:33:05,409 - INFO - [SYSTEM] - [MODE:MATERIAL] - [STRATEGY:NONE] - [COOKIE:NO] - [11:33:05][策略1][Twitter] 下载进度：100.0% | 总大小 N/A | 速度 124.64KiB/s | 剩余 00:00
2026-07-29 11:33:05,410 - INFO - [SYSTEM] - [MODE:MATERIAL] - [STRATEGY:NONE] - [COOKIE:NO] - [11:33:05][策略1][Twitter] 下载进度：100.0% | 总大小 N/A | 速度 124.64KiB/s | 剩余 00:00
2026-07-29 11:33:05,412 - INFO - [SYSTEM] - [MODE:MATERIAL] - [STRATEGY:NONE] - [COOKIE:NO] - [11:33:05][策略1][Twitter] 下载进度：100.0% | 287.1KiB/287.15KiB | 速度 241.13KiB/s | 剩余 NA
2026-07-29 11:33:09,362 - INFO - [SYSTEM] - [MODE:MATERIAL] - [STRATEGY:NONE] - [COOKIE:NO] - [11:33:09][策略1][Twitter] 下载进度：50.0% | 总大小 N/A | 速度 1.83KiB/s | 剩余 Unknown
2026-07-29 11:33:09,483 - INFO - [SYSTEM] - [MODE:MATERIAL] - [STRATEGY:NONE] - [COOKIE:NO] - [11:33:09][策略1][Twitter] 下载进度：61.4% | 总大小 N/A | 速度 3.54KiB/s | 剩余 Unknown
2026-07-29 11:33:09,678 - INFO - [SYSTEM] - [MODE:MATERIAL] - [STRATEGY:NONE] - [COOKIE:NO] - [11:33:09][策略1][Twitter] 下载进度：100.0% | 总大小 N/A | 速度 36.99KiB/s | 剩余 Unknown
2026-07-29 11:33:09,678 - INFO - [SYSTEM] - [MODE:MATERIAL] - [STRATEGY:NONE] - [COOKIE:NO] - [11:33:09][策略1][Twitter] 下载进度：100.0% | 总大小 N/A | 速度 36.99KiB/s | 剩余 Unknown
2026-07-29 11:33:09,678 - INFO - [SYSTEM] - [MODE:MATERIAL] - [STRATEGY:NONE] - [COOKIE:NO] - [11:33:09][策略1][Twitter] 下载进度：100.0% | 总大小 N/A | 速度 36.99KiB/s | 剩余 Unknown
2026-07-29 11:33:09,679 - INFO - [SYSTEM] - [MODE:MATERIAL] - [STRATEGY:NONE] - [COOKIE:NO] - [11:33:09][策略1][Twitter] 下载进度：100.0% | 总大小 N/A | 速度 36.99KiB/s | 剩余 Unknown
2026-07-29 11:33:09,679 - INFO - [SYSTEM] - [MODE:MATERIAL] - [STRATEGY:NONE] - [COOKIE:NO] - [11:33:09][策略1][Twitter] 下载进度：100.0% | 总大小 N/A | 速度 36.99KiB/s | 剩余 Unknown
2026-07-29 11:33:09,680 - INFO - [SYSTEM] - [MODE:MATERIAL] - [STRATEGY:NONE] - [COOKIE:NO] - [11:33:09][策略1][Twitter] 下载进度：100.0% | 总大小 N/A | 速度 36.99KiB/s | 剩余 Unknown
2026-07-29 11:33:09,682 - INFO - [SYSTEM] - [MODE:MATERIAL] - [STRATEGY:NONE] - [COOKIE:NO] - [11:33:09][策略1][Twitter] 下载进度：100.0% | 69.9KiB/69.91KiB | 速度 161.11KiB/s | 剩余 NA
2026-07-29 11:33:13,400 - INFO - [SYSTEM] - [MODE:MATERIAL] - [STRATEGY:NONE] - [COOKIE:NO] - [11:33:13][策略1][Twitter] 下载进度：100.0% | 总大小 N/A | 速度 1.57KiB/s | 剩余 Unknown
2026-07-29 11:33:13,526 - INFO - [SYSTEM] - [MODE:MATERIAL] - [STRATEGY:NONE] - [COOKIE:NO] - [11:33:13][策略1][Twitter] 下载进度：100.0% | 总大小 N/A | 速度 3.02KiB/s | 剩余 Unknown
2026-07-29 11:33:13,527 - INFO - [SYSTEM] - [MODE:MATERIAL] - [STRATEGY:NONE] - [COOKIE:NO] - [11:33:13][策略1][Twitter] 下载进度：100.0% | 总大小 N/A | 速度 3.02KiB/s | 剩余 Unknown
2026-07-29 11:33:13,528 - INFO - [SYSTEM] - [MODE:MATERIAL] - [STRATEGY:NONE] - [COOKIE:NO] - [11:33:13][策略1][Twitter] 下载进度：100.0% | 总大小 N/A | 速度 3.02KiB/s | 剩余 Unknown
2026-07-29 11:33:13,530 - INFO - [SYSTEM] - [MODE:MATERIAL] - [STRATEGY:NONE] - [COOKIE:NO] - [11:33:13][策略1][Twitter] 下载进度：100.0% | 81.5KiB/81.45KiB | 速度 263.32KiB/s | 剩余 NA
2026-07-29 11:33:17,050 - INFO - [SYSTEM] - [MODE:MATERIAL] - [STRATEGY:NONE] - [COOKIE:NO] - [11:33:17][策略1][Twitter] 下载进度：100.0% | 总大小 N/A | 速度 1.83KiB/s | 剩余 Unknown
2026-07-29 11:33:17,170 - INFO - [SYSTEM] - [MODE:MATERIAL] - [STRATEGY:NONE] - [COOKIE:NO] - [11:33:17][策略1][Twitter] 下载进度：100.0% | 总大小 N/A | 速度 3.54KiB/s | 剩余 Unknown
2026-07-29 11:33:17,171 - INFO - [SYSTEM] - [MODE:MATERIAL] - [STRATEGY:NONE] - [COOKIE:NO] - [11:33:17][策略1][Twitter] 下载进度：100.0% | 总大小 N/A | 速度 3.54KiB/s | 剩余 Unknown
2026-07-29 11:33:17,172 - INFO - [SYSTEM] - [MODE:MATERIAL] - [STRATEGY:NONE] - [COOKIE:NO] - [11:33:17][策略1][Twitter] 下载进度：100.0% | 总大小 N/A | 速度 3.54KiB/s | 剩余 Unknown
2026-07-29 11:33:17,174 - INFO - [SYSTEM] - [MODE:MATERIAL] - [STRATEGY:NONE] - [COOKIE:NO] - [11:33:17][策略1][Twitter] 下载进度：100.0% | 35.0KiB/35.05KiB | 速度 148.02KiB/s | 剩余 NA
2026-07-29 11:33:21,158 - INFO - [SYSTEM] - [MODE:MATERIAL] - [STRATEGY:NONE] - [COOKIE:NO] - [11:33:21][策略1][Twitter] 下载进度：50.0% | 总大小 N/A | 速度 845.12B/s | 剩余 Unknown
2026-07-29 11:33:22,364 - INFO - [SYSTEM] - [MODE:MATERIAL] - [STRATEGY:NONE] - [COOKIE:NO] - [11:33:22][策略1][Twitter] 下载进度：66.0% | 总大小 N/A | 速度 80.64KiB/s | 剩余 00:01
2026-07-29 11:33:22,617 - INFO - [SYSTEM] - [MODE:MATERIAL] - [STRATEGY:NONE] - [COOKIE:NO] - [11:33:22][策略1][Twitter] 下载进度：100.0% | 总大小 N/A | 速度 98.17KiB/s | 剩余 00:01
2026-07-29 11:33:22,617 - INFO - [SYSTEM] - [MODE:MATERIAL] - [STRATEGY:NONE] - [COOKIE:NO] - [11:33:22][策略1][Twitter] 下载进度：100.0% | 总大小 N/A | 速度 98.17KiB/s | 剩余 00:01
2026-07-29 11:33:22,618 - INFO - [SYSTEM] - [MODE:MATERIAL] - [STRATEGY:NONE] - [COOKIE:NO] - [11:33:22][策略1][Twitter] 下载进度：100.0% | 总大小 N/A | 速度 98.17KiB/s | 剩余 00:01
2026-07-29 11:33:22,618 - INFO - [SYSTEM] - [MODE:MATERIAL] - [STRATEGY:NONE] - [COOKIE:NO] - [11:33:22][策略1][Twitter] 下载进度：100.0% | 总大小 N/A | 速度 98.17KiB/s | 剩余 00:01
2026-07-29 11:33:22,665 - INFO - [SYSTEM] - [MODE:MATERIAL] - [STRATEGY:NONE] - [COOKIE:NO] - [11:33:22][策略1][Twitter] 下载进度：100.0% | 总大小 N/A | 速度 98.17KiB/s | 剩余 00:01
2026-07-29 11:33:22,715 - INFO - [SYSTEM] - [MODE:MATERIAL] - [STRATEGY:NONE] - [COOKIE:NO] - [11:33:22][策略1][Twitter] 下载进度：100.0% | 总大小 N/A | 速度 118.29KiB/s | 剩余 00:01
2026-07-29 11:33:22,860 - INFO - [SYSTEM] - [MODE:MATERIAL] - [STRATEGY:NONE] - [COOKIE:NO] - [11:33:22][策略1][Twitter] 下载进度：100.0% | 总大小 N/A | 速度 135.24KiB/s | 剩余 00:01
2026-07-29 11:33:22,862 - INFO - [SYSTEM] - [MODE:MATERIAL] - [STRATEGY:NONE] - [COOKIE:NO] - [11:33:22][策略1][Twitter] 下载进度：100.0% | 总大小 N/A | 速度 135.24KiB/s | 剩余 00:01
2026-07-29 11:33:22,864 - INFO - [SYSTEM] - [MODE:MATERIAL] - [STRATEGY:NONE] - [COOKIE:NO] - [11:33:22][策略1][Twitter] 下载进度：100.0% | 355.2KiB/355.18KiB | 速度 175.10KiB/s | 剩余 NA
2026-07-29 11:33:25,792 - INFO - [SYSTEM] - [MODE:MATERIAL] - [STRATEGY:NONE] - [COOKIE:NO] - [11:33:25][策略1][Twitter] 下载进度：50.0% | 总大小 N/A | 速度 1.47KiB/s | 剩余 Unknown
2026-07-29 11:33:26,169 - INFO - [SYSTEM] - [MODE:MATERIAL] - [STRATEGY:NONE] - [COOKIE:NO] - [11:33:26][策略1][Twitter] 下载进度：61.4% | 总大小 N/A | 速度 29.31KiB/s | 剩余 Unknown
2026-07-29 11:33:26,422 - INFO - [SYSTEM] - [MODE:MATERIAL] - [STRATEGY:NONE] - [COOKIE:NO] - [11:33:26][策略1][Twitter] 下载进度：96.9% | 总大小 N/A | 速度 39.81KiB/s | 剩余 Unknown
2026-07-29 11:33:26,422 - INFO - [SYSTEM] - [MODE:MATERIAL] - [STRATEGY:NONE] - [COOKIE:NO] - [11:33:26][策略1][Twitter] 下载进度：99.4% | 总大小 N/A | 速度 39.81KiB/s | 剩余 Unknown
2026-07-29 11:33:26,422 - INFO - [SYSTEM] - [MODE:MATERIAL] - [STRATEGY:NONE] - [COOKIE:NO] - [11:33:26][策略1][Twitter] 下载进度：100.0% | 总大小 N/A | 速度 39.81KiB/s | 剩余 Unknown
2026-07-29 11:33:26,423 - INFO - [SYSTEM] - [MODE:MATERIAL] - [STRATEGY:NONE] - [COOKIE:NO] - [11:33:26][策略1][Twitter] 下载进度：100.0% | 总大小 N/A | 速度 39.81KiB/s | 剩余 Unknown
2026-07-29 11:33:26,424 - INFO - [SYSTEM] - [MODE:MATERIAL] - [STRATEGY:NONE] - [COOKIE:NO] - [11:33:26][策略1][Twitter] 下载进度：100.0% | 总大小 N/A | 速度 39.81KiB/s | 剩余 Unknown
2026-07-29 11:33:26,425 - INFO - [SYSTEM] - [MODE:MATERIAL] - [STRATEGY:NONE] - [COOKIE:NO] - [11:33:26][策略1][Twitter] 下载进度：100.0% | 总大小 N/A | 速度 39.81KiB/s | 剩余 Unknown
2026-07-29 11:33:26,426 - INFO - [SYSTEM] - [MODE:MATERIAL] - [STRATEGY:NONE] - [COOKIE:NO] - [11:33:26][策略1][Twitter] 下载进度：100.0% | 77.8KiB/77.76KiB | 速度 98.75KiB/s | 剩余 NA
2026-07-29 11:33:28,696 - INFO - [SYSTEM] - [MODE:MATERIAL] - [STRATEGY:NONE] - [COOKIE:NO] - [11:33:28][策略1][Twitter] 下载进度：100.0% | 总大小 N/A | 速度 1.72KiB/s | 剩余 Unknown
2026-07-29 11:33:29,252 - INFO - [SYSTEM] - [MODE:MATERIAL] - [STRATEGY:NONE] - [COOKIE:NO] - [11:33:29][策略1][Twitter] 下载进度：100.0% | 总大小 N/A | 速度 68.93KiB/s | 剩余 Unknown
2026-07-29 11:33:29,385 - INFO - [SYSTEM] - [MODE:MATERIAL] - [STRATEGY:NONE] - [COOKIE:NO] - [11:33:29][策略1][Twitter] 下载进度：100.0% | 总大小 N/A | 速度 105.45KiB/s | 剩余 Unknown
2026-07-29 11:33:29,387 - INFO - [SYSTEM] - [MODE:MATERIAL] - [STRATEGY:NONE] - [COOKIE:NO] - [11:33:29][策略1][Twitter] 下载进度：100.0% | 总大小 N/A | 速度 105.45KiB/s | 剩余 Unknown
2026-07-29 11:33:29,389 - INFO - [SYSTEM] - [MODE:MATERIAL] - [STRATEGY:NONE] - [COOKIE:NO] - [11:33:29][策略1][Twitter] 下载进度：100.0% | 160.9KiB/160.92KiB | 速度 188.74KiB/s | 剩余 NA
2026-07-29 11:33:30,895 - INFO - [SYSTEM] - [MODE:MATERIAL] - [STRATEGY:NONE] - [COOKIE:NO] - [11:33:30][策略1][Twitter] 下载进度：50.0% | 总大小 N/A | 速度 1.47KiB/s | 剩余 Unknown
2026-07-29 11:33:31,217 - INFO - [SYSTEM] - [MODE:MATERIAL] - [STRATEGY:NONE] - [COOKIE:NO] - [11:33:31][策略1][Twitter] 下载进度：61.3% | 总大小 N/A | 速度 33.16KiB/s | 剩余 Unknown
2026-07-29 11:33:31,416 - INFO - [SYSTEM] - [MODE:MATERIAL] - [STRATEGY:NONE] - [COOKIE:NO] - [11:33:31][策略1][Twitter] 下载进度：100.0% | 总大小 N/A | 速度 45.65KiB/s | 剩余 Unknown
2026-07-29 11:33:31,416 - INFO - [SYSTEM] - [MODE:MATERIAL] - [STRATEGY:NONE] - [COOKIE:NO] - [11:33:31][策略1][Twitter] 下载进度：100.0% | 总大小 N/A | 速度 45.65KiB/s | 剩余 Unknown
2026-07-29 11:33:31,417 - INFO - [SYSTEM] - [MODE:MATERIAL] - [STRATEGY:NONE] - [COOKIE:NO] - [11:33:31][策略1][Twitter] 下载进度：100.0% | 总大小 N/A | 速度 45.65KiB/s | 剩余 Unknown
2026-07-29 11:33:31,417 - INFO - [SYSTEM] - [MODE:MATERIAL] - [STRATEGY:NONE] - [COOKIE:NO] - [11:33:31][策略1][Twitter] 下载进度：100.0% | 总大小 N/A | 速度 45.65KiB/s | 剩余 Unknown
2026-07-29 11:33:31,418 - INFO - [SYSTEM] - [MODE:MATERIAL] - [STRATEGY:NONE] - [COOKIE:NO] - [11:33:31][策略1][Twitter] 下载进度：100.0% | 总大小 N/A | 速度 45.65KiB/s | 剩余 Unknown
2026-07-29 11:33:31,420 - INFO - [SYSTEM] - [MODE:MATERIAL] - [STRATEGY:NONE] - [COOKIE:NO] - [11:33:31][策略1][Twitter] 下载进度：100.0% | 61.0KiB/60.96KiB | 速度 89.48KiB/s | 剩余 NA
2026-07-29 11:33:31,532 - INFO - [SYSTEM] - [MODE:MATERIAL] - [STRATEGY:NONE] - [COOKIE:NO] - 已打开下载文件夹: C:/Users/Administrator/Desktop/VideoDown
2026-07-29 11:33:32,045 - INFO - [SYSTEM] - [MODE:MATERIAL] - [STRATEGY:NONE] - [COOKIE:NO] - [11:33:32][策略1][Twitter] Selected format: format_id=hls-679+hls-audio-128000-Audio, res=1280x720, fps=NA, tbr=807.392, ext=mp4
2026-07-29 11:33:32,045 - INFO - [SYSTEM] - [MODE:MATERIAL] - [STRATEGY:NONE] - [COOKIE:NO] - [11:33:32][策略1][Twitter] 下载成功，耗时 46.7s
2026-07-29 11:33:32,045 - INFO - [Twitter] - [MODE:MATERIAL] - [STRATEGY:PlatformNoCookie] - [COOKIE:NO] - DOWNLOAD_SUCCESS | MODE:MATERIAL | STRATEGY:PlatformNoCookie
2026-07-29 11:33:32,046 - INFO - [SYSTEM] - [MODE:MATERIAL] - [STRATEGY:NONE] - [COOKIE:NO] - [11:33:32] 文件名: Ultima - Test #1-1577719236209922048.mp4
2026-07-29 11:33:32,046 - INFO - [SYSTEM] - [MODE:MATERIAL] - [STRATEGY:NONE] - [COOKIE:NO] - [11:33:32] 保存路径: C:\Users\Administrator\Desktop\VideoDown\Ultima - Test #1-1577719236209922048.mp4
2026-07-29 11:33:32,046 - INFO - [SYSTEM] - [MODE:MATERIAL] - [STRATEGY:NONE] - [COOKIE:NO] - [11:33:32] 文件大小: 0.38 MB
2026-07-29 11:33:32,051 - INFO - [SYSTEM] - [MODE:MATERIAL] - [STRATEGY:NONE] - [COOKIE:NO] - 预览文件已就绪: C:/Users/Administrator/Desktop/VideoDown\Ultima - Test #4-1577719236214022144.mp4
2026-07-29 12:00:50,554 - INFO - [SYSTEM] - [MODE:MATERIAL] - [STRATEGY:NONE] - [COOKIE:NO] - 已打开下载文件夹: C:/Users/Administrator/Desktop/VideoDown
2026-07-29 14:02:21,769 - INFO - [SYSTEM] - [MODE:MATERIAL] - [STRATEGY:NONE] - [COOKIE:NO] - 已从剪贴板粘贴内容。
2026-07-29 14:02:22,857 - INFO - [SYSTEM] - [MODE:MATERIAL] - [STRATEGY:NONE] - [COOKIE:NO] - 账号模式下载校验：主下载页面批量下载，准备登记 1 个下载任务
2026-07-29 14:02:24,625 - INFO - [SYSTEM] - [MODE:MATERIAL] - [STRATEGY:NONE] - [COOKIE:NO] - 账号模式下载校验结果：status=ok, msg=download_count_recorded
2026-07-29 14:02:24,628 - INFO - [SYSTEM] - [MODE:MATERIAL] - [STRATEGY:NONE] - [COOKIE:NO] - 开始视频下载 1 个任务
2026-07-29 14:02:24,628 - INFO - [SYSTEM] - [MODE:MATERIAL] - [STRATEGY:NONE] - [COOKIE:NO] - 下载路径: C:/Users/Administrator/Desktop/VideoDown
2026-07-29 14:02:24,629 - INFO - [SYSTEM] - [MODE:MATERIAL] - [STRATEGY:NONE] - [COOKIE:NO] - 画质: 最佳画质
2026-07-29 14:02:24,629 - INFO - [SYSTEM] - [MODE:MATERIAL] - [STRATEGY:NONE] - [COOKIE:NO] - 下载调度: Instagram:1
2026-07-29 14:02:24,630 - INFO - [Instagram] - [MODE:MATERIAL] - [STRATEGY:START] - [COOKIE:NO] - DOWNLOAD_START | MODE:MATERIAL | URL:https://www.instagram.com/reel/DaA68y2sl1y/?utm_source=ig_web_copy_link&igsh=NTc4MTIwNjQ2YQ== | MODIFIED:True | REASON:removed tracking params
2026-07-29 14:02:24,631 - INFO - [SYSTEM] - [MODE:MATERIAL] - [STRATEGY:NONE] - [COOKIE:NO] - [14:02:24] 📋 平台: Instagram
2026-07-29 14:02:24,631 - INFO - [SYSTEM] - [MODE:MATERIAL] - [STRATEGY:NONE] - [COOKIE:NO] - [14:02:24] 策略1：Instagram 无 Cookie 下载...
2026-07-29 14:02:24,631 - INFO - [SYSTEM] - [MODE:MATERIAL] - [STRATEGY:NONE] - [COOKIE:NO] - [14:02:24][策略1][Instagram] 开始执行 yt-dlp
2026-07-29 14:02:30,664 - INFO - [SYSTEM] - [MODE:MATERIAL] - [STRATEGY:NONE] - [COOKIE:NO] - [14:02:30][策略1][Instagram] 仍在解析或下载中，等待平台响应...
2026-07-29 14:02:41,286 - INFO - [SYSTEM] - [MODE:MATERIAL] - [STRATEGY:NONE] - [COOKIE:NO] - [14:02:41][策略1][Instagram] 仍在解析或下载中，等待平台响应...
2026-07-29 14:02:43,600 - INFO - [SYSTEM] - [MODE:MATERIAL] - [STRATEGY:NONE] - [COOKIE:NO] - [14:02:43][策略1][Instagram] 下载进度：0.0% | 0.0MiB/5.63MiB | 速度 Unknown | 剩余 Unknown
2026-07-29 14:02:43,616 - INFO - [SYSTEM] - [MODE:MATERIAL] - [STRATEGY:NONE] - [COOKIE:NO] - [14:02:43][策略1][Instagram] 下载进度：2.2% | 0.1MiB/5.63MiB | 速度 7.07MiB/s | 剩余 00:00
2026-07-29 14:02:43,630 - INFO - [SYSTEM] - [MODE:MATERIAL] - [STRATEGY:NONE] - [COOKIE:NO] - [14:02:43][策略1][Instagram] 下载进度：4.4% | 0.2MiB/5.63MiB | 速度 7.93MiB/s | 剩余 00:00
2026-07-29 14:02:43,643 - INFO - [SYSTEM] - [MODE:MATERIAL] - [STRATEGY:NONE] - [COOKIE:NO] - [14:02:43][策略1][Instagram] 下载进度：8.9% | 0.5MiB/5.63MiB | 速度 11.23MiB/s | 剩余 00:00
2026-07-29 14:02:44,224 - INFO - [SYSTEM] - [MODE:MATERIAL] - [STRATEGY:NONE] - [COOKIE:NO] - [14:02:44][策略1][Instagram] 下载进度：17.7% | 1.0MiB/5.63MiB | 速度 1.60MiB/s | 剩余 00:02
2026-07-29 14:02:45,603 - INFO - [SYSTEM] - [MODE:MATERIAL] - [STRATEGY:NONE] - [COOKIE:NO] - [14:02:45][策略1][Instagram] 下载进度：33.1% | 1.9MiB/5.63MiB | 速度 950.75KiB/s | 剩余 00:04
2026-07-29 14:02:46,602 - INFO - [SYSTEM] - [MODE:MATERIAL] - [STRATEGY:NONE] - [COOKIE:NO] - [14:02:46][策略1][Instagram] 下载进度：44.2% | 2.5MiB/5.63MiB | 速度 847.25KiB/s | 剩余 00:03
2026-07-29 14:02:47,627 - INFO - [SYSTEM] - [MODE:MATERIAL] - [STRATEGY:NONE] - [COOKIE:NO] - [14:02:47][策略1][Instagram] 下载进度：55.3% | 3.1MiB/5.63MiB | 速度 790.67KiB/s | 剩余 00:03
2026-07-29 14:02:48,602 - INFO - [SYSTEM] - [MODE:MATERIAL] - [STRATEGY:NONE] - [COOKIE:NO] - [14:02:48][策略1][Instagram] 下载进度：66.1% | 3.7MiB/5.63MiB | 速度 761.44KiB/s | 剩余 00:02
2026-07-29 14:02:49,602 - INFO - [SYSTEM] - [MODE:MATERIAL] - [STRATEGY:NONE] - [COOKIE:NO] - [14:02:49][策略1][Instagram] 下载进度：77.2% | 4.3MiB/5.63MiB | 速度 741.28KiB/s | 剩余 00:01
2026-07-29 14:02:50,628 - INFO - [SYSTEM] - [MODE:MATERIAL] - [STRATEGY:NONE] - [COOKIE:NO] - [14:02:50][策略1][Instagram] 下载进度：88.3% | 5.0MiB/5.63MiB | 速度 724.21KiB/s | 剩余 00:00
2026-07-29 14:02:51,602 - INFO - [SYSTEM] - [MODE:MATERIAL] - [STRATEGY:NONE] - [COOKIE:NO] - [14:02:51][策略1][Instagram] 下载进度：99.2% | 5.6MiB/5.63MiB | 速度 714.11KiB/s | 剩余 00:00
2026-07-29 14:02:51,659 - INFO - [SYSTEM] - [MODE:MATERIAL] - [STRATEGY:NONE] - [COOKIE:NO] - [14:02:51][策略1][Instagram] 下载进度：100.0% | 5.6MiB/5.63MiB | 速度 715.11KiB/s | 剩余 00:00
2026-07-29 14:02:51,660 - INFO - [SYSTEM] - [MODE:MATERIAL] - [STRATEGY:NONE] - [COOKIE:NO] - [14:02:51][策略1][Instagram] 下载进度：100.0% | 5.6MiB/5.63MiB | 速度 692.48KiB/s | 剩余 NA
2026-07-29 14:02:56,875 - INFO - [SYSTEM] - [MODE:MATERIAL] - [STRATEGY:NONE] - [COOKIE:NO] - [14:02:56][策略1][Instagram] 下载进度：1.2% | 1.0KiB/82.99KiB | 速度 240.98KiB/s | 剩余 00:00
2026-07-29 14:02:56,875 - INFO - [SYSTEM] - [MODE:MATERIAL] - [STRATEGY:NONE] - [COOKIE:NO] - [14:02:56][策略1][Instagram] 下载进度：3.6% | 3.0KiB/82.99KiB | 速度 643.96KiB/s | 剩余 00:00
2026-07-29 14:02:56,877 - INFO - [SYSTEM] - [MODE:MATERIAL] - [STRATEGY:NONE] - [COOKIE:NO] - [14:02:56][策略1][Instagram] 下载进度：8.4% | 7.0KiB/82.99KiB | 速度 1.47MiB/s | 剩余 00:00
2026-07-29 14:02:56,877 - INFO - [SYSTEM] - [MODE:MATERIAL] - [STRATEGY:NONE] - [COOKIE:NO] - [14:02:56][策略1][Instagram] 下载进度：18.1% | 15.0KiB/82.99KiB | 速度 3.14MiB/s | 剩余 00:00
2026-07-29 14:02:56,877 - INFO - [SYSTEM] - [MODE:MATERIAL] - [STRATEGY:NONE] - [COOKIE:NO] - [14:02:56][策略1][Instagram] 下载进度：37.4% | 31.0KiB/82.99KiB | 速度 5.35MiB/s | 剩余 00:00
2026-07-29 14:02:56,878 - INFO - [SYSTEM] - [MODE:MATERIAL] - [STRATEGY:NONE] - [COOKIE:NO] - [14:02:56][策略1][Instagram] 下载进度：75.9% | 63.0KiB/82.99KiB | 速度 9.26MiB/s | 剩余 00:00
2026-07-29 14:02:56,878 - INFO - [SYSTEM] - [MODE:MATERIAL] - [STRATEGY:NONE] - [COOKIE:NO] - [14:02:56][策略1][Instagram] 下载进度：100.0% | 83.0KiB/82.99KiB | 速度 11.32MiB/s | 剩余 00:00
2026-07-29 14:02:56,879 - INFO - [SYSTEM] - [MODE:MATERIAL] - [STRATEGY:NONE] - [COOKIE:NO] - [14:02:56][策略1][Instagram] 下载进度：100.0% | 83.0KiB/82.99KiB | 速度 117.56KiB/s | 剩余 NA
2026-07-29 14:02:57,715 - INFO - [SYSTEM] - [MODE:MATERIAL] - [STRATEGY:NONE] - [COOKIE:NO] - [14:02:57][策略1][Instagram] Selected format: format_id=dash-4731924633763776v+dash-4731901333766106a, res=1080x1920, fps=NA, tbr=4421.379, ext=mp4
2026-07-29 14:02:57,715 - INFO - [SYSTEM] - [MODE:MATERIAL] - [STRATEGY:NONE] - [COOKIE:NO] - [14:02:57][策略1][Instagram] 下载成功，耗时 33.1s
2026-07-29 14:02:57,717 - INFO - [Instagram] - [MODE:MATERIAL] - [STRATEGY:PlatformNoCookie] - [COOKIE:NO] - DOWNLOAD_SUCCESS | MODE:MATERIAL | STRATEGY:PlatformNoCookie
2026-07-29 14:02:57,718 - INFO - [SYSTEM] - [MODE:MATERIAL] - [STRATEGY:NONE] - [COOKIE:NO] - [14:02:57] 文件名: Video by hanaterrell-DaA68y2sl1y.mp4
2026-07-29 14:02:57,718 - INFO - [SYSTEM] - [MODE:MATERIAL] - [STRATEGY:NONE] - [COOKIE:NO] - [14:02:57] 保存路径: C:\Users\Administrator\Desktop\VideoDown\Video by hanaterrell-DaA68y2sl1y.mp4
2026-07-29 14:02:57,718 - INFO - [SYSTEM] - [MODE:MATERIAL] - [STRATEGY:NONE] - [COOKIE:NO] - [14:02:57] 文件大小: 5.88 MB
2026-07-29 14:02:57,723 - INFO - [SYSTEM] - [MODE:MATERIAL] - [STRATEGY:NONE] - [COOKIE:NO] - 预览文件已就绪: C:/Users/Administrator/Desktop/VideoDown\Video by hanaterrell-DaA68y2sl1y.mp4
2026-07-29 14:03:11,198 - INFO - [SYSTEM] - [MODE:MATERIAL] - [STRATEGY:NONE] - [COOKIE:NO] - 正在重启软件...
2026-07-29 14:03:11,555 - INFO - [SYSTEM] - [MODE:MATERIAL] - [STRATEGY:NONE] - [COOKIE:NO] - 已恢复上次预览文件: C:/Users/Administrator/Desktop/VideoDown\Video by hanaterrell-DaA68y2sl1y.mp4
2026-07-29 14:03:11,639 - INFO - [SYSTEM] - [MODE:MATERIAL] - [STRATEGY:NONE] - [COOKIE:NO] - 启动时检查工具和 Cookie 状态...
2026-07-29 14:03:11,639 - INFO - [SYSTEM] - [MODE:MATERIAL] - [STRATEGY:NONE] - [COOKIE:NO] - Deno.js解析引擎已启动就绪
2026-07-29 14:03:11,640 - INFO - [SYSTEM] - [MODE:MATERIAL] - [STRATEGY:NONE] - [COOKIE:NO] - 所有必要工具已就绪
2026-07-29 14:03:11,641 - INFO - [SYSTEM] - [MODE:MATERIAL] - [STRATEGY:NONE] - [COOKIE:NO] - [14:03:11] Cookie health check:
2026-07-29 14:03:11,641 - INFO - [SYSTEM] - [MODE:MATERIAL] - [STRATEGY:NONE] - [COOKIE:NO] -   YouTube: healthy | score=95 | size=1.63 KB | Cookie valid until 2027-05-25 10:59
2026-07-29 14:03:11,641 - INFO - [SYSTEM] - [MODE:MATERIAL] - [STRATEGY:NONE] - [COOKIE:NO] -   Instagram: healthy | score=95 | size=854.00 B | Cookie valid until 2027-06-04 13:58
2026-07-29 14:03:11,641 - INFO - [SYSTEM] - [MODE:MATERIAL] - [STRATEGY:NONE] - [COOKIE:NO] -   TikTok: healthy | score=95 | size=4.51 KB | Cookie valid until 2027-07-10 14:33
2026-07-29 14:03:11,641 - INFO - [SYSTEM] - [MODE:MATERIAL] - [STRATEGY:NONE] - [COOKIE:NO] -   Twitter: healthy | score=95 | size=1.26 KB | Cookie valid until 2027-07-10 11:13
2026-07-29 14:03:13,797 - INFO - [SYSTEM] - [MODE:MATERIAL] - [STRATEGY:NONE] - [COOKIE:NO] - 账号验证成功（半年订阅，今日剩余 300 次）
2026-07-29 14:03:31,906 - INFO - [SYSTEM] - [MODE:MATERIAL] - [STRATEGY:NONE] - [COOKIE:NO] - 已从剪贴板粘贴内容。
2026-07-29 14:03:33,385 - INFO - [SYSTEM] - [MODE:MATERIAL] - [STRATEGY:NONE] - [COOKIE:NO] - 账号模式下载校验：主下载页面批量下载，准备预占 1 个下载名额
2026-07-29 14:03:35,143 - INFO - [SYSTEM] - [MODE:MATERIAL] - [STRATEGY:NONE] - [COOKIE:NO] - 账号模式下载校验结果：status=error, msg=unknown_action
2026-07-29 14:04:17,909 - INFO - [SYSTEM] - [MODE:MATERIAL] - [STRATEGY:NONE] - [COOKIE:NO] - logout_success
2026-07-29 14:04:20,912 - INFO - [SYSTEM] - [MODE:MATERIAL] - [STRATEGY:NONE] - [COOKIE:NO] - 没有可粘贴的链接
2026-07-29 14:04:48,839 - INFO - [SYSTEM] - [MODE:MATERIAL] - [STRATEGY:NONE] - [COOKIE:NO] - 账号登录成功
2026-07-29 14:04:48,840 - INFO - [SYSTEM] - [MODE:MATERIAL] - [STRATEGY:NONE] - [COOKIE:NO] - 账号模式下载校验：主下载页面批量下载，准备预占 1 个下载名额
2026-07-29 14:04:50,657 - INFO - [SYSTEM] - [MODE:MATERIAL] - [STRATEGY:NONE] - [COOKIE:NO] - 账号模式下载校验结果：status=error, msg=unknown_action
2026-07-29 14:07:01,622 - INFO - [SYSTEM] - [MODE:MATERIAL] - [STRATEGY:NONE] - [COOKIE:NO] - logout_success
2026-07-29 14:08:18,916 - INFO - [SYSTEM] - [MODE:MATERIAL] - [STRATEGY:NONE] - [COOKIE:NO] - 正在重启软件...
2026-07-29 14:08:19,231 - INFO - [SYSTEM] - [MODE:MATERIAL] - [STRATEGY:NONE] - [COOKIE:NO] - 已恢复上次预览文件: C:/Users/Administrator/Desktop/VideoDown\Video by hanaterrell-DaA68y2sl1y.mp4
2026-07-29 14:08:19,314 - INFO - [SYSTEM] - [MODE:MATERIAL] - [STRATEGY:NONE] - [COOKIE:NO] - 启动时检查工具和 Cookie 状态...
2026-07-29 14:08:19,314 - INFO - [SYSTEM] - [MODE:MATERIAL] - [STRATEGY:NONE] - [COOKIE:NO] - Deno.js解析引擎已启动就绪
2026-07-29 14:08:19,315 - INFO - [SYSTEM] - [MODE:MATERIAL] - [STRATEGY:NONE] - [COOKIE:NO] - 所有必要工具已就绪
2026-07-29 14:08:19,315 - INFO - [SYSTEM] - [MODE:MATERIAL] - [STRATEGY:NONE] - [COOKIE:NO] - [14:08:19] Cookie health check:
2026-07-29 14:08:19,316 - INFO - [SYSTEM] - [MODE:MATERIAL] - [STRATEGY:NONE] - [COOKIE:NO] -   YouTube: healthy | score=95 | size=1.63 KB | Cookie valid until 2027-05-25 10:59
2026-07-29 14:08:19,316 - INFO - [SYSTEM] - [MODE:MATERIAL] - [STRATEGY:NONE] - [COOKIE:NO] -   Instagram: healthy | score=95 | size=854.00 B | Cookie valid until 2027-06-04 13:58
2026-07-29 14:08:19,316 - INFO - [SYSTEM] - [MODE:MATERIAL] - [STRATEGY:NONE] - [COOKIE:NO] -   TikTok: healthy | score=95 | size=4.51 KB | Cookie valid until 2027-07-10 14:33
2026-07-29 14:08:19,316 - INFO - [SYSTEM] - [MODE:MATERIAL] - [STRATEGY:NONE] - [COOKIE:NO] -   Twitter: healthy | score=95 | size=1.26 KB | Cookie valid until 2027-07-10 11:13
2026-07-29 14:08:24,661 - INFO - [SYSTEM] - [MODE:MATERIAL] - [STRATEGY:NONE] - [COOKIE:NO] - ⚠️ 未登录账号
2026-07-29 14:08:39,667 - INFO - [SYSTEM] - [MODE:MATERIAL] - [STRATEGY:NONE] - [COOKIE:NO] - 账号登录成功
2026-07-29 14:08:48,170 - INFO - [SYSTEM] - [MODE:MATERIAL] - [STRATEGY:NONE] - [COOKIE:NO] - 已从剪贴板粘贴内容。
2026-07-29 14:08:49,009 - INFO - [SYSTEM] - [MODE:MATERIAL] - [STRATEGY:NONE] - [COOKIE:NO] - 账号模式下载校验：主下载页面批量下载，准备预占 1 个下载名额
2026-07-29 14:08:50,759 - INFO - [SYSTEM] - [MODE:MATERIAL] - [STRATEGY:NONE] - [COOKIE:NO] - 账号模式下载校验结果：status=ok, msg=download_quota_reserved
2026-07-29 14:08:50,761 - INFO - [SYSTEM] - [MODE:MATERIAL] - [STRATEGY:NONE] - [COOKIE:NO] - 开始视频下载 1 个任务
2026-07-29 14:08:50,761 - INFO - [SYSTEM] - [MODE:MATERIAL] - [STRATEGY:NONE] - [COOKIE:NO] - 下载路径: C:/Users/Administrator/Desktop/VideoDown
2026-07-29 14:08:50,762 - INFO - [SYSTEM] - [MODE:MATERIAL] - [STRATEGY:NONE] - [COOKIE:NO] - 画质: 最佳画质
2026-07-29 14:08:50,762 - INFO - [SYSTEM] - [MODE:MATERIAL] - [STRATEGY:NONE] - [COOKIE:NO] - 下载调度: Instagram:1
2026-07-29 14:08:50,764 - INFO - [Instagram] - [MODE:MATERIAL] - [STRATEGY:START] - [COOKIE:NO] - DOWNLOAD_START | MODE:MATERIAL | URL:https://www.instagram.com/reel/DauyqQgh8uV/?utm_source=ig_web_copy_link&igsh=NTc4MTIwNjQ2YQ== | MODIFIED:True | REASON:removed tracking params
2026-07-29 14:08:50,764 - INFO - [SYSTEM] - [MODE:MATERIAL] - [STRATEGY:NONE] - [COOKIE:NO] - [14:08:50] 📋 平台: Instagram
2026-07-29 14:08:50,764 - INFO - [SYSTEM] - [MODE:MATERIAL] - [STRATEGY:NONE] - [COOKIE:NO] - [14:08:50] 策略1：Instagram 无 Cookie 下载...
2026-07-29 14:08:50,764 - INFO - [SYSTEM] - [MODE:MATERIAL] - [STRATEGY:NONE] - [COOKIE:NO] - [14:08:50][策略1][Instagram] 开始执行 yt-dlp
2026-07-29 14:08:56,788 - INFO - [SYSTEM] - [MODE:MATERIAL] - [STRATEGY:NONE] - [COOKIE:NO] - [14:08:56][策略1][Instagram] 仍在解析或下载中，等待平台响应...
2026-07-29 14:09:06,007 - INFO - [SYSTEM] - [MODE:MATERIAL] - [STRATEGY:NONE] - [COOKIE:NO] - [14:09:06][策略1][Instagram] 仍在解析或下载中，等待平台响应...
2026-07-29 14:09:09,574 - INFO - [SYSTEM] - [MODE:MATERIAL] - [STRATEGY:NONE] - [COOKIE:NO] - [14:09:09][策略1][Instagram] 下载进度：0.0% | 0.0MiB/2.12MiB | 速度 248.08KiB/s | 剩余 00:08
2026-07-29 14:09:09,577 - INFO - [SYSTEM] - [MODE:MATERIAL] - [STRATEGY:NONE] - [COOKIE:NO] - [14:09:09][策略1][Instagram] 下载进度：2.9% | 0.1MiB/2.12MiB | 速度 7.62MiB/s | 剩余 00:00
2026-07-29 14:09:09,770 - INFO - [SYSTEM] - [MODE:MATERIAL] - [STRATEGY:NONE] - [COOKIE:NO] - [14:09:09][策略1][Instagram] 下载进度：5.8% | 0.1MiB/2.12MiB | 速度 631.54KiB/s | 剩余 00:03
2026-07-29 14:09:09,782 - INFO - [SYSTEM] - [MODE:MATERIAL] - [STRATEGY:NONE] - [COOKIE:NO] - [14:09:09][策略1][Instagram] 下载进度：11.7% | 0.2MiB/2.12MiB | 速度 1.17MiB/s | 剩余 00:01
2026-07-29 14:09:09,802 - INFO - [SYSTEM] - [MODE:MATERIAL] - [STRATEGY:NONE] - [COOKIE:NO] - [14:09:09][策略1][Instagram] 下载进度：23.5% | 0.5MiB/2.12MiB | 速度 2.14MiB/s | 剩余 00:00
2026-07-29 14:09:10,293 - INFO - [SYSTEM] - [MODE:MATERIAL] - [STRATEGY:NONE] - [COOKIE:NO] - [14:09:10][策略1][Instagram] 下载进度：47.1% | 1.0MiB/2.12MiB | 速度 1.38MiB/s | 剩余 00:00
2026-07-29 14:09:11,920 - INFO - [SYSTEM] - [MODE:MATERIAL] - [STRATEGY:NONE] - [COOKIE:NO] - [14:09:11][策略1][Instagram] 下载进度：94.2% | 2.0MiB/2.12MiB | 速度 870.58KiB/s | 剩余 00:00
2026-07-29 14:09:12,115 - INFO - [SYSTEM] - [MODE:MATERIAL] - [STRATEGY:NONE] - [COOKIE:NO] - [14:09:12][策略1][Instagram] 下载进度：100.0% | 2.1MiB/2.12MiB | 速度 853.83KiB/s | 剩余 00:00
2026-07-29 14:09:15,415 - INFO - [SYSTEM] - [MODE:MATERIAL] - [STRATEGY:NONE] - [COOKIE:NO] - [14:09:15][策略1][Instagram] 下载进度：1.5% | 1.0KiB/67.16KiB | 速度 190.88KiB/s | 剩余 00:00
2026-07-29 14:09:15,415 - INFO - [SYSTEM] - [MODE:MATERIAL] - [STRATEGY:NONE] - [COOKIE:NO] - [14:09:15][策略1][Instagram] 下载进度：4.5% | 3.0KiB/67.16KiB | 速度 572.63KiB/s | 剩余 00:00
2026-07-29 14:09:15,416 - INFO - [SYSTEM] - [MODE:MATERIAL] - [STRATEGY:NONE] - [COOKIE:NO] - [14:09:15][策略1][Instagram] 下载进度：10.4% | 7.0KiB/67.16KiB | 速度 1.19MiB/s | 剩余 00:00
2026-07-29 14:09:15,416 - INFO - [SYSTEM] - [MODE:MATERIAL] - [STRATEGY:NONE] - [COOKIE:NO] - [14:09:15][策略1][Instagram] 下载进度：22.3% | 15.0KiB/67.16KiB | 速度 2.55MiB/s | 剩余 00:00
2026-07-29 14:09:15,416 - INFO - [SYSTEM] - [MODE:MATERIAL] - [STRATEGY:NONE] - [COOKIE:NO] - [14:09:15][策略1][Instagram] 下载进度：46.2% | 31.0KiB/67.16KiB | 速度 4.48MiB/s | 剩余 00:00
2026-07-29 14:09:15,424 - INFO - [SYSTEM] - [MODE:MATERIAL] - [STRATEGY:NONE] - [COOKIE:NO] - [14:09:15][策略1][Instagram] 下载进度：93.8% | 63.0KiB/67.16KiB | 速度 4.46MiB/s | 剩余 00:00
2026-07-29 14:09:15,424 - INFO - [SYSTEM] - [MODE:MATERIAL] - [STRATEGY:NONE] - [COOKIE:NO] - [14:09:15][策略1][Instagram] 下载进度：100.0% | 67.2KiB/67.16KiB | 速度 4.58MiB/s | 剩余 00:00
2026-07-29 14:09:16,228 - INFO - [SYSTEM] - [MODE:MATERIAL] - [STRATEGY:NONE] - [COOKIE:NO] - [14:09:16][策略1][Instagram] Selected format: format_id=dash-920821061025454v+dash-920608477713379a, res=1080x1920, fps=NA, tbr=2468.51, ext=mp4
2026-07-29 14:09:16,228 - INFO - [SYSTEM] - [MODE:MATERIAL] - [STRATEGY:NONE] - [COOKIE:NO] - [14:09:16][策略1][Instagram] 下载成功，耗时 25.5s
2026-07-29 14:09:16,229 - INFO - [Instagram] - [MODE:MATERIAL] - [STRATEGY:PlatformNoCookie] - [COOKIE:NO] - DOWNLOAD_SUCCESS | MODE:MATERIAL | STRATEGY:PlatformNoCookie
2026-07-29 14:09:16,230 - INFO - [SYSTEM] - [MODE:MATERIAL] - [STRATEGY:NONE] - [COOKIE:NO] - [14:09:16] 文件名: Video by thecoreengineer-DauyqQgh8uV.mp4
2026-07-29 14:09:16,230 - INFO - [SYSTEM] - [MODE:MATERIAL] - [STRATEGY:NONE] - [COOKIE:NO] - [14:09:16] 保存路径: C:\Users\Administrator\Desktop\VideoDown\Video by thecoreengineer-DauyqQgh8uV.mp4
2026-07-29 14:09:16,230 - INFO - [SYSTEM] - [MODE:MATERIAL] - [STRATEGY:NONE] - [COOKIE:NO] - [14:09:16] 文件大小: 2.30 MB
2026-07-29 14:09:18,006 - INFO - [SYSTEM] - [MODE:MATERIAL] - [STRATEGY:NONE] - [COOKIE:NO] - 下载额度结算：成功并扣除次数
2026-07-29 14:09:18,009 - INFO - [SYSTEM] - [MODE:MATERIAL] - [STRATEGY:NONE] - [COOKIE:NO] - 预览文件已就绪: C:/Users/Administrator/Desktop/VideoDown\Video by thecoreengineer-DauyqQgh8uV.mp4
2026-07-29 14:22:21,346 - INFO - [SYSTEM] - [MODE:MATERIAL] - [STRATEGY:NONE] - [COOKIE:NO] - 正在重启软件...
2026-07-29 14:22:21,666 - INFO - [SYSTEM] - [MODE:MATERIAL] - [STRATEGY:NONE] - [COOKIE:NO] - 已恢复上次预览文件: C:/Users/Administrator/Desktop/VideoDown\Video by thecoreengineer-DauyqQgh8uV.mp4
2026-07-29 14:22:21,753 - INFO - [SYSTEM] - [MODE:MATERIAL] - [STRATEGY:NONE] - [COOKIE:NO] - 启动时检查工具和 Cookie 状态...
2026-07-29 14:22:21,754 - INFO - [SYSTEM] - [MODE:MATERIAL] - [STRATEGY:NONE] - [COOKIE:NO] - Deno.js解析引擎已启动就绪
2026-07-29 14:22:21,754 - INFO - [SYSTEM] - [MODE:MATERIAL] - [STRATEGY:NONE] - [COOKIE:NO] - 所有必要工具已就绪
2026-07-29 14:22:21,755 - INFO - [SYSTEM] - [MODE:MATERIAL] - [STRATEGY:NONE] - [COOKIE:NO] - [14:22:21] Cookie health check:
2026-07-29 14:22:21,755 - INFO - [SYSTEM] - [MODE:MATERIAL] - [STRATEGY:NONE] - [COOKIE:NO] -   YouTube: healthy | score=95 | size=1.63 KB | Cookie valid until 2027-05-25 10:59
2026-07-29 14:22:21,755 - INFO - [SYSTEM] - [MODE:MATERIAL] - [STRATEGY:NONE] - [COOKIE:NO] -   Instagram: healthy | score=95 | size=854.00 B | Cookie valid until 2027-06-04 13:58
2026-07-29 14:22:21,755 - INFO - [SYSTEM] - [MODE:MATERIAL] - [STRATEGY:NONE] - [COOKIE:NO] -   TikTok: healthy | score=95 | size=4.51 KB | Cookie valid until 2027-07-10 14:33
2026-07-29 14:22:21,755 - INFO - [SYSTEM] - [MODE:MATERIAL] - [STRATEGY:NONE] - [COOKIE:NO] -   Twitter: healthy | score=95 | size=1.26 KB | Cookie valid until 2027-07-10 11:13
2026-07-29 14:22:23,921 - INFO - [SYSTEM] - [MODE:MATERIAL] - [STRATEGY:NONE] - [COOKIE:NO] - 账号验证成功（半年订阅，今日剩余 289 次）
2026-07-29 14:22:24,649 - INFO - [SYSTEM] - [MODE:MATERIAL] - [STRATEGY:NONE] - [COOKIE:NO] - 已从剪贴板粘贴内容。
2026-07-29 14:22:25,600 - INFO - [SYSTEM] - [MODE:MATERIAL] - [STRATEGY:NONE] - [COOKIE:NO] - 账号模式下载校验：主下载页面批量下载，准备预占 1 个下载名额
2026-07-29 14:22:27,339 - INFO - [SYSTEM] - [MODE:MATERIAL] - [STRATEGY:NONE] - [COOKIE:NO] - 账号模式下载校验结果：status=ok, msg=download_quota_reserved
2026-07-29 14:22:27,341 - INFO - [SYSTEM] - [MODE:MATERIAL] - [STRATEGY:NONE] - [COOKIE:NO] - 开始视频下载 1 个任务
2026-07-29 14:22:27,341 - INFO - [SYSTEM] - [MODE:MATERIAL] - [STRATEGY:NONE] - [COOKIE:NO] - 下载路径: C:/Users/Administrator/Desktop/VideoDown
2026-07-29 14:22:27,341 - INFO - [SYSTEM] - [MODE:MATERIAL] - [STRATEGY:NONE] - [COOKIE:NO] - 画质: 最佳画质
2026-07-29 14:22:27,342 - INFO - [SYSTEM] - [MODE:MATERIAL] - [STRATEGY:NONE] - [COOKIE:NO] - 下载调度: Instagram:1
2026-07-29 14:22:27,344 - INFO - [Instagram] - [MODE:MATERIAL] - [STRATEGY:START] - [COOKIE:NO] - DOWNLOAD_START | MODE:MATERIAL | URL:https://www.instagram.com/reel/DZC8nhBOzWe/?utm_source=ig_web_copy_link&igsh=NTc4MTIwNjQ2YQ== | MODIFIED:True | REASON:removed tracking params
2026-07-29 14:22:27,344 - INFO - [SYSTEM] - [MODE:MATERIAL] - [STRATEGY:NONE] - [COOKIE:NO] - [14:22:27] 📋 平台: Instagram
2026-07-29 14:22:27,344 - INFO - [SYSTEM] - [MODE:MATERIAL] - [STRATEGY:NONE] - [COOKIE:NO] - [14:22:27] 策略1：Instagram 无 Cookie 下载...
2026-07-29 14:22:27,344 - INFO - [SYSTEM] - [MODE:MATERIAL] - [STRATEGY:NONE] - [COOKIE:NO] - [14:22:27][策略1][Instagram] 开始执行 yt-dlp
2026-07-29 14:22:33,369 - INFO - [SYSTEM] - [MODE:MATERIAL] - [STRATEGY:NONE] - [COOKIE:NO] - [14:22:33][策略1][Instagram] 仍在解析或下载中，等待平台响应...
2026-07-29 14:22:44,586 - INFO - [SYSTEM] - [MODE:MATERIAL] - [STRATEGY:NONE] - [COOKIE:NO] - [14:22:44][策略1][Instagram] 仍在解析或下载中，等待平台响应...
2026-07-29 14:22:46,530 - INFO - [SYSTEM] - [MODE:MATERIAL] - [STRATEGY:NONE] - [COOKIE:NO] - [14:22:46][策略1][Instagram] 下载进度：0.0% | 0.0MiB/9.32MiB | 速度 149.88KiB/s | 剩余 01:03
2026-07-29 14:22:46,551 - INFO - [SYSTEM] - [MODE:MATERIAL] - [STRATEGY:NONE] - [COOKIE:NO] - [14:22:46][策略1][Instagram] 下载进度：2.7% | 0.3MiB/9.32MiB | 速度 8.78MiB/s | 剩余 00:01
2026-07-29 14:22:46,574 - INFO - [SYSTEM] - [MODE:MATERIAL] - [STRATEGY:NONE] - [COOKIE:NO] - [14:22:46][策略1][Instagram] 下载进度：5.4% | 0.5MiB/9.32MiB | 速度 9.75MiB/s | 剩余 00:00
2026-07-29 14:22:47,152 - INFO - [SYSTEM] - [MODE:MATERIAL] - [STRATEGY:NONE] - [COOKIE:NO] - [14:22:47][策略1][Instagram] 下载进度：10.7% | 1.0MiB/9.32MiB | 速度 1.59MiB/s | 剩余 00:05
2026-07-29 14:22:48,718 - INFO - [SYSTEM] - [MODE:MATERIAL] - [STRATEGY:NONE] - [COOKIE:NO] - [14:22:48][策略1][Instagram] 下载进度：20.0% | 1.9MiB/9.32MiB | 速度 869.46KiB/s | 剩余 00:08
2026-07-29 14:22:49,595 - INFO - [SYSTEM] - [MODE:MATERIAL] - [STRATEGY:NONE] - [COOKIE:NO] - [14:22:49][策略1][Instagram] 下载进度：25.9% | 2.4MiB/9.32MiB | 速度 805.05KiB/s | 剩余 00:08
2026-07-29 14:22:50,619 - INFO - [SYSTEM] - [MODE:MATERIAL] - [STRATEGY:NONE] - [COOKIE:NO] - [14:22:50][策略1][Instagram] 下载进度：32.7% | 3.0MiB/9.32MiB | 速度 761.05KiB/s | 剩余 00:08
2026-07-29 14:22:51,595 - INFO - [SYSTEM] - [MODE:MATERIAL] - [STRATEGY:NONE] - [COOKIE:NO] - [14:22:51][策略1][Instagram] 下载进度：39.2% | 3.7MiB/9.32MiB | 速度 738.70KiB/s | 剩余 00:07
2026-07-29 14:22:52,621 - INFO - [SYSTEM] - [MODE:MATERIAL] - [STRATEGY:NONE] - [COOKIE:NO] - [14:22:52][策略1][Instagram] 下载进度：46.0% | 4.3MiB/9.32MiB | 速度 720.18KiB/s | 剩余 00:07
2026-07-29 14:22:53,595 - INFO - [SYSTEM] - [MODE:MATERIAL] - [STRATEGY:NONE] - [COOKIE:NO] - [14:22:53][策略1][Instagram] 下载进度：52.6% | 4.9MiB/9.32MiB | 速度 709.91KiB/s | 剩余 00:06
2026-07-29 14:22:54,631 - INFO - [SYSTEM] - [MODE:MATERIAL] - [STRATEGY:NONE] - [COOKIE:NO] - [14:22:54][策略1][Instagram] 下载进度：59.3% | 5.5MiB/9.32MiB | 速度 698.74KiB/s | 剩余 00:05
2026-07-29 14:22:55,609 - INFO - [SYSTEM] - [MODE:MATERIAL] - [STRATEGY:NONE] - [COOKIE:NO] - [14:22:55][策略1][Instagram] 下载进度：65.9% | 6.1MiB/9.32MiB | 速度 692.03KiB/s | 剩余 00:04
2026-07-29 14:22:56,610 - INFO - [SYSTEM] - [MODE:MATERIAL] - [STRATEGY:NONE] - [COOKIE:NO] - [14:22:56][策略1][Instagram] 下载进度：72.5% | 6.8MiB/9.32MiB | 速度 686.46KiB/s | 剩余 00:03
2026-07-29 14:22:57,613 - INFO - [SYSTEM] - [MODE:MATERIAL] - [STRATEGY:NONE] - [COOKIE:NO] - [14:22:57][策略1][Instagram] 下载进度：79.2% | 7.4MiB/9.32MiB | 速度 681.70KiB/s | 剩余 00:02
2026-07-29 14:22:58,645 - INFO - [SYSTEM] - [MODE:MATERIAL] - [STRATEGY:NONE] - [COOKIE:NO] - [14:22:58][策略1][Instagram] 下载进度：85.8% | 8.0MiB/9.32MiB | 速度 675.98KiB/s | 剩余 00:02
2026-07-29 14:22:59,684 - INFO - [SYSTEM] - [MODE:MATERIAL] - [STRATEGY:NONE] - [COOKIE:NO] - [14:22:59][策略1][Instagram] 下载进度：92.3% | 8.6MiB/9.32MiB | 速度 669.29KiB/s | 剩余 00:01
2026-07-29 14:23:00,611 - INFO - [SYSTEM] - [MODE:MATERIAL] - [STRATEGY:NONE] - [COOKIE:NO] - [14:23:00][策略1][Instagram] 下载进度：98.5% | 9.2MiB/9.32MiB | 速度 667.21KiB/s | 剩余 00:00
2026-07-29 14:23:00,848 - INFO - [SYSTEM] - [MODE:MATERIAL] - [STRATEGY:NONE] - [COOKIE:NO] - [14:23:00][策略1][Instagram] 下载进度：100.0% | 9.3MiB/9.32MiB | 速度 666.44KiB/s | 剩余 00:00
2026-07-29 14:23:07,028 - INFO - [SYSTEM] - [MODE:MATERIAL] - [STRATEGY:NONE] - [COOKIE:NO] - [14:23:07][策略1][Instagram] 仍在解析或下载中，等待平台响应...
2026-07-29 14:23:07,878 - INFO - [SYSTEM] - [MODE:MATERIAL] - [STRATEGY:NONE] - [COOKIE:NO] - [14:23:07][策略1][Instagram] 下载进度：0.7% | 1.0KiB/140.50KiB | 速度 Unknown | 剩余 Unknown
2026-07-29 14:23:07,880 - INFO - [SYSTEM] - [MODE:MATERIAL] - [STRATEGY:NONE] - [COOKIE:NO] - [14:23:07][策略1][Instagram] 下载进度：5.0% | 7.0KiB/140.50KiB | 速度 2.67MiB/s | 剩余 00:00
2026-07-29 14:23:07,912 - INFO - [SYSTEM] - [MODE:MATERIAL] - [STRATEGY:NONE] - [COOKIE:NO] - [14:23:07][策略1][Instagram] 下载进度：10.7% | 15.0KiB/140.50KiB | 速度 439.84KiB/s | 剩余 00:00
2026-07-29 14:23:07,960 - INFO - [SYSTEM] - [MODE:MATERIAL] - [STRATEGY:NONE] - [COOKIE:NO] - [14:23:07][策略1][Instagram] 下载进度：22.1% | 31.1KiB/140.50KiB | 速度 374.72KiB/s | 剩余 00:00
2026-07-29 14:23:08,065 - INFO - [SYSTEM] - [MODE:MATERIAL] - [STRATEGY:NONE] - [COOKIE:NO] - [14:23:08][策略1][Instagram] 下载进度：44.8% | 62.9KiB/140.50KiB | 速度 335.87KiB/s | 剩余 00:00
2026-07-29 14:23:08,262 - INFO - [SYSTEM] - [MODE:MATERIAL] - [STRATEGY:NONE] - [COOKIE:NO] - [14:23:08][策略1][Instagram] 下载进度：90.4% | 127.0KiB/140.50KiB | 速度 330.39KiB/s | 剩余 00:00
2026-07-29 14:23:08,262 - INFO - [SYSTEM] - [MODE:MATERIAL] - [STRATEGY:NONE] - [COOKIE:NO] - [14:23:08][策略1][Instagram] 下载进度：100.0% | 140.5KiB/140.50KiB | 速度 365.04KiB/s | 剩余 00:00
2026-07-29 14:23:09,232 - INFO - [SYSTEM] - [MODE:MATERIAL] - [STRATEGY:NONE] - [COOKIE:NO] - [14:23:09][策略1][Instagram] Selected format: format_id=dash-1304036704685911v+dash-1343295037681630a, res=1080x1920, fps=NA, tbr=4573.3820000000005, ext=mp4
2026-07-29 14:23:09,232 - INFO - [SYSTEM] - [MODE:MATERIAL] - [STRATEGY:NONE] - [COOKIE:NO] - [14:23:09][策略1][Instagram] 下载成功，耗时 41.9s
2026-07-29 14:23:09,233 - INFO - [Instagram] - [MODE:MATERIAL] - [STRATEGY:PlatformNoCookie] - [COOKIE:NO] - DOWNLOAD_SUCCESS | MODE:MATERIAL | STRATEGY:PlatformNoCookie
2026-07-29 14:23:09,233 - INFO - [SYSTEM] - [MODE:MATERIAL] - [STRATEGY:NONE] - [COOKIE:NO] - [14:23:09] 文件名: Video by johnderting-DZC8nhBOzWe.mp4
2026-07-29 14:23:09,233 - INFO - [SYSTEM] - [MODE:MATERIAL] - [STRATEGY:NONE] - [COOKIE:NO] - [14:23:09] 保存路径: C:\Users\Administrator\Desktop\VideoDown\Video by johnderting-DZC8nhBOzWe.mp4
2026-07-29 14:23:09,233 - INFO - [SYSTEM] - [MODE:MATERIAL] - [STRATEGY:NONE] - [COOKIE:NO] - [14:23:09] 文件大小: 9.74 MB
2026-07-29 14:23:11,025 - INFO - [SYSTEM] - [MODE:MATERIAL] - [STRATEGY:NONE] - [COOKIE:NO] - 下载额度结算：成功并扣除次数
2026-07-29 14:23:11,027 - INFO - [SYSTEM] - [MODE:MATERIAL] - [STRATEGY:NONE] - [COOKIE:NO] - 预览文件已就绪: C:/Users/Administrator/Desktop/VideoDown\Video by johnderting-DZC8nhBOzWe.mp4
2026-07-29 14:23:15,112 - INFO - [SYSTEM] - [MODE:MATERIAL] - [STRATEGY:NONE] - [COOKIE:NO] - 使用本地播放器打开预览: C:/Users/Administrator/Desktop/VideoDown\Video by johnderting-DZC8nhBOzWe.mp4
2026-07-29 15:13:07,855 - INFO - [SYSTEM] - [MODE:MATERIAL] - [STRATEGY:NONE] - [COOKIE:NO] - 正在重启软件...
2026-07-29 15:13:08,270 - INFO - [SYSTEM] - [MODE:MATERIAL] - [STRATEGY:NONE] - [COOKIE:NO] - 已恢复上次预览文件: C:/Users/Administrator/Desktop/VideoDown\Video by johnderting-DZC8nhBOzWe.mp4
2026-07-29 15:13:08,356 - INFO - [SYSTEM] - [MODE:MATERIAL] - [STRATEGY:NONE] - [COOKIE:NO] - 启动时检查工具和 Cookie 状态...
2026-07-29 15:13:08,356 - INFO - [SYSTEM] - [MODE:MATERIAL] - [STRATEGY:NONE] - [COOKIE:NO] - Deno.js解析引擎已启动就绪
2026-07-29 15:13:08,356 - INFO - [SYSTEM] - [MODE:MATERIAL] - [STRATEGY:NONE] - [COOKIE:NO] - 所有必要工具已就绪
2026-07-29 15:13:08,357 - INFO - [SYSTEM] - [MODE:MATERIAL] - [STRATEGY:NONE] - [COOKIE:NO] - [15:13:08] Cookie health check:
2026-07-29 15:13:08,357 - INFO - [SYSTEM] - [MODE:MATERIAL] - [STRATEGY:NONE] - [COOKIE:NO] -   YouTube: healthy | score=95 | size=1.63 KB | Cookie valid until 2027-05-25 10:59
2026-07-29 15:13:08,358 - INFO - [SYSTEM] - [MODE:MATERIAL] - [STRATEGY:NONE] - [COOKIE:NO] -   Instagram: healthy | score=95 | size=854.00 B | Cookie valid until 2027-06-04 13:58
2026-07-29 15:13:08,358 - INFO - [SYSTEM] - [MODE:MATERIAL] - [STRATEGY:NONE] - [COOKIE:NO] -   TikTok: healthy | score=95 | size=4.51 KB | Cookie valid until 2027-07-10 14:33
2026-07-29 15:13:08,358 - INFO - [SYSTEM] - [MODE:MATERIAL] - [STRATEGY:NONE] - [COOKIE:NO] -   Twitter: healthy | score=95 | size=1.26 KB | Cookie valid until 2027-07-10 11:13
2026-07-29 15:13:11,025 - INFO - [SYSTEM] - [MODE:MATERIAL] - [STRATEGY:NONE] - [COOKIE:NO] - 账号验证成功（半年订阅，今日剩余 289 次）
2026-07-29 15:13:24,002 - INFO - [SYSTEM] - [MODE:MATERIAL] - [STRATEGY:NONE] - [COOKIE:NO] - 已加载上次提取的 2075 条记录 （已下载: 27, 失败: 0, 待下载: 2048）
2026-07-29 15:14:30,903 - INFO - [SYSTEM] - [MODE:MATERIAL] - [STRATEGY:NONE] - [COOKIE:NO] - 已恢复上次预览文件: C:/Users/Administrator/Desktop/VideoDown\Video by johnderting-DZC8nhBOzWe.mp4
2026-07-29 15:14:30,991 - INFO - [SYSTEM] - [MODE:MATERIAL] - [STRATEGY:NONE] - [COOKIE:NO] - 启动时检查工具和 Cookie 状态...
2026-07-29 15:14:30,992 - INFO - [SYSTEM] - [MODE:MATERIAL] - [STRATEGY:NONE] - [COOKIE:NO] - Deno.js解析引擎已启动就绪
2026-07-29 15:14:30,992 - INFO - [SYSTEM] - [MODE:MATERIAL] - [STRATEGY:NONE] - [COOKIE:NO] - 所有必要工具已就绪
2026-07-29 15:14:30,993 - INFO - [SYSTEM] - [MODE:MATERIAL] - [STRATEGY:NONE] - [COOKIE:NO] - [15:14:30] Cookie health check:
2026-07-29 15:14:30,993 - INFO - [SYSTEM] - [MODE:MATERIAL] - [STRATEGY:NONE] - [COOKIE:NO] -   YouTube: healthy | score=95 | size=1.63 KB | Cookie valid until 2027-05-25 10:59
2026-07-29 15:14:30,993 - INFO - [SYSTEM] - [MODE:MATERIAL] - [STRATEGY:NONE] - [COOKIE:NO] -   Instagram: healthy | score=95 | size=854.00 B | Cookie valid until 2027-06-04 13:58
2026-07-29 15:14:30,993 - INFO - [SYSTEM] - [MODE:MATERIAL] - [STRATEGY:NONE] - [COOKIE:NO] -   TikTok: healthy | score=95 | size=4.51 KB | Cookie valid until 2027-07-10 14:33
2026-07-29 15:14:30,993 - INFO - [SYSTEM] - [MODE:MATERIAL] - [STRATEGY:NONE] - [COOKIE:NO] -   Twitter: healthy | score=95 | size=1.26 KB | Cookie valid until 2027-07-10 11:13
2026-07-29 15:14:33,187 - INFO - [SYSTEM] - [MODE:MATERIAL] - [STRATEGY:NONE] - [COOKIE:NO] - 账号验证成功（半年订阅，今日剩余 289 次）
2026-07-29 15:15:20,645 - INFO - [SYSTEM] - [MODE:MATERIAL] - [STRATEGY:NONE] - [COOKIE:NO] - 删除文件失败 D:\Vidoon2026\logs\app_20260729.log: [WinError 32] 另一个程序正在使用此文件，进程无法访问。: 'D:\\Vidoon2026\\logs\\app_20260729.log'
2026-07-29 15:15:46,382 - INFO - [SYSTEM] - [MODE:MATERIAL] - [STRATEGY:NONE] - [COOKIE:NO] - 打开官网订阅：https://license.muyanshidai.com/index.php
2026-07-29 15:20:06,678 - INFO - [SYSTEM] - [MODE:MATERIAL] - [STRATEGY:NONE] - [COOKIE:NO] - 正在重启软件...
2026-07-29 15:20:07,004 - INFO - [SYSTEM] - [MODE:MATERIAL] - [STRATEGY:NONE] - [COOKIE:NO] - 已恢复上次预览文件: C:/Users/Administrator/Desktop/VideoDown\Video by johnderting-DZC8nhBOzWe.mp4
2026-07-29 15:20:07,090 - INFO - [SYSTEM] - [MODE:MATERIAL] - [STRATEGY:NONE] - [COOKIE:NO] - 启动时检查工具和 Cookie 状态...
2026-07-29 15:20:07,091 - INFO - [SYSTEM] - [MODE:MATERIAL] - [STRATEGY:NONE] - [COOKIE:NO] - Deno.js解析引擎已启动就绪
2026-07-29 15:20:07,091 - INFO - [SYSTEM] - [MODE:MATERIAL] - [STRATEGY:NONE] - [COOKIE:NO] - 所有必要工具已就绪
2026-07-29 15:20:07,092 - INFO - [SYSTEM] - [MODE:MATERIAL] - [STRATEGY:NONE] - [COOKIE:NO] - [15:20:07] Cookie health check:
2026-07-29 15:20:07,092 - INFO - [SYSTEM] - [MODE:MATERIAL] - [STRATEGY:NONE] - [COOKIE:NO] -   YouTube: healthy | score=95 | size=1.63 KB | Cookie valid until 2027-05-25 10:59
2026-07-29 15:20:07,092 - INFO - [SYSTEM] - [MODE:MATERIAL] - [STRATEGY:NONE] - [COOKIE:NO] -   Instagram: healthy | score=95 | size=854.00 B | Cookie valid until 2027-06-04 13:58
2026-07-29 15:20:07,092 - INFO - [SYSTEM] - [MODE:MATERIAL] - [STRATEGY:NONE] - [COOKIE:NO] -   TikTok: healthy | score=95 | size=4.51 KB | Cookie valid until 2027-07-10 14:33
2026-07-29 15:20:07,092 - INFO - [SYSTEM] - [MODE:MATERIAL] - [STRATEGY:NONE] - [COOKIE:NO] -   Twitter: healthy | score=95 | size=1.26 KB | Cookie valid until 2027-07-10 11:13
2026-07-29 15:20:09,232 - INFO - [SYSTEM] - [MODE:MATERIAL] - [STRATEGY:NONE] - [COOKIE:NO] - 账号验证成功（半年订阅，今日剩余 289 次）
2026-07-29 15:32:10,317 - INFO - [SYSTEM] - [MODE:MATERIAL] - [STRATEGY:NONE] - [COOKIE:NO] - 已加载上次提取的 2075 条记录 （已下载: 27, 失败: 0, 待下载: 2048）
2026-07-29 15:32:49,861 - INFO - [SYSTEM] - [MODE:MATERIAL] - [STRATEGY:NONE] - [COOKIE:NO] - 正在重启软件...
2026-07-29 15:32:50,195 - INFO - [SYSTEM] - [MODE:MATERIAL] - [STRATEGY:NONE] - [COOKIE:NO] - 已恢复上次预览文件: C:/Users/Administrator/Desktop/VideoDown\Video by johnderting-DZC8nhBOzWe.mp4
2026-07-29 15:32:50,282 - INFO - [SYSTEM] - [MODE:MATERIAL] - [STRATEGY:NONE] - [COOKIE:NO] - 启动时检查工具和 Cookie 状态...
2026-07-29 15:32:50,283 - INFO - [SYSTEM] - [MODE:MATERIAL] - [STRATEGY:NONE] - [COOKIE:NO] - Deno.js解析引擎已启动就绪
2026-07-29 15:32:50,283 - INFO - [SYSTEM] - [MODE:MATERIAL] - [STRATEGY:NONE] - [COOKIE:NO] - 所有必要工具已就绪
2026-07-29 15:32:50,284 - INFO - [SYSTEM] - [MODE:MATERIAL] - [STRATEGY:NONE] - [COOKIE:NO] - [15:32:50] Cookie health check:
2026-07-29 15:32:50,284 - INFO - [SYSTEM] - [MODE:MATERIAL] - [STRATEGY:NONE] - [COOKIE:NO] -   YouTube: healthy | score=95 | size=1.63 KB | Cookie valid until 2027-05-25 10:59
2026-07-29 15:32:50,284 - INFO - [SYSTEM] - [MODE:MATERIAL] - [STRATEGY:NONE] - [COOKIE:NO] -   Instagram: healthy | score=95 | size=854.00 B | Cookie valid until 2027-06-04 13:58
2026-07-29 15:32:50,285 - INFO - [SYSTEM] - [MODE:MATERIAL] - [STRATEGY:NONE] - [COOKIE:NO] -   TikTok: healthy | score=95 | size=4.51 KB | Cookie valid until 2027-07-10 14:33
2026-07-29 15:32:50,285 - INFO - [SYSTEM] - [MODE:MATERIAL] - [STRATEGY:NONE] - [COOKIE:NO] -   Twitter: healthy | score=95 | size=1.26 KB | Cookie valid until 2027-07-10 11:13
2026-07-29 15:32:52,460 - INFO - [SYSTEM] - [MODE:MATERIAL] - [STRATEGY:NONE] - [COOKIE:NO] - 账号验证成功（半年订阅，今日剩余 289 次）
2026-07-29 15:33:00,230 - INFO - [SYSTEM] - [MODE:MATERIAL] - [STRATEGY:NONE] - [COOKIE:NO] - 已加载上次提取的 2075 条记录 （已下载: 27, 失败: 0, 待下载: 2048）
2026-07-29 16:25:39,248 - INFO - [SYSTEM] - [MODE:MATERIAL] - [STRATEGY:NONE] - [COOKIE:NO] - 正在重启软件...
2026-07-29 16:25:39,577 - INFO - [SYSTEM] - [MODE:MATERIAL] - [STRATEGY:NONE] - [COOKIE:NO] - 已恢复上次预览文件: C:/Users/Administrator/Desktop/VideoDown\Video by johnderting-DZC8nhBOzWe.mp4
2026-07-29 16:25:39,661 - INFO - [SYSTEM] - [MODE:MATERIAL] - [STRATEGY:NONE] - [COOKIE:NO] - 启动时检查工具和 Cookie 状态...
2026-07-29 16:25:39,661 - INFO - [SYSTEM] - [MODE:MATERIAL] - [STRATEGY:NONE] - [COOKIE:NO] - Deno.js解析引擎已启动就绪
2026-07-29 16:25:39,661 - INFO - [SYSTEM] - [MODE:MATERIAL] - [STRATEGY:NONE] - [COOKIE:NO] - 所有必要工具已就绪
2026-07-29 16:25:39,662 - INFO - [SYSTEM] - [MODE:MATERIAL] - [STRATEGY:NONE] - [COOKIE:NO] - [16:25:39] Cookie health check:
2026-07-29 16:25:39,662 - INFO - [SYSTEM] - [MODE:MATERIAL] - [STRATEGY:NONE] - [COOKIE:NO] -   YouTube: healthy | score=95 | size=1.63 KB | Cookie valid until 2027-05-25 10:59
2026-07-29 16:25:39,663 - INFO - [SYSTEM] - [MODE:MATERIAL] - [STRATEGY:NONE] - [COOKIE:NO] -   Instagram: healthy | score=95 | size=854.00 B | Cookie valid until 2027-06-04 13:58
2026-07-29 16:25:39,663 - INFO - [SYSTEM] - [MODE:MATERIAL] - [STRATEGY:NONE] - [COOKIE:NO] -   TikTok: healthy | score=95 | size=4.51 KB | Cookie valid until 2027-07-10 14:33
2026-07-29 16:25:39,663 - INFO - [SYSTEM] - [MODE:MATERIAL] - [STRATEGY:NONE] - [COOKIE:NO] -   Twitter: healthy | score=95 | size=1.26 KB | Cookie valid until 2027-07-10 11:13
2026-07-29 16:25:41,891 - INFO - [SYSTEM] - [MODE:MATERIAL] - [STRATEGY:NONE] - [COOKIE:NO] - 账号验证成功（半年订阅，今日剩余 289 次）
2026-07-29 16:25:48,400 - INFO - [SYSTEM] - [MODE:MATERIAL] - [STRATEGY:NONE] - [COOKIE:NO] - 打开官网订阅：https://license.muyanshidai.com/index.php
2026-07-29 16:31:26,543 - INFO - [SYSTEM] - [MODE:MATERIAL] - [STRATEGY:NONE] - [COOKIE:NO] - 正在重启软件...
2026-07-29 16:31:26,898 - INFO - [SYSTEM] - [MODE:MATERIAL] - [STRATEGY:NONE] - [COOKIE:NO] - 已恢复上次预览文件: C:/Users/Administrator/Desktop/VideoDown\Video by johnderting-DZC8nhBOzWe.mp4
2026-07-29 16:31:26,999 - INFO - [SYSTEM] - [MODE:MATERIAL] - [STRATEGY:NONE] - [COOKIE:NO] - 启动时检查工具和 Cookie 状态...
2026-07-29 16:31:27,000 - INFO - [SYSTEM] - [MODE:MATERIAL] - [STRATEGY:NONE] - [COOKIE:NO] - Deno.js解析引擎已启动就绪
2026-07-29 16:31:27,000 - INFO - [SYSTEM] - [MODE:MATERIAL] - [STRATEGY:NONE] - [COOKIE:NO] - 所有必要工具已就绪
2026-07-29 16:31:27,001 - INFO - [SYSTEM] - [MODE:MATERIAL] - [STRATEGY:NONE] - [COOKIE:NO] - [16:31:27] Cookie health check:
2026-07-29 16:31:27,001 - INFO - [SYSTEM] - [MODE:MATERIAL] - [STRATEGY:NONE] - [COOKIE:NO] -   YouTube: healthy | score=95 | size=1.63 KB | Cookie valid until 2027-05-25 10:59
2026-07-29 16:31:27,001 - INFO - [SYSTEM] - [MODE:MATERIAL] - [STRATEGY:NONE] - [COOKIE:NO] -   Instagram: healthy | score=95 | size=854.00 B | Cookie valid until 2027-06-04 13:58
2026-07-29 16:31:27,001 - INFO - [SYSTEM] - [MODE:MATERIAL] - [STRATEGY:NONE] - [COOKIE:NO] -   TikTok: healthy | score=95 | size=4.51 KB | Cookie valid until 2027-07-10 14:33
2026-07-29 16:31:27,001 - INFO - [SYSTEM] - [MODE:MATERIAL] - [STRATEGY:NONE] - [COOKIE:NO] -   Twitter: healthy | score=95 | size=1.26 KB | Cookie valid until 2027-07-10 11:13
2026-07-29 16:31:29,212 - INFO - [SYSTEM] - [MODE:MATERIAL] - [STRATEGY:NONE] - [COOKIE:NO] - 账号验证成功（半年订阅，今日剩余 289 次）
2026-07-29 16:31:36,726 - INFO - [SYSTEM] - [MODE:MATERIAL] - [STRATEGY:NONE] - [COOKIE:NO] - logout_success
2026-07-29 16:39:32,543 - INFO - [SYSTEM] - [MODE:MATERIAL] - [STRATEGY:NONE] - [COOKIE:NO] - 正在重启软件...
2026-07-29 16:39:32,878 - INFO - [SYSTEM] - [MODE:MATERIAL] - [STRATEGY:NONE] - [COOKIE:NO] - 已恢复上次预览文件: C:/Users/Administrator/Desktop/VideoDown\Video by johnderting-DZC8nhBOzWe.mp4
2026-07-29 16:39:32,964 - INFO - [SYSTEM] - [MODE:MATERIAL] - [STRATEGY:NONE] - [COOKIE:NO] - 启动时检查工具和 Cookie 状态...
2026-07-29 16:39:32,965 - INFO - [SYSTEM] - [MODE:MATERIAL] - [STRATEGY:NONE] - [COOKIE:NO] - Deno.js解析引擎已启动就绪
2026-07-29 16:39:32,965 - INFO - [SYSTEM] - [MODE:MATERIAL] - [STRATEGY:NONE] - [COOKIE:NO] - 所有必要工具已就绪
2026-07-29 16:39:32,966 - INFO - [SYSTEM] - [MODE:MATERIAL] - [STRATEGY:NONE] - [COOKIE:NO] - [16:39:32] Cookie health check:
2026-07-29 16:39:32,966 - INFO - [SYSTEM] - [MODE:MATERIAL] - [STRATEGY:NONE] - [COOKIE:NO] -   YouTube: healthy | score=95 | size=1.63 KB | Cookie valid until 2027-05-25 10:59
2026-07-29 16:39:32,966 - INFO - [SYSTEM] - [MODE:MATERIAL] - [STRATEGY:NONE] - [COOKIE:NO] -   Instagram: healthy | score=95 | size=854.00 B | Cookie valid until 2027-06-04 13:58
2026-07-29 16:39:32,967 - INFO - [SYSTEM] - [MODE:MATERIAL] - [STRATEGY:NONE] - [COOKIE:NO] -   TikTok: healthy | score=95 | size=4.51 KB | Cookie valid until 2027-07-10 14:33
2026-07-29 16:39:32,967 - INFO - [SYSTEM] - [MODE:MATERIAL] - [STRATEGY:NONE] - [COOKIE:NO] -   Twitter: healthy | score=95 | size=1.26 KB | Cookie valid until 2027-07-10 11:13
2026-07-29 16:39:38,337 - INFO - [SYSTEM] - [MODE:MATERIAL] - [STRATEGY:NONE] - [COOKIE:NO] - ⚠️ 未登录账号
2026-07-29 16:40:16,984 - INFO - [SYSTEM] - [MODE:MATERIAL] - [STRATEGY:NONE] - [COOKIE:NO] - 账号登录成功
2026-07-29 17:05:40,044 - INFO - [SYSTEM] - [MODE:MATERIAL] - [STRATEGY:NONE] - [COOKIE:NO] - 正在重启软件...
2026-07-29 17:05:40,378 - INFO - [SYSTEM] - [MODE:MATERIAL] - [STRATEGY:NONE] - [COOKIE:NO] - 已恢复上次预览文件: C:/Users/Administrator/Desktop/VideoDown\Video by johnderting-DZC8nhBOzWe.mp4
2026-07-29 17:05:40,468 - INFO - [SYSTEM] - [MODE:MATERIAL] - [STRATEGY:NONE] - [COOKIE:NO] - 启动时检查工具和 Cookie 状态...
2026-07-29 17:05:40,469 - INFO - [SYSTEM] - [MODE:MATERIAL] - [STRATEGY:NONE] - [COOKIE:NO] - Deno.js解析引擎已启动就绪
2026-07-29 17:05:40,469 - INFO - [SYSTEM] - [MODE:MATERIAL] - [STRATEGY:NONE] - [COOKIE:NO] - 所有必要工具已就绪
2026-07-29 17:05:40,470 - INFO - [SYSTEM] - [MODE:MATERIAL] - [STRATEGY:NONE] - [COOKIE:NO] - [17:05:40] Cookie health check:
2026-07-29 17:05:40,471 - INFO - [SYSTEM] - [MODE:MATERIAL] - [STRATEGY:NONE] - [COOKIE:NO] -   YouTube: healthy | score=95 | size=1.63 KB | Cookie valid until 2027-05-25 10:59
2026-07-29 17:05:40,471 - INFO - [SYSTEM] - [MODE:MATERIAL] - [STRATEGY:NONE] - [COOKIE:NO] -   Instagram: healthy | score=95 | size=854.00 B | Cookie valid until 2027-06-04 13:58
2026-07-29 17:05:40,471 - INFO - [SYSTEM] - [MODE:MATERIAL] - [STRATEGY:NONE] - [COOKIE:NO] -   TikTok: healthy | score=95 | size=4.51 KB | Cookie valid until 2027-07-10 14:33
2026-07-29 17:05:40,471 - INFO - [SYSTEM] - [MODE:MATERIAL] - [STRATEGY:NONE] - [COOKIE:NO] -   Twitter: healthy | score=95 | size=1.26 KB | Cookie valid until 2027-07-10 11:13
2026-07-29 17:05:42,695 - INFO - [SYSTEM] - [MODE:MATERIAL] - [STRATEGY:NONE] - [COOKIE:NO] - 账号验证成功（半年订阅，今日剩余 287 次）
2026-07-29 17:06:01,205 - INFO - [SYSTEM] - [MODE:MATERIAL] - [STRATEGY:NONE] - [COOKIE:NO] - logout_success
2026-07-29 17:18:17,011 - INFO - [SYSTEM] - [MODE:MATERIAL] - [STRATEGY:NONE] - [COOKIE:NO] - 账号登录成功
2026-07-29 17:18:50,806 - INFO - [SYSTEM] - [MODE:MATERIAL] - [STRATEGY:NONE] - [COOKIE:NO] - 已打开免费次数领取页，完整观看后可获得 3 次
2026-07-29 17:22:55,659 - INFO - [SYSTEM] - [MODE:MATERIAL] - [STRATEGY:NONE] - [COOKIE:NO] - 正在重启软件...
2026-07-29 17:22:56,175 - INFO - [SYSTEM] - [MODE:MATERIAL] - [STRATEGY:NONE] - [COOKIE:NO] - 已恢复上次预览文件: C:/Users/Administrator/Desktop/VideoDown\Video by johnderting-DZC8nhBOzWe.mp4
2026-07-29 17:22:56,267 - INFO - [SYSTEM] - [MODE:MATERIAL] - [STRATEGY:NONE] - [COOKIE:NO] - 启动时检查工具和 Cookie 状态...
2026-07-29 17:22:56,268 - INFO - [SYSTEM] - [MODE:MATERIAL] - [STRATEGY:NONE] - [COOKIE:NO] - Deno.js解析引擎已启动就绪
2026-07-29 17:22:56,268 - INFO - [SYSTEM] - [MODE:MATERIAL] - [STRATEGY:NONE] - [COOKIE:NO] - 所有必要工具已就绪
2026-07-29 17:22:56,269 - INFO - [SYSTEM] - [MODE:MATERIAL] - [STRATEGY:NONE] - [COOKIE:NO] - [17:22:56] Cookie health check:
2026-07-29 17:22:56,269 - INFO - [SYSTEM] - [MODE:MATERIAL] - [STRATEGY:NONE] - [COOKIE:NO] -   YouTube: healthy | score=95 | size=1.63 KB | Cookie valid until 2027-05-25 10:59
2026-07-29 17:22:56,269 - INFO - [SYSTEM] - [MODE:MATERIAL] - [STRATEGY:NONE] - [COOKIE:NO] -   Instagram: healthy | score=95 | size=854.00 B | Cookie valid until 2027-06-04 13:58
2026-07-29 17:22:56,269 - INFO - [SYSTEM] - [MODE:MATERIAL] - [STRATEGY:NONE] - [COOKIE:NO] -   TikTok: healthy | score=95 | size=4.51 KB | Cookie valid until 2027-07-10 14:33
2026-07-29 17:22:56,269 - INFO - [SYSTEM] - [MODE:MATERIAL] - [STRATEGY:NONE] - [COOKIE:NO] -   Twitter: healthy | score=95 | size=1.26 KB | Cookie valid until 2027-07-10 11:13
2026-07-29 17:22:58,470 - INFO - [SYSTEM] - [MODE:MATERIAL] - [STRATEGY:NONE] - [COOKIE:NO] - 账号验证成功（免费订阅，免费额度剩余 3 次）
2026-07-29 17:36:05,431 - INFO - [SYSTEM] - [MODE:MATERIAL] - [STRATEGY:NONE] - [COOKIE:NO] - 已打开免费次数领取页，完整观看后可获得 3 次
2026-07-29 17:58:12,467 - INFO - [SYSTEM] - [MODE:MATERIAL] - [STRATEGY:NONE] - [COOKIE:NO] - 已恢复上次预览文件: C:/Users/Administrator/Desktop/VideoDown\Video by johnderting-DZC8nhBOzWe.mp4
2026-07-29 17:58:12,553 - INFO - [SYSTEM] - [MODE:MATERIAL] - [STRATEGY:NONE] - [COOKIE:NO] - 启动时检查工具和 Cookie 状态...
2026-07-29 17:58:12,553 - INFO - [SYSTEM] - [MODE:MATERIAL] - [STRATEGY:NONE] - [COOKIE:NO] - Deno.js解析引擎已启动就绪
2026-07-29 17:58:12,553 - INFO - [SYSTEM] - [MODE:MATERIAL] - [STRATEGY:NONE] - [COOKIE:NO] - 所有必要工具已就绪
2026-07-29 17:58:12,554 - INFO - [SYSTEM] - [MODE:MATERIAL] - [STRATEGY:NONE] - [COOKIE:NO] - [17:58:12] Cookie health check:
2026-07-29 17:58:12,554 - INFO - [SYSTEM] - [MODE:MATERIAL] - [STRATEGY:NONE] - [COOKIE:NO] -   YouTube: healthy | score=95 | size=1.63 KB | Cookie valid until 2027-05-25 10:59
2026-07-29 17:58:12,555 - INFO - [SYSTEM] - [MODE:MATERIAL] - [STRATEGY:NONE] - [COOKIE:NO] -   Instagram: healthy | score=95 | size=854.00 B | Cookie valid until 2027-06-04 13:58
2026-07-29 17:58:12,555 - INFO - [SYSTEM] - [MODE:MATERIAL] - [STRATEGY:NONE] - [COOKIE:NO] -   TikTok: healthy | score=95 | size=4.51 KB | Cookie valid until 2027-07-10 14:33
2026-07-29 17:58:12,555 - INFO - [SYSTEM] - [MODE:MATERIAL] - [STRATEGY:NONE] - [COOKIE:NO] -   Twitter: healthy | score=95 | size=1.26 KB | Cookie valid until 2027-07-10 11:13
2026-07-29 17:58:14,747 - INFO - [SYSTEM] - [MODE:MATERIAL] - [STRATEGY:NONE] - [COOKIE:NO] - 账号验证成功（免费订阅，免费额度剩余 3 次）
2026-07-29 17:58:18,636 - INFO - [SYSTEM] - [MODE:MATERIAL] - [STRATEGY:NONE] - [COOKIE:NO] - 打开官网订阅：https://license.muyanshidai.com/index.php
2026-07-29 18:02:37,049 - INFO - [SYSTEM] - [MODE:MATERIAL] - [STRATEGY:NONE] - [COOKIE:NO] - 已加载上次提取的 2075 条记录 （已下载: 27, 失败: 0, 待下载: 2048）
2026-07-29 18:05:31,897 - INFO - [SYSTEM] - [MODE:MATERIAL] - [STRATEGY:NONE] - [COOKIE:NO] - 正在重启软件...
2026-07-29 18:05:32,235 - INFO - [SYSTEM] - [MODE:MATERIAL] - [STRATEGY:NONE] - [COOKIE:NO] - 已恢复上次预览文件: C:/Users/Administrator/Desktop/VideoDown\Video by johnderting-DZC8nhBOzWe.mp4
2026-07-29 18:05:32,320 - INFO - [SYSTEM] - [MODE:MATERIAL] - [STRATEGY:NONE] - [COOKIE:NO] - 启动时检查工具和 Cookie 状态...
2026-07-29 18:05:32,320 - INFO - [SYSTEM] - [MODE:MATERIAL] - [STRATEGY:NONE] - [COOKIE:NO] - Deno.js解析引擎已启动就绪
2026-07-29 18:05:32,320 - INFO - [SYSTEM] - [MODE:MATERIAL] - [STRATEGY:NONE] - [COOKIE:NO] - 所有必要工具已就绪
2026-07-29 18:05:32,321 - INFO - [SYSTEM] - [MODE:MATERIAL] - [STRATEGY:NONE] - [COOKIE:NO] - [18:05:32] Cookie health check:
2026-07-29 18:05:32,322 - INFO - [SYSTEM] - [MODE:MATERIAL] - [STRATEGY:NONE] - [COOKIE:NO] -   YouTube: healthy | score=95 | size=1.63 KB | Cookie valid until 2027-05-25 10:59
2026-07-29 18:05:32,322 - INFO - [SYSTEM] - [MODE:MATERIAL] - [STRATEGY:NONE] - [COOKIE:NO] -   Instagram: healthy | score=95 | size=854.00 B | Cookie valid until 2027-06-04 13:58
2026-07-29 18:05:32,322 - INFO - [SYSTEM] - [MODE:MATERIAL] - [STRATEGY:NONE] - [COOKIE:NO] -   TikTok: healthy | score=95 | size=4.51 KB | Cookie valid until 2027-07-10 14:33
2026-07-29 18:05:32,322 - INFO - [SYSTEM] - [MODE:MATERIAL] - [STRATEGY:NONE] - [COOKIE:NO] -   Twitter: healthy | score=95 | size=1.26 KB | Cookie valid until 2027-07-10 11:13
2026-07-29 18:05:34,471 - INFO - [SYSTEM] - [MODE:MATERIAL] - [STRATEGY:NONE] - [COOKIE:NO] - 账号验证成功（免费订阅，免费额度剩余 3 次）
