2026-07-30 08:58:03,496 - INFO - [SYSTEM] - [MODE:MATERIAL] - [STRATEGY:NONE] - [COOKIE:NO] - 已恢复上次预览文件: C:/Users/Administrator/Desktop/VideoDown\Video by johnderting-DZC8nhBOzWe.mp4
2026-07-30 08:58:03,584 - INFO - [SYSTEM] - [MODE:MATERIAL] - [STRATEGY:NONE] - [COOKIE:NO] - 启动时检查工具和 Cookie 状态...
2026-07-30 08:58:03,585 - INFO - [SYSTEM] - [MODE:MATERIAL] - [STRATEGY:NONE] - [COOKIE:NO] - Deno.js解析引擎已启动就绪
2026-07-30 08:58:03,585 - INFO - [SYSTEM] - [MODE:MATERIAL] - [STRATEGY:NONE] - [COOKIE:NO] - 所有必要工具已就绪
2026-07-30 08:58:03,586 - INFO - [SYSTEM] - [MODE:MATERIAL] - [STRATEGY:NONE] - [COOKIE:NO] - [08:58:03] Cookie health check:
2026-07-30 08:58:03,586 - INFO - [SYSTEM] - [MODE:MATERIAL] - [STRATEGY:NONE] - [COOKIE:NO] -   YouTube: healthy | score=95 | size=1.63 KB | Cookie valid until 2027-05-25 10:59
2026-07-30 08:58:03,586 - INFO - [SYSTEM] - [MODE:MATERIAL] - [STRATEGY:NONE] - [COOKIE:NO] -   Instagram: healthy | score=95 | size=854.00 B | Cookie valid until 2027-06-04 13:58
2026-07-30 08:58:03,586 - INFO - [SYSTEM] - [MODE:MATERIAL] - [STRATEGY:NONE] - [COOKIE:NO] -   TikTok: healthy | score=95 | size=4.51 KB | Cookie valid until 2027-07-10 14:33
2026-07-30 08:58:03,586 - INFO - [SYSTEM] - [MODE:MATERIAL] - [STRATEGY:NONE] - [COOKIE:NO] -   Twitter: healthy | score=95 | size=1.26 KB | Cookie valid until 2027-07-10 11:13
2026-07-30 08:58:06,069 - INFO - [SYSTEM] - [MODE:MATERIAL] - [STRATEGY:NONE] - [COOKIE:NO] - 账号验证成功（免费订阅，免费额度剩余 3 次）
2026-07-30 09:14:32,136 - INFO - [SYSTEM] - [MODE:MATERIAL] - [STRATEGY:NONE] - [COOKIE:NO] - 已加载上次提取的 2075 条记录 （已下载: 27, 失败: 0, 待下载: 2048）
2026-07-30 09:21:23,646 - INFO - [SYSTEM] - [MODE:MATERIAL] - [STRATEGY:NONE] - [COOKIE:NO] - 跳转到下一页: 2/208
2026-07-30 09:21:24,773 - INFO - [SYSTEM] - [MODE:MATERIAL] - [STRATEGY:NONE] - [COOKIE:NO] - 跳转到下一页: 3/208
2026-07-30 09:21:28,107 - INFO - [SYSTEM] - [MODE:MATERIAL] - [STRATEGY:NONE] - [COOKIE:NO] - 跳转到下一页: 4/208
2026-07-30 09:25:05,379 - INFO - [SYSTEM] - [MODE:MATERIAL] - [STRATEGY:NONE] - [COOKIE:NO] - 跳转到上一页: 3/208
2026-07-30 09:25:06,331 - INFO - [SYSTEM] - [MODE:MATERIAL] - [STRATEGY:NONE] - [COOKIE:NO] - 跳转到上一页: 2/208
2026-07-30 09:25:06,915 - INFO - [SYSTEM] - [MODE:MATERIAL] - [STRATEGY:NONE] - [COOKIE:NO] - 跳转到上一页: 1/208
2026-07-30 09:37:28,483 - INFO - [SYSTEM] - [MODE:MATERIAL] - [STRATEGY:NONE] - [COOKIE:NO] - 正在重启软件...
2026-07-30 09:37:28,812 - INFO - [SYSTEM] - [MODE:MATERIAL] - [STRATEGY:NONE] - [COOKIE:NO] - 已恢复上次预览文件: C:/Users/Administrator/Desktop/VideoDown\Video by johnderting-DZC8nhBOzWe.mp4
2026-07-30 09:37:28,900 - INFO - [SYSTEM] - [MODE:MATERIAL] - [STRATEGY:NONE] - [COOKIE:NO] - 启动时检查工具和 Cookie 状态...
2026-07-30 09:37:28,900 - INFO - [SYSTEM] - [MODE:MATERIAL] - [STRATEGY:NONE] - [COOKIE:NO] - Deno.js解析引擎已启动就绪
2026-07-30 09:37:28,901 - INFO - [SYSTEM] - [MODE:MATERIAL] - [STRATEGY:NONE] - [COOKIE:NO] - 所有必要工具已就绪
2026-07-30 09:37:28,901 - INFO - [SYSTEM] - [MODE:MATERIAL] - [STRATEGY:NONE] - [COOKIE:NO] - [09:37:28] Cookie health check:
2026-07-30 09:37:28,902 - INFO - [SYSTEM] - [MODE:MATERIAL] - [STRATEGY:NONE] - [COOKIE:NO] -   YouTube: healthy | score=95 | size=1.63 KB | Cookie valid until 2027-05-25 10:59
2026-07-30 09:37:28,902 - INFO - [SYSTEM] - [MODE:MATERIAL] - [STRATEGY:NONE] - [COOKIE:NO] -   Instagram: healthy | score=95 | size=854.00 B | Cookie valid until 2027-06-04 13:58
2026-07-30 09:37:28,902 - INFO - [SYSTEM] - [MODE:MATERIAL] - [STRATEGY:NONE] - [COOKIE:NO] -   TikTok: healthy | score=95 | size=4.51 KB | Cookie valid until 2027-07-10 14:33
2026-07-30 09:37:28,902 - INFO - [SYSTEM] - [MODE:MATERIAL] - [STRATEGY:NONE] - [COOKIE:NO] -   Twitter: healthy | score=95 | size=1.26 KB | Cookie valid until 2027-07-10 11:13
2026-07-30 09:37:31,117 - INFO - [SYSTEM] - [MODE:MATERIAL] - [STRATEGY:NONE] - [COOKIE:NO] - 账号验证成功（免费订阅，免费额度剩余 3 次）
2026-07-30 09:38:07,235 - INFO - [SYSTEM] - [MODE:MATERIAL] - [STRATEGY:NONE] - [COOKIE:NO] - 正在重启软件...
2026-07-30 09:38:07,550 - INFO - [SYSTEM] - [MODE:MATERIAL] - [STRATEGY:NONE] - [COOKIE:NO] - 已恢复上次预览文件: C:/Users/Administrator/Desktop/VideoDown\Video by johnderting-DZC8nhBOzWe.mp4
2026-07-30 09:38:07,636 - INFO - [SYSTEM] - [MODE:MATERIAL] - [STRATEGY:NONE] - [COOKIE:NO] - 启动时检查工具和 Cookie 状态...
2026-07-30 09:38:07,637 - INFO - [SYSTEM] - [MODE:MATERIAL] - [STRATEGY:NONE] - [COOKIE:NO] - Deno.js解析引擎已启动就绪
2026-07-30 09:38:07,637 - INFO - [SYSTEM] - [MODE:MATERIAL] - [STRATEGY:NONE] - [COOKIE:NO] - 所有必要工具已就绪
2026-07-30 09:38:07,638 - INFO - [SYSTEM] - [MODE:MATERIAL] - [STRATEGY:NONE] - [COOKIE:NO] - [09:38:07] Cookie health check:
2026-07-30 09:38:07,638 - INFO - [SYSTEM] - [MODE:MATERIAL] - [STRATEGY:NONE] - [COOKIE:NO] -   YouTube: healthy | score=95 | size=1.63 KB | Cookie valid until 2027-05-25 10:59
2026-07-30 09:38:07,638 - INFO - [SYSTEM] - [MODE:MATERIAL] - [STRATEGY:NONE] - [COOKIE:NO] -   Instagram: healthy | score=95 | size=854.00 B | Cookie valid until 2027-06-04 13:58
2026-07-30 09:38:07,638 - INFO - [SYSTEM] - [MODE:MATERIAL] - [STRATEGY:NONE] - [COOKIE:NO] -   TikTok: healthy | score=95 | size=4.51 KB | Cookie valid until 2027-07-10 14:33
2026-07-30 09:38:07,638 - INFO - [SYSTEM] - [MODE:MATERIAL] - [STRATEGY:NONE] - [COOKIE:NO] -   Twitter: healthy | score=95 | size=1.26 KB | Cookie valid until 2027-07-10 11:13
2026-07-30 09:38:09,773 - INFO - [SYSTEM] - [MODE:MATERIAL] - [STRATEGY:NONE] - [COOKIE:NO] - 账号验证成功（免费订阅，免费额度剩余 3 次）
2026-07-30 09:38:13,674 - INFO - [SYSTEM] - [MODE:MATERIAL] - [STRATEGY:NONE] - [COOKIE:NO] - 已打开免费次数领取页，完整观看后可获得 3 次
2026-07-30 09:44:25,858 - INFO - [SYSTEM] - [MODE:MATERIAL] - [STRATEGY:NONE] - [COOKIE:NO] - 正在重启软件...
2026-07-30 09:44:26,190 - INFO - [SYSTEM] - [MODE:MATERIAL] - [STRATEGY:NONE] - [COOKIE:NO] - 已恢复上次预览文件: C:/Users/Administrator/Desktop/VideoDown\Video by johnderting-DZC8nhBOzWe.mp4
2026-07-30 09:44:26,273 - INFO - [SYSTEM] - [MODE:MATERIAL] - [STRATEGY:NONE] - [COOKIE:NO] - 启动时检查工具和 Cookie 状态...
2026-07-30 09:44:26,274 - INFO - [SYSTEM] - [MODE:MATERIAL] - [STRATEGY:NONE] - [COOKIE:NO] - Deno.js解析引擎已启动就绪
2026-07-30 09:44:26,274 - INFO - [SYSTEM] - [MODE:MATERIAL] - [STRATEGY:NONE] - [COOKIE:NO] - 所有必要工具已就绪
2026-07-30 09:44:26,275 - INFO - [SYSTEM] - [MODE:MATERIAL] - [STRATEGY:NONE] - [COOKIE:NO] - [09:44:26] Cookie health check:
2026-07-30 09:44:26,275 - INFO - [SYSTEM] - [MODE:MATERIAL] - [STRATEGY:NONE] - [COOKIE:NO] -   YouTube: healthy | score=95 | size=1.63 KB | Cookie valid until 2027-05-25 10:59
2026-07-30 09:44:26,275 - INFO - [SYSTEM] - [MODE:MATERIAL] - [STRATEGY:NONE] - [COOKIE:NO] -   Instagram: healthy | score=95 | size=854.00 B | Cookie valid until 2027-06-04 13:58
2026-07-30 09:44:26,276 - INFO - [SYSTEM] - [MODE:MATERIAL] - [STRATEGY:NONE] - [COOKIE:NO] -   TikTok: healthy | score=95 | size=4.51 KB | Cookie valid until 2027-07-10 14:33
2026-07-30 09:44:26,276 - INFO - [SYSTEM] - [MODE:MATERIAL] - [STRATEGY:NONE] - [COOKIE:NO] -   Twitter: healthy | score=95 | size=1.26 KB | Cookie valid until 2027-07-10 11:13
2026-07-30 09:44:28,436 - INFO - [SYSTEM] - [MODE:MATERIAL] - [STRATEGY:NONE] - [COOKIE:NO] - 账号验证成功（免费订阅，免费额度剩余 3 次）
2026-07-30 10:36:20,862 - INFO - [SYSTEM] - [MODE:MATERIAL] - [STRATEGY:NONE] - [COOKIE:NO] - 正在重启软件...
2026-07-30 10:36:21,185 - INFO - [SYSTEM] - [MODE:MATERIAL] - [STRATEGY:NONE] - [COOKIE:NO] - 已恢复上次预览文件: C:/Users/Administrator/Desktop/VideoDown\Video by johnderting-DZC8nhBOzWe.mp4
2026-07-30 10:36:21,268 - INFO - [SYSTEM] - [MODE:MATERIAL] - [STRATEGY:NONE] - [COOKIE:NO] - 启动时检查工具和 Cookie 状态...
2026-07-30 10:36:21,268 - INFO - [SYSTEM] - [MODE:MATERIAL] - [STRATEGY:NONE] - [COOKIE:NO] - Deno.js解析引擎已启动就绪
2026-07-30 10:36:21,269 - INFO - [SYSTEM] - [MODE:MATERIAL] - [STRATEGY:NONE] - [COOKIE:NO] - 所有必要工具已就绪
2026-07-30 10:36:21,270 - INFO - [SYSTEM] - [MODE:MATERIAL] - [STRATEGY:NONE] - [COOKIE:NO] - [10:36:21] Cookie health check:
2026-07-30 10:36:21,270 - INFO - [SYSTEM] - [MODE:MATERIAL] - [STRATEGY:NONE] - [COOKIE:NO] -   YouTube: healthy | score=95 | size=1.63 KB | Cookie valid until 2027-05-25 10:59
2026-07-30 10:36:21,270 - INFO - [SYSTEM] - [MODE:MATERIAL] - [STRATEGY:NONE] - [COOKIE:NO] -   Instagram: healthy | score=95 | size=854.00 B | Cookie valid until 2027-06-04 13:58
2026-07-30 10:36:21,270 - INFO - [SYSTEM] - [MODE:MATERIAL] - [STRATEGY:NONE] - [COOKIE:NO] -   TikTok: healthy | score=95 | size=4.51 KB | Cookie valid until 2027-07-10 14:33
2026-07-30 10:36:21,270 - INFO - [SYSTEM] - [MODE:MATERIAL] - [STRATEGY:NONE] - [COOKIE:NO] -   Twitter: healthy | score=95 | size=1.26 KB | Cookie valid until 2027-07-10 11:13
2026-07-30 10:36:23,455 - INFO - [SYSTEM] - [MODE:MATERIAL] - [STRATEGY:NONE] - [COOKIE:NO] - 账号验证成功（免费订阅，免费额度剩余 3 次）
2026-07-30 10:36:29,806 - INFO - [SYSTEM] - [MODE:MATERIAL] - [STRATEGY:NONE] - [COOKIE:NO] - 已打开免费次数领取页，完整观看后可获得 3 次
2026-07-30 10:41:00,789 - INFO - [SYSTEM] - [MODE:MATERIAL] - [STRATEGY:NONE] - [COOKIE:NO] - 已加载上次提取的 2075 条记录 （已下载: 27, 失败: 0, 待下载: 2048）
2026-07-30 10:41:02,978 - INFO - [SYSTEM] - [MODE:MATERIAL] - [STRATEGY:NONE] - [COOKIE:NO] - 跳转到下一页: 2/208
2026-07-30 10:41:05,762 - INFO - [SYSTEM] - [MODE:MATERIAL] - [STRATEGY:NONE] - [COOKIE:NO] - 跳转到下一页: 3/208
2026-07-30 10:41:08,099 - INFO - [SYSTEM] - [MODE:MATERIAL] - [STRATEGY:NONE] - [COOKIE:NO] - 账号模式下载校验：主页提取页单条下载，准备预占 1 个下载名额
2026-07-30 10:41:09,875 - INFO - [SYSTEM] - [MODE:MATERIAL] - [STRATEGY:NONE] - [COOKIE:NO] - 账号模式下载校验结果：status=ok, msg=download_quota_reserved
2026-07-30 10:41:09,881 - INFO - [SYSTEM] - [MODE:MATERIAL] - [STRATEGY:NONE] - [COOKIE:NO] - [10:41:09] 📥 开始下载: https://www.youtube.com/shorts/ZbfVjTbgVaY
2026-07-30 10:41:09,882 - INFO - [SYSTEM] - [MODE:MATERIAL] - [STRATEGY:NONE] - [COOKIE:NO] - [10:41:09] YouTube URL normalized (Shorts)
2026-07-30 10:41:09,882 - INFO - [SYSTEM] - [MODE:MATERIAL] - [STRATEGY:NONE] - [COOKIE:NO] - [10:41:09] 📋 平台: YouTube
2026-07-30 10:41:09,882 - INFO - [SYSTEM] - [MODE:MATERIAL] - [STRATEGY:NONE] - [COOKIE:NO] - [10:41:09] 📱 检测到 Shorts 视频
2026-07-30 10:41:09,882 - INFO - [SYSTEM] - [MODE:MATERIAL] - [STRATEGY:NONE] - [COOKIE:NO] - [10:41:09] 策略1：YouTube 无 Cookie 下载...
2026-07-30 10:41:09,882 - INFO - [SYSTEM] - [MODE:MATERIAL] - [STRATEGY:NONE] - [COOKIE:NO] - [10:41:09][策略1][YouTube] 开始执行 yt-dlp
2026-07-30 10:41:14,667 - INFO - [SYSTEM] - [MODE:MATERIAL] - [STRATEGY:NONE] - [COOKIE:NO] - 账号模式下载校验：主页提取页单条下载，准备预占 1 个下载名额
2026-07-30 10:41:15,987 - INFO - [SYSTEM] - [MODE:MATERIAL] - [STRATEGY:NONE] - [COOKIE:NO] - [10:41:15][策略1][YouTube] 仍在解析或下载中，等待平台响应...
2026-07-30 10:41:16,507 - INFO - [SYSTEM] - [MODE:MATERIAL] - [STRATEGY:NONE] - [COOKIE:NO] - 账号模式下载校验结果：status=ok, msg=download_quota_reserved
2026-07-30 10:41:16,510 - INFO - [SYSTEM] - [MODE:MATERIAL] - [STRATEGY:NONE] - [COOKIE:NO] - [10:41:16] 📥 开始下载: https://www.youtube.com/shorts/-7NGf04Jlo0
2026-07-30 10:41:16,510 - INFO - [SYSTEM] - [MODE:MATERIAL] - [STRATEGY:NONE] - [COOKIE:NO] - [10:41:16] YouTube URL normalized (Shorts)
2026-07-30 10:41:16,510 - INFO - [SYSTEM] - [MODE:MATERIAL] - [STRATEGY:NONE] - [COOKIE:NO] - [10:41:16] 📋 平台: YouTube
2026-07-30 10:41:16,510 - INFO - [SYSTEM] - [MODE:MATERIAL] - [STRATEGY:NONE] - [COOKIE:NO] - [10:41:16] 📱 检测到 Shorts 视频
2026-07-30 10:41:16,510 - INFO - [SYSTEM] - [MODE:MATERIAL] - [STRATEGY:NONE] - [COOKIE:NO] - [10:41:16] 策略1：YouTube 无 Cookie 下载...
2026-07-30 10:41:16,511 - INFO - [SYSTEM] - [MODE:MATERIAL] - [STRATEGY:NONE] - [COOKIE:NO] - [10:41:16][策略1][YouTube] 开始执行 yt-dlp
2026-07-30 10:41:17,147 - INFO - [SYSTEM] - [MODE:MATERIAL] - [STRATEGY:NONE] - [COOKIE:NO] - 账号模式下载校验：主页提取页单条下载，准备预占 1 个下载名额
2026-07-30 10:41:19,519 - INFO - [SYSTEM] - [MODE:MATERIAL] - [STRATEGY:NONE] - [COOKIE:NO] - [10:41:19][策略1][YouTube] 下载进度：0.0% | 0.0MiB/7.68MiB | 速度 13.40KiB/s | 剩余 09:46
2026-07-30 10:41:19,657 - INFO - [SYSTEM] - [MODE:MATERIAL] - [STRATEGY:NONE] - [COOKIE:NO] - 账号模式下载校验结果：status=ok, msg=download_quota_reserved
2026-07-30 10:41:19,660 - INFO - [SYSTEM] - [MODE:MATERIAL] - [STRATEGY:NONE] - [COOKIE:NO] - [10:41:19] 📥 开始下载: https://www.youtube.com/shorts/gWTQL1ZeVuk
2026-07-30 10:41:19,660 - INFO - [SYSTEM] - [MODE:MATERIAL] - [STRATEGY:NONE] - [COOKIE:NO] - [10:41:19] YouTube URL normalized (Shorts)
2026-07-30 10:41:19,660 - INFO - [SYSTEM] - [MODE:MATERIAL] - [STRATEGY:NONE] - [COOKIE:NO] - [10:41:19] 📋 平台: YouTube
2026-07-30 10:41:19,661 - INFO - [SYSTEM] - [MODE:MATERIAL] - [STRATEGY:NONE] - [COOKIE:NO] - [10:41:19] 📱 检测到 Shorts 视频
2026-07-30 10:41:19,661 - INFO - [SYSTEM] - [MODE:MATERIAL] - [STRATEGY:NONE] - [COOKIE:NO] - [10:41:19] 策略1：YouTube 无 Cookie 下载...
2026-07-30 10:41:19,661 - INFO - [SYSTEM] - [MODE:MATERIAL] - [STRATEGY:NONE] - [COOKIE:NO] - [10:41:19][策略1][YouTube] 开始执行 yt-dlp
2026-07-30 10:41:20,671 - INFO - [SYSTEM] - [MODE:MATERIAL] - [STRATEGY:NONE] - [COOKIE:NO] - [10:41:20][策略1][YouTube] 下载进度：3.2% | 0.2MiB/7.68MiB | 速度 207.75KiB/s | 剩余 00:36
2026-07-30 10:41:21,743 - INFO - [SYSTEM] - [MODE:MATERIAL] - [STRATEGY:NONE] - [COOKIE:NO] - [10:41:21][策略1][YouTube] 下载进度：0.0% | 0.0MiB/10.47MiB | 速度 4.91KiB/s | 剩余 36:24
2026-07-30 10:41:21,798 - INFO - [SYSTEM] - [MODE:MATERIAL] - [STRATEGY:NONE] - [COOKIE:NO] - [10:41:21][策略1][YouTube] 下载进度：5.8% | 0.4MiB/7.68MiB | 速度 194.92KiB/s | 剩余 00:37
2026-07-30 10:41:23,010 - INFO - [SYSTEM] - [MODE:MATERIAL] - [STRATEGY:NONE] - [COOKIE:NO] - [10:41:23][策略1][YouTube] 下载进度：8.1% | 0.6MiB/7.68MiB | 速度 179.39KiB/s | 剩余 00:40
2026-07-30 10:41:23,361 - INFO - [SYSTEM] - [MODE:MATERIAL] - [STRATEGY:NONE] - [COOKIE:NO] - [10:41:23][策略1][YouTube] 下载进度：2.4% | 0.3MiB/10.47MiB | 速度 140.01KiB/s | 剩余 01:14
2026-07-30 10:41:24,943 - INFO - [SYSTEM] - [MODE:MATERIAL] - [STRATEGY:NONE] - [COOKIE:NO] - [10:41:24][策略1][YouTube] 下载进度：11.9% | 0.9MiB/7.68MiB | 速度 170.01KiB/s | 剩余 00:40
2026-07-30 10:41:25,393 - INFO - [SYSTEM] - [MODE:MATERIAL] - [STRATEGY:NONE] - [COOKIE:NO] - [10:41:25][策略1][YouTube] 下载进度：5.3% | 0.6MiB/10.47MiB | 速度 148.26KiB/s | 剩余 01:08
2026-07-30 10:41:25,944 - INFO - [SYSTEM] - [MODE:MATERIAL] - [STRATEGY:NONE] - [COOKIE:NO] - [10:41:25][策略1][YouTube] 下载进度：13.9% | 1.1MiB/7.68MiB | 速度 168.49KiB/s | 剩余 00:40
2026-07-30 10:41:26,120 - INFO - [SYSTEM] - [MODE:MATERIAL] - [STRATEGY:NONE] - [COOKIE:NO] - [10:41:26][策略1][YouTube] 下载进度：0.0% | 0.0MiB/9.86MiB | 速度 4.00KiB/s | 剩余 42:01
2026-07-30 10:41:27,195 - INFO - [SYSTEM] - [MODE:MATERIAL] - [STRATEGY:NONE] - [COOKIE:NO] - [10:41:27][策略1][YouTube] 下载进度：16.0% | 1.2MiB/7.68MiB | 速度 161.97KiB/s | 剩余 00:40
2026-07-30 10:41:27,520 - INFO - [SYSTEM] - [MODE:MATERIAL] - [STRATEGY:NONE] - [COOKIE:NO] - [10:41:27][策略1][YouTube] 下载进度：8.1% | 0.8MiB/10.47MiB | 速度 144.45KiB/s | 剩余 01:08
2026-07-30 10:41:28,194 - INFO - [SYSTEM] - [MODE:MATERIAL] - [STRATEGY:NONE] - [COOKIE:NO] - [10:41:28][策略1][YouTube] 下载进度：2.5% | 0.2MiB/9.86MiB | 速度 109.72KiB/s | 剩余 01:29
2026-07-30 10:41:29,297 - INFO - [SYSTEM] - [MODE:MATERIAL] - [STRATEGY:NONE] - [COOKIE:NO] - [10:41:29][策略1][YouTube] 下载进度：18.9% | 1.5MiB/7.68MiB | 速度 151.02KiB/s | 剩余 00:42
2026-07-30 10:41:29,721 - INFO - [SYSTEM] - [MODE:MATERIAL] - [STRATEGY:NONE] - [COOKIE:NO] - [10:41:29][策略1][YouTube] 下载进度：10.3% | 1.1MiB/10.47MiB | 速度 135.08KiB/s | 剩余 01:11
2026-07-30 10:41:30,070 - INFO - [SYSTEM] - [MODE:MATERIAL] - [STRATEGY:NONE] - [COOKIE:NO] - [10:41:30][策略1][YouTube] 下载进度：4.8% | 0.5MiB/9.86MiB | 速度 115.17KiB/s | 剩余 01:23
2026-07-30 10:41:31,170 - INFO - [SYSTEM] - [MODE:MATERIAL] - [STRATEGY:NONE] - [COOKIE:NO] - [10:41:31][策略1][YouTube] 下载进度：22.2% | 1.7MiB/7.68MiB | 速度 148.72KiB/s | 剩余 00:41
2026-07-30 10:41:31,596 - INFO - [SYSTEM] - [MODE:MATERIAL] - [STRATEGY:NONE] - [COOKIE:NO] - [10:41:31][策略1][YouTube] 下载进度：12.7% | 1.3MiB/10.47MiB | 速度 135.16KiB/s | 剩余 01:09
2026-07-30 10:41:32,069 - INFO - [SYSTEM] - [MODE:MATERIAL] - [STRATEGY:NONE] - [COOKIE:NO] - [10:41:32][策略1][YouTube] 下载进度：7.4% | 0.7MiB/9.86MiB | 速度 120.16KiB/s | 剩余 01:17
2026-07-30 10:41:33,295 - INFO - [SYSTEM] - [MODE:MATERIAL] - [STRATEGY:NONE] - [COOKIE:NO] - [10:41:33][策略1][YouTube] 下载进度：25.5% | 2.0MiB/7.68MiB | 速度 144.53KiB/s | 剩余 00:40
2026-07-30 10:41:33,599 - INFO - [SYSTEM] - [MODE:MATERIAL] - [STRATEGY:NONE] - [COOKIE:NO] - [10:41:33][策略1][YouTube] 下载进度：15.1% | 1.6MiB/10.47MiB | 速度 133.94KiB/s | 剩余 01:07
2026-07-30 10:41:34,075 - INFO - [SYSTEM] - [MODE:MATERIAL] - [STRATEGY:NONE] - [COOKIE:NO] - [10:41:34][策略1][YouTube] 下载进度：9.8% | 1.0MiB/9.86MiB | 速度 121.00KiB/s | 剩余 01:15
2026-07-30 10:41:35,300 - INFO - [SYSTEM] - [MODE:MATERIAL] - [STRATEGY:NONE] - [COOKIE:NO] - [10:41:35][策略1][YouTube] 下载进度：28.8% | 2.2MiB/7.68MiB | 速度 142.62KiB/s | 剩余 00:39
2026-07-30 10:41:35,724 - INFO - [SYSTEM] - [MODE:MATERIAL] - [STRATEGY:NONE] - [COOKIE:NO] - [10:41:35][策略1][YouTube] 下载进度：17.5% | 1.8MiB/10.47MiB | 速度 132.12KiB/s | 剩余 01:06
2026-07-30 10:41:36,074 - INFO - [SYSTEM] - [MODE:MATERIAL] - [STRATEGY:NONE] - [COOKIE:NO] - [10:41:36][策略1][YouTube] 下载进度：12.5% | 1.2MiB/9.86MiB | 速度 123.16KiB/s | 剩余 01:11
2026-07-30 10:41:37,174 - INFO - [SYSTEM] - [MODE:MATERIAL] - [STRATEGY:NONE] - [COOKIE:NO] - [10:41:37][策略1][YouTube] 下载进度：31.9% | 2.4MiB/7.68MiB | 速度 141.39KiB/s | 剩余 00:37
2026-07-30 10:41:37,724 - INFO - [SYSTEM] - [MODE:MATERIAL] - [STRATEGY:NONE] - [COOKIE:NO] - [10:41:37][策略1][YouTube] 下载进度：19.9% | 2.1MiB/10.47MiB | 速度 131.93KiB/s | 剩余 01:05
2026-07-30 10:41:38,074 - INFO - [SYSTEM] - [MODE:MATERIAL] - [STRATEGY:NONE] - [COOKIE:NO] - [10:41:38][策略1][YouTube] 下载进度：14.9% | 1.5MiB/9.86MiB | 速度 123.50KiB/s | 剩余 01:09
2026-07-30 10:41:39,299 - INFO - [SYSTEM] - [MODE:MATERIAL] - [STRATEGY:NONE] - [COOKIE:NO] - [10:41:39][策略1][YouTube] 下载进度：35.2% | 2.7MiB/7.68MiB | 速度 139.59KiB/s | 剩余 00:36
2026-07-30 10:41:39,599 - INFO - [SYSTEM] - [MODE:MATERIAL] - [STRATEGY:NONE] - [COOKIE:NO] - [10:41:39][策略1][YouTube] 下载进度：22.2% | 2.3MiB/10.47MiB | 速度 131.94KiB/s | 剩余 01:03
2026-07-30 10:41:39,961 - INFO - [SYSTEM] - [MODE:MATERIAL] - [STRATEGY:NONE] - [COOKIE:NO] - [10:41:39][策略1][YouTube] 下载进度：17.4% | 1.7MiB/9.86MiB | 速度 124.74KiB/s | 剩余 01:06
2026-07-30 10:41:41,374 - INFO - [SYSTEM] - [MODE:MATERIAL] - [STRATEGY:NONE] - [COOKIE:NO] - [10:41:41][策略1][YouTube] 下载进度：38.4% | 2.9MiB/7.68MiB | 速度 137.76KiB/s | 剩余 00:35
2026-07-30 10:41:41,800 - INFO - [SYSTEM] - [MODE:MATERIAL] - [STRATEGY:NONE] - [COOKIE:NO] - [10:41:41][策略1][YouTube] 下载进度：24.5% | 2.6MiB/10.47MiB | 速度 129.85KiB/s | 剩余 01:02
2026-07-30 10:41:42,149 - INFO - [SYSTEM] - [MODE:MATERIAL] - [STRATEGY:NONE] - [COOKIE:NO] - [10:41:42][策略1][YouTube] 下载进度：19.9% | 2.0MiB/9.86MiB | 速度 123.26KiB/s | 剩余 01:05
2026-07-30 10:41:43,249 - INFO - [SYSTEM] - [MODE:MATERIAL] - [STRATEGY:NONE] - [COOKIE:NO] - [10:41:43][策略1][YouTube] 下载进度：41.4% | 3.2MiB/7.68MiB | 速度 136.66KiB/s | 剩余 00:33
2026-07-30 10:41:43,673 - INFO - [SYSTEM] - [MODE:MATERIAL] - [STRATEGY:NONE] - [COOKIE:NO] - [10:41:43][策略1][YouTube] 下载进度：26.8% | 2.8MiB/10.47MiB | 速度 129.88KiB/s | 剩余 01:00
2026-07-30 10:41:44,036 - INFO - [SYSTEM] - [MODE:MATERIAL] - [STRATEGY:NONE] - [COOKIE:NO] - [10:41:44][策略1][YouTube] 下载进度：22.3% | 2.2MiB/9.86MiB | 速度 123.99KiB/s | 剩余 01:03
2026-07-30 10:41:45,257 - INFO - [SYSTEM] - [MODE:MATERIAL] - [STRATEGY:NONE] - [COOKIE:NO] - [10:41:45][策略1][YouTube] 下载进度：44.7% | 3.4MiB/7.68MiB | 速度 136.27KiB/s | 剩余 00:31
2026-07-30 10:41:45,806 - INFO - [SYSTEM] - [MODE:MATERIAL] - [STRATEGY:NONE] - [COOKIE:NO] - [10:41:45][策略1][YouTube] 下载进度：29.3% | 3.1MiB/10.47MiB | 速度 129.31KiB/s | 剩余 00:58
2026-07-30 10:41:46,156 - INFO - [SYSTEM] - [MODE:MATERIAL] - [STRATEGY:NONE] - [COOKIE:NO] - [10:41:46][策略1][YouTube] 下载进度：24.9% | 2.5MiB/9.86MiB | 速度 123.95KiB/s | 剩余 01:01
2026-07-30 10:41:47,256 - INFO - [SYSTEM] - [MODE:MATERIAL] - [STRATEGY:NONE] - [COOKIE:NO] - [10:41:47][策略1][YouTube] 下载进度：47.9% | 3.7MiB/7.68MiB | 速度 135.41KiB/s | 剩余 00:30
2026-07-30 10:41:47,807 - INFO - [SYSTEM] - [MODE:MATERIAL] - [STRATEGY:NONE] - [COOKIE:NO] - [10:41:47][策略1][YouTube] 下载进度：31.7% | 3.3MiB/10.47MiB | 速度 129.51KiB/s | 剩余 00:56
2026-07-30 10:41:48,156 - INFO - [SYSTEM] - [MODE:MATERIAL] - [STRATEGY:NONE] - [COOKIE:NO] - [10:41:48][策略1][YouTube] 下载进度：27.5% | 2.7MiB/9.86MiB | 速度 124.72KiB/s | 剩余 00:58
2026-07-30 10:41:49,382 - INFO - [SYSTEM] - [MODE:MATERIAL] - [STRATEGY:NONE] - [COOKIE:NO] - [10:41:49][策略1][YouTube] 下载进度：51.3% | 3.9MiB/7.68MiB | 速度 134.72KiB/s | 剩余 00:28
2026-07-30 10:41:49,806 - INFO - [SYSTEM] - [MODE:MATERIAL] - [STRATEGY:NONE] - [COOKIE:NO] - [10:41:49][策略1][YouTube] 下载进度：34.1% | 3.6MiB/10.47MiB | 速度 129.20KiB/s | 剩余 00:54
2026-07-30 10:41:50,155 - INFO - [SYSTEM] - [MODE:MATERIAL] - [STRATEGY:NONE] - [COOKIE:NO] - [10:41:50][策略1][YouTube] 下载进度：30.0% | 3.0MiB/9.86MiB | 速度 124.80KiB/s | 剩余 00:56
2026-07-30 10:41:51,382 - INFO - [SYSTEM] - [MODE:MATERIAL] - [STRATEGY:NONE] - [COOKIE:NO] - [10:41:51][策略1][YouTube] 下载进度：54.5% | 4.2MiB/7.68MiB | 速度 134.26KiB/s | 剩余 00:26
2026-07-30 10:41:51,680 - INFO - [SYSTEM] - [MODE:MATERIAL] - [STRATEGY:NONE] - [COOKIE:NO] - [10:41:51][策略1][YouTube] 下载进度：36.4% | 3.8MiB/10.47MiB | 速度 129.47KiB/s | 剩余 00:52
2026-07-30 10:41:52,155 - INFO - [SYSTEM] - [MODE:MATERIAL] - [STRATEGY:NONE] - [COOKIE:NO] - [10:41:52][策略1][YouTube] 下载进度：32.5% | 3.2MiB/9.86MiB | 速度 124.86KiB/s | 剩余 00:54
2026-07-30 10:41:53,383 - INFO - [SYSTEM] - [MODE:MATERIAL] - [STRATEGY:NONE] - [COOKIE:NO] - [10:41:53][策略1][YouTube] 下载进度：57.8% | 4.4MiB/7.68MiB | 速度 133.97KiB/s | 剩余 00:24
2026-07-30 10:41:53,805 - INFO - [SYSTEM] - [MODE:MATERIAL] - [STRATEGY:NONE] - [COOKIE:NO] - [10:41:53][策略1][YouTube] 下载进度：38.9% | 4.1MiB/10.47MiB | 速度 129.32KiB/s | 剩余 00:50
2026-07-30 10:41:54,157 - INFO - [SYSTEM] - [MODE:MATERIAL] - [STRATEGY:NONE] - [COOKIE:NO] - [10:41:54][策略1][YouTube] 下载进度：35.2% | 3.5MiB/9.86MiB | 速度 125.55KiB/s | 剩余 00:52
2026-07-30 10:41:55,380 - INFO - [SYSTEM] - [MODE:MATERIAL] - [STRATEGY:NONE] - [COOKIE:NO] - [10:41:55][策略1][YouTube] 下载进度：61.1% | 4.7MiB/7.68MiB | 速度 133.84KiB/s | 剩余 00:22
2026-07-30 10:41:55,805 - INFO - [SYSTEM] - [MODE:MATERIAL] - [STRATEGY:NONE] - [COOKIE:NO] - [10:41:55][策略1][YouTube] 下载进度：41.3% | 4.3MiB/10.47MiB | 速度 129.19KiB/s | 剩余 00:48
2026-07-30 10:41:56,155 - INFO - [SYSTEM] - [MODE:MATERIAL] - [STRATEGY:NONE] - [COOKIE:NO] - [10:41:56][策略1][YouTube] 下载进度：37.7% | 3.7MiB/9.86MiB | 速度 125.70KiB/s | 剩余 00:50
2026-07-30 10:41:57,356 - INFO - [SYSTEM] - [MODE:MATERIAL] - [STRATEGY:NONE] - [COOKIE:NO] - [10:41:57][策略1][YouTube] 下载进度：64.0% | 4.9MiB/7.68MiB | 速度 132.85KiB/s | 剩余 00:21
2026-07-30 10:41:57,906 - INFO - [SYSTEM] - [MODE:MATERIAL] - [STRATEGY:NONE] - [COOKIE:NO] - [10:41:57][策略1][YouTube] 下载进度：43.5% | 4.6MiB/10.47MiB | 速度 128.08KiB/s | 剩余 00:47
2026-07-30 10:41:58,258 - INFO - [SYSTEM] - [MODE:MATERIAL] - [STRATEGY:NONE] - [COOKIE:NO] - [10:41:58][策略1][YouTube] 下载进度：40.0% | 3.9MiB/9.86MiB | 速度 124.70KiB/s | 剩余 00:48
2026-07-30 10:41:59,375 - INFO - [SYSTEM] - [MODE:MATERIAL] - [STRATEGY:NONE] - [COOKIE:NO] - [10:41:59][策略1][YouTube] 下载进度：67.3% | 5.2MiB/7.68MiB | 速度 132.56KiB/s | 剩余 00:19
2026-07-30 10:41:59,906 - INFO - [SYSTEM] - [MODE:MATERIAL] - [STRATEGY:NONE] - [COOKIE:NO] - [10:41:59][策略1][YouTube] 下载进度：45.8% | 4.8MiB/10.47MiB | 速度 128.03KiB/s | 剩余 00:45
2026-07-30 10:42:00,255 - INFO - [SYSTEM] - [MODE:MATERIAL] - [STRATEGY:NONE] - [COOKIE:NO] - [10:42:00][策略1][YouTube] 下载进度：42.5% | 4.2MiB/9.86MiB | 速度 124.87KiB/s | 剩余 00:46
2026-07-30 10:42:01,355 - INFO - [SYSTEM] - [MODE:MATERIAL] - [STRATEGY:NONE] - [COOKIE:NO] - [10:42:01][策略1][YouTube] 下载进度：70.6% | 5.4MiB/7.68MiB | 速度 132.42KiB/s | 剩余 00:17
2026-07-30 10:42:01,908 - INFO - [SYSTEM] - [MODE:MATERIAL] - [STRATEGY:NONE] - [COOKIE:NO] - [10:42:01][策略1][YouTube] 下载进度：48.2% | 5.0MiB/10.47MiB | 速度 128.08KiB/s | 剩余 00:43
2026-07-30 10:42:02,255 - INFO - [SYSTEM] - [MODE:MATERIAL] - [STRATEGY:NONE] - [COOKIE:NO] - [10:42:02][策略1][YouTube] 下载进度：45.1% | 4.4MiB/9.86MiB | 速度 125.13KiB/s | 剩余 00:44
2026-07-30 10:42:03,480 - INFO - [SYSTEM] - [MODE:MATERIAL] - [STRATEGY:NONE] - [COOKIE:NO] - [10:42:03][策略1][YouTube] 下载进度：73.9% | 5.7MiB/7.68MiB | 速度 132.02KiB/s | 剩余 00:15
2026-07-30 10:42:03,905 - INFO - [SYSTEM] - [MODE:MATERIAL] - [STRATEGY:NONE] - [COOKIE:NO] - [10:42:03][策略1][YouTube] 下载进度：50.7% | 5.3MiB/10.47MiB | 速度 128.23KiB/s | 剩余 00:41
2026-07-30 10:42:04,129 - INFO - [SYSTEM] - [MODE:MATERIAL] - [STRATEGY:NONE] - [COOKIE:NO] - [10:42:04][策略1][YouTube] 下载进度：47.5% | 4.7MiB/9.86MiB | 速度 125.43KiB/s | 剩余 00:42
2026-07-30 10:42:05,363 - INFO - [SYSTEM] - [MODE:MATERIAL] - [STRATEGY:NONE] - [COOKIE:NO] - [10:42:05][策略1][YouTube] 下载进度：77.1% | 5.9MiB/7.68MiB | 速度 132.02KiB/s | 剩余 00:13
2026-07-30 10:42:05,921 - INFO - [SYSTEM] - [MODE:MATERIAL] - [STRATEGY:NONE] - [COOKIE:NO] - [10:42:05][策略1][YouTube] 下载进度：53.0% | 5.5MiB/10.47MiB | 速度 128.02KiB/s | 剩余 00:39
2026-07-30 10:42:06,273 - INFO - [SYSTEM] - [MODE:MATERIAL] - [STRATEGY:NONE] - [COOKIE:NO] - [10:42:06][策略1][YouTube] 下载进度：50.2% | 4.9MiB/9.86MiB | 速度 125.33KiB/s | 剩余 00:40
2026-07-30 10:42:07,566 - INFO - [SYSTEM] - [MODE:MATERIAL] - [STRATEGY:NONE] - [COOKIE:NO] - [10:42:07][策略1][YouTube] 下载进度：80.4% | 6.2MiB/7.68MiB | 速度 131.46KiB/s | 剩余 00:11
2026-07-30 10:42:08,044 - INFO - [SYSTEM] - [MODE:MATERIAL] - [STRATEGY:NONE] - [COOKIE:NO] - [10:42:08][策略1][YouTube] 下载进度：55.4% | 5.8MiB/10.47MiB | 速度 127.79KiB/s | 剩余 00:37
2026-07-30 10:42:08,271 - INFO - [SYSTEM] - [MODE:MATERIAL] - [STRATEGY:NONE] - [COOKIE:NO] - [10:42:08][策略1][YouTube] 下载进度：52.6% | 5.2MiB/9.86MiB | 速度 125.18KiB/s | 剩余 00:38
2026-07-30 10:42:09,506 - INFO - [SYSTEM] - [MODE:MATERIAL] - [STRATEGY:NONE] - [COOKIE:NO] - [10:42:09][策略1][YouTube] 下载进度：83.5% | 6.4MiB/7.68MiB | 速度 131.16KiB/s | 剩余 00:09
2026-07-30 10:42:09,937 - INFO - [SYSTEM] - [MODE:MATERIAL] - [STRATEGY:NONE] - [COOKIE:NO] - [10:42:09][策略1][YouTube] 下载进度：57.7% | 6.0MiB/10.47MiB | 速度 127.75KiB/s | 剩余 00:35
2026-07-30 10:42:10,279 - INFO - [SYSTEM] - [MODE:MATERIAL] - [STRATEGY:NONE] - [COOKIE:NO] - [10:42:10][策略1][YouTube] 下载进度：55.0% | 5.4MiB/9.86MiB | 速度 125.04KiB/s | 剩余 00:36
2026-07-30 10:42:11,381 - INFO - [SYSTEM] - [MODE:MATERIAL] - [STRATEGY:NONE] - [COOKIE:NO] - [10:42:11][策略1][YouTube] 下载进度：86.6% | 6.7MiB/7.68MiB | 速度 131.19KiB/s | 剩余 00:08
2026-07-30 10:42:11,931 - INFO - [SYSTEM] - [MODE:MATERIAL] - [STRATEGY:NONE] - [COOKIE:NO] - [10:42:11][策略1][YouTube] 下载进度：60.0% | 6.3MiB/10.47MiB | 速度 127.69KiB/s | 剩余 00:33
2026-07-30 10:42:12,281 - INFO - [SYSTEM] - [MODE:MATERIAL] - [STRATEGY:NONE] - [COOKIE:NO] - [10:42:12][策略1][YouTube] 下载进度：57.6% | 5.7MiB/9.86MiB | 速度 125.28KiB/s | 剩余 00:34
2026-07-30 10:42:13,541 - INFO - [SYSTEM] - [MODE:MATERIAL] - [STRATEGY:NONE] - [COOKIE:NO] - [10:42:13][策略1][YouTube] 下载进度：90.0% | 6.9MiB/7.68MiB | 速度 130.88KiB/s | 剩余 00:06
2026-07-30 10:42:13,916 - INFO - [SYSTEM] - [MODE:MATERIAL] - [STRATEGY:NONE] - [COOKIE:NO] - [10:42:13][策略1][YouTube] 下载进度：62.4% | 6.5MiB/10.47MiB | 速度 127.66KiB/s | 剩余 00:31
2026-07-30 10:42:14,359 - INFO - [SYSTEM] - [MODE:MATERIAL] - [STRATEGY:NONE] - [COOKIE:NO] - [10:42:14][策略1][YouTube] 下载进度：60.0% | 5.9MiB/9.86MiB | 速度 124.98KiB/s | 剩余 00:32
2026-07-30 10:42:15,828 - INFO - [SYSTEM] - [MODE:MATERIAL] - [STRATEGY:NONE] - [COOKIE:NO] - [10:42:15][策略1][YouTube] 下载进度：92.6% | 7.1MiB/7.68MiB | 速度 129.17KiB/s | 剩余 00:04
2026-07-30 10:42:16,215 - INFO - [SYSTEM] - [MODE:MATERIAL] - [STRATEGY:NONE] - [COOKIE:NO] - [10:42:16][策略1][YouTube] 下载进度：64.4% | 6.7MiB/10.47MiB | 速度 126.26KiB/s | 剩余 00:30
2026-07-30 10:42:16,540 - INFO - [SYSTEM] - [MODE:MATERIAL] - [STRATEGY:NONE] - [COOKIE:NO] - [10:42:16][策略1][YouTube] 下载进度：62.0% | 6.1MiB/9.86MiB | 速度 123.53KiB/s | 剩余 00:31
2026-07-30 10:42:17,700 - INFO - [SYSTEM] - [MODE:MATERIAL] - [STRATEGY:NONE] - [COOKIE:NO] - [10:42:17][策略1][YouTube] 下载进度：95.4% | 7.3MiB/7.68MiB | 速度 128.85KiB/s | 剩余 00:02
2026-07-30 10:42:18,087 - INFO - [SYSTEM] - [MODE:MATERIAL] - [STRATEGY:NONE] - [COOKIE:NO] - [10:42:18][策略1][YouTube] 下载进度：66.6% | 7.0MiB/10.47MiB | 速度 126.18KiB/s | 剩余 00:28
2026-07-30 10:42:18,408 - INFO - [SYSTEM] - [MODE:MATERIAL] - [STRATEGY:NONE] - [COOKIE:NO] - [10:42:18][策略1][YouTube] 下载进度：64.3% | 6.3MiB/9.86MiB | 速度 123.55KiB/s | 剩余 00:29
2026-07-30 10:42:19,748 - INFO - [SYSTEM] - [MODE:MATERIAL] - [STRATEGY:NONE] - [COOKIE:NO] - [10:42:19][策略1][YouTube] 下载进度：98.5% | 7.6MiB/7.68MiB | 速度 128.49KiB/s | 剩余 00:00
2026-07-30 10:42:20,130 - INFO - [SYSTEM] - [MODE:MATERIAL] - [STRATEGY:NONE] - [COOKIE:NO] - [10:42:20][策略1][YouTube] 下载进度：68.7% | 7.2MiB/10.47MiB | 速度 125.67KiB/s | 剩余 00:26
2026-07-30 10:42:20,438 - INFO - [SYSTEM] - [MODE:MATERIAL] - [STRATEGY:NONE] - [COOKIE:NO] - [10:42:20][策略1][YouTube] 下载进度：66.6% | 6.6MiB/9.86MiB | 速度 123.15KiB/s | 剩余 00:27
2026-07-30 10:42:20,648 - INFO - [SYSTEM] - [MODE:MATERIAL] - [STRATEGY:NONE] - [COOKIE:NO] - [10:42:20][策略1][YouTube] 下载进度：100.0% | 7.7MiB/7.68MiB | 速度 128.52KiB/s | 剩余 00:00
2026-07-30 10:42:21,985 - INFO - [SYSTEM] - [MODE:MATERIAL] - [STRATEGY:NONE] - [COOKIE:NO] - [10:42:21][策略1][YouTube] 下载进度：71.1% | 7.4MiB/10.47MiB | 速度 126.08KiB/s | 剩余 00:24
2026-07-30 10:42:22,411 - INFO - [SYSTEM] - [MODE:MATERIAL] - [STRATEGY:NONE] - [COOKIE:NO] - [10:42:22][策略1][YouTube] 下载进度：69.3% | 6.8MiB/9.86MiB | 速度 123.71KiB/s | 剩余 00:25
2026-07-30 10:42:22,509 - INFO - [SYSTEM] - [MODE:MATERIAL] - [STRATEGY:NONE] - [COOKIE:NO] - [10:42:22][策略1][YouTube] 下载进度：63.1% | 126.9KiB/201.12KiB | 速度 125.48KiB/s | 剩余 00:00
2026-07-30 10:42:23,000 - INFO - [SYSTEM] - [MODE:MATERIAL] - [STRATEGY:NONE] - [COOKIE:NO] - [10:42:22][策略1][YouTube] 下载进度：100.0% | 201.1KiB/201.12KiB | 速度 133.91KiB/s | 剩余 00:00
2026-07-30 10:42:23,748 - INFO - [SYSTEM] - [MODE:MATERIAL] - [STRATEGY:NONE] - [COOKIE:NO] - [10:42:23][策略1][YouTube] Selected format: format_id=299+140, res=1080x1920, fps=60, tbr=5244.313, ext=mp4
2026-07-30 10:42:23,748 - INFO - [SYSTEM] - [MODE:MATERIAL] - [STRATEGY:NONE] - [COOKIE:NO] - [10:42:23][策略1][YouTube] 下载成功，耗时 73.9s
2026-07-30 10:42:23,748 - INFO - [SYSTEM] - [MODE:MATERIAL] - [STRATEGY:NONE] - [COOKIE:NO] - [10:41:09] 下载成功 | YouTube | 画质：1080P | 未走 Cookie
2026-07-30 10:42:23,795 - INFO - [SYSTEM] - [MODE:MATERIAL] - [STRATEGY:NONE] - [COOKIE:NO] - [10:42:23][策略1][YouTube] 下载进度：73.7% | 7.7MiB/10.47MiB | 速度 126.83KiB/s | 剩余 00:22
2026-07-30 10:42:23,959 - INFO - [SYSTEM] - [MODE:MATERIAL] - [STRATEGY:NONE] - [COOKIE:NO] - [10:42:23][策略1][YouTube] 下载进度：71.9% | 7.1MiB/9.86MiB | 速度 124.95KiB/s | 剩余 00:22
2026-07-30 10:42:25,001 - INFO - [SYSTEM] - [MODE:MATERIAL] - [STRATEGY:NONE] - [COOKIE:NO] - [10:42:25][策略1][YouTube] 下载进度：74.2% | 7.3MiB/9.86MiB | 速度 126.57KiB/s | 剩余 00:20
2026-07-30 10:42:25,542 - INFO - [SYSTEM] - [MODE:MATERIAL] - [STRATEGY:NONE] - [COOKIE:NO] - 下载额度结算：成功并扣除次数
2026-07-30 10:42:25,543 - INFO - [SYSTEM] - [MODE:MATERIAL] - [STRATEGY:NONE] - [COOKIE:NO] - [10:42:23] 下载完成: https://www.youtube.com/shorts/ZbfVjTbgVaY
2026-07-30 10:42:25,576 - INFO - [SYSTEM] - [MODE:MATERIAL] - [STRATEGY:NONE] - [COOKIE:NO] - [10:42:25][策略1][YouTube] 下载进度：77.2% | 8.1MiB/10.47MiB | 速度 129.25KiB/s | 剩余 00:18
2026-07-30 10:42:26,052 - INFO - [SYSTEM] - [MODE:MATERIAL] - [STRATEGY:NONE] - [COOKIE:NO] - [10:42:26][策略1][YouTube] 下载进度：76.3% | 7.5MiB/9.86MiB | 速度 127.96KiB/s | 剩余 00:18
2026-07-30 10:42:26,653 - INFO - [SYSTEM] - [MODE:MATERIAL] - [STRATEGY:NONE] - [COOKIE:NO] - [10:42:26][策略1][YouTube] 下载进度：79.2% | 8.3MiB/10.47MiB | 速度 130.43KiB/s | 剩余 00:17
2026-07-30 10:42:27,170 - INFO - [SYSTEM] - [MODE:MATERIAL] - [STRATEGY:NONE] - [COOKIE:NO] - [10:42:27][策略1][YouTube] 下载进度：78.3% | 7.7MiB/9.86MiB | 速度 128.99KiB/s | 剩余 00:16
2026-07-30 10:42:28,832 - INFO - [SYSTEM] - [MODE:MATERIAL] - [STRATEGY:NONE] - [COOKIE:NO] - [10:42:28][策略1][YouTube] 下载进度：83.0% | 8.7MiB/10.47MiB | 速度 132.11KiB/s | 剩余 00:13
2026-07-30 10:42:29,340 - INFO - [SYSTEM] - [MODE:MATERIAL] - [STRATEGY:NONE] - [COOKIE:NO] - [10:42:29][策略1][YouTube] 下载进度：82.4% | 8.1MiB/9.86MiB | 速度 131.01KiB/s | 剩余 00:13
2026-07-30 10:42:30,587 - INFO - [SYSTEM] - [MODE:MATERIAL] - [STRATEGY:NONE] - [COOKIE:NO] - [10:42:30][策略1][YouTube] 下载进度：86.4% | 9.0MiB/10.47MiB | 速度 134.13KiB/s | 剩余 00:10
2026-07-30 10:42:31,096 - INFO - [SYSTEM] - [MODE:MATERIAL] - [STRATEGY:NONE] - [COOKIE:NO] - [10:42:31][策略1][YouTube] 下载进度：86.0% | 8.5MiB/9.86MiB | 速度 133.06KiB/s | 剩余 00:10
2026-07-30 10:42:31,653 - INFO - [SYSTEM] - [MODE:MATERIAL] - [STRATEGY:NONE] - [COOKIE:NO] - [10:42:31][策略1][YouTube] 下载进度：88.5% | 9.3MiB/10.47MiB | 速度 135.24KiB/s | 剩余 00:09
2026-07-30 10:42:32,078 - INFO - [SYSTEM] - [MODE:MATERIAL] - [STRATEGY:NONE] - [COOKIE:NO] - [10:42:32][策略1][YouTube] 下载进度：88.1% | 8.7MiB/9.86MiB | 速度 134.35KiB/s | 剩余 00:08
2026-07-30 10:42:33,128 - INFO - [SYSTEM] - [MODE:MATERIAL] - [STRATEGY:NONE] - [COOKIE:NO] - [10:42:33][策略1][YouTube] 下载进度：90.3% | 8.9MiB/9.86MiB | 速度 135.52KiB/s | 剩余 00:07
2026-07-30 10:42:33,525 - INFO - [SYSTEM] - [MODE:MATERIAL] - [STRATEGY:NONE] - [COOKIE:NO] - [10:42:33][策略1][YouTube] 下载进度：92.3% | 9.7MiB/10.47MiB | 速度 137.37KiB/s | 剩余 00:06
2026-07-30 10:42:34,008 - INFO - [SYSTEM] - [MODE:MATERIAL] - [STRATEGY:NONE] - [COOKIE:NO] - [10:42:34][策略1][YouTube] 下载进度：92.4% | 9.1MiB/9.86MiB | 速度 136.85KiB/s | 剩余 00:05
2026-07-30 10:42:35,104 - INFO - [SYSTEM] - [MODE:MATERIAL] - [STRATEGY:NONE] - [COOKIE:NO] - [10:42:35][策略1][YouTube] 下载进度：94.6% | 9.9MiB/10.47MiB | 速度 189.15KiB/s | 剩余 00:03
2026-07-30 10:42:35,203 - INFO - [SYSTEM] - [MODE:MATERIAL] - [STRATEGY:NONE] - [COOKIE:NO] - [10:42:35][策略1][YouTube] 下载进度：94.7% | 9.3MiB/9.86MiB | 速度 137.92KiB/s | 剩余 00:03
2026-07-30 10:42:36,300 - INFO - [SYSTEM] - [MODE:MATERIAL] - [STRATEGY:NONE] - [COOKIE:NO] - [10:42:36][策略1][YouTube] 下载进度：96.7% | 9.5MiB/9.86MiB | 速度 138.60KiB/s | 剩余 00:02
2026-07-30 10:42:37,461 - INFO - [SYSTEM] - [MODE:MATERIAL] - [STRATEGY:NONE] - [COOKIE:NO] - [10:42:37][策略1][YouTube] 下载进度：98.5% | 10.3MiB/10.47MiB | 速度 180.43KiB/s | 剩余 00:00
2026-07-30 10:42:38,164 - INFO - [SYSTEM] - [MODE:MATERIAL] - [STRATEGY:NONE] - [COOKIE:NO] - [10:42:38][策略1][YouTube] 下载进度：99.8% | 9.8MiB/9.86MiB | 速度 139.28KiB/s | 剩余 00:00
2026-07-30 10:42:38,311 - INFO - [SYSTEM] - [MODE:MATERIAL] - [STRATEGY:NONE] - [COOKIE:NO] - [10:42:38][策略1][YouTube] 下载进度：100.0% | 10.5MiB/10.47MiB | 速度 181.91KiB/s | 剩余 00:00
2026-07-30 10:42:38,501 - INFO - [SYSTEM] - [MODE:MATERIAL] - [STRATEGY:NONE] - [COOKIE:NO] - [10:42:38][策略1][YouTube] 下载进度：100.0% | 9.9MiB/9.86MiB | 速度 179.61KiB/s | 剩余 00:00
2026-07-30 10:42:39,997 - INFO - [SYSTEM] - [MODE:MATERIAL] - [STRATEGY:NONE] - [COOKIE:NO] - [10:42:39][策略1][YouTube] 下载进度：55.1% | 127.0KiB/230.43KiB | 速度 187.90KiB/s | 剩余 00:00
2026-07-30 10:42:40,148 - INFO - [SYSTEM] - [MODE:MATERIAL] - [STRATEGY:NONE] - [COOKIE:NO] - [10:42:40][策略1][YouTube] 下载进度：19.4% | 62.9KiB/323.97KiB | 速度 157.73KiB/s | 剩余 00:01
2026-07-30 10:42:40,547 - INFO - [SYSTEM] - [MODE:MATERIAL] - [STRATEGY:NONE] - [COOKIE:NO] - [10:42:40][策略1][YouTube] 下载进度：39.2% | 127.0KiB/323.97KiB | 速度 158.97KiB/s | 剩余 00:01
2026-07-30 10:42:40,584 - INFO - [SYSTEM] - [MODE:MATERIAL] - [STRATEGY:NONE] - [COOKIE:NO] - [10:42:40][策略1][YouTube] 下载进度：100.0% | 230.4KiB/230.43KiB | 速度 182.46KiB/s | 剩余 00:00
2026-07-30 10:42:41,159 - INFO - [SYSTEM] - [MODE:MATERIAL] - [STRATEGY:NONE] - [COOKIE:NO] - [10:42:41][策略1][YouTube] 下载进度：78.7% | 255.0KiB/323.97KiB | 速度 180.76KiB/s | 剩余 00:00
2026-07-30 10:42:41,311 - INFO - [SYSTEM] - [MODE:MATERIAL] - [STRATEGY:NONE] - [COOKIE:NO] - [10:42:41][策略1][YouTube] Selected format: format_id=299+140, res=1080x1920, fps=60, tbr=6207.174999999999, ext=mp4
2026-07-30 10:42:41,311 - INFO - [SYSTEM] - [MODE:MATERIAL] - [STRATEGY:NONE] - [COOKIE:NO] - [10:42:41][策略1][YouTube] 下载成功，耗时 84.8s
2026-07-30 10:42:41,312 - INFO - [SYSTEM] - [MODE:MATERIAL] - [STRATEGY:NONE] - [COOKIE:NO] - [10:41:16] 下载成功 | YouTube | 画质：1080P | 未走 Cookie
2026-07-30 10:42:41,441 - INFO - [SYSTEM] - [MODE:MATERIAL] - [STRATEGY:NONE] - [COOKIE:NO] - [10:42:41][策略1][YouTube] 下载进度：100.0% | 324.0KiB/323.97KiB | 速度 191.36KiB/s | 剩余 00:00
2026-07-30 10:42:42,453 - INFO - [SYSTEM] - [MODE:MATERIAL] - [STRATEGY:NONE] - [COOKIE:NO] - [10:42:42][策略1][YouTube] Selected format: format_id=137+140, res=1080x1920, fps=30, tbr=4189.464, ext=mp4
2026-07-30 10:42:42,453 - INFO - [SYSTEM] - [MODE:MATERIAL] - [STRATEGY:NONE] - [COOKIE:NO] - [10:42:42][策略1][YouTube] 下载成功，耗时 82.8s
2026-07-30 10:42:42,453 - INFO - [SYSTEM] - [MODE:MATERIAL] - [STRATEGY:NONE] - [COOKIE:NO] - [10:41:19] 下载成功 | YouTube | 画质：1080P | 未走 Cookie
2026-07-30 10:42:43,110 - INFO - [SYSTEM] - [MODE:MATERIAL] - [STRATEGY:NONE] - [COOKIE:NO] - 下载额度结算：成功并扣除次数
2026-07-30 10:42:43,111 - INFO - [SYSTEM] - [MODE:MATERIAL] - [STRATEGY:NONE] - [COOKIE:NO] - [10:42:41] 下载完成: https://www.youtube.com/shorts/-7NGf04Jlo0
2026-07-30 10:42:44,971 - INFO - [SYSTEM] - [MODE:MATERIAL] - [STRATEGY:NONE] - [COOKIE:NO] - 下载额度结算：成功并扣除次数
2026-07-30 10:42:44,972 - INFO - [SYSTEM] - [MODE:MATERIAL] - [STRATEGY:NONE] - [COOKIE:NO] - [10:42:43] 下载完成: https://www.youtube.com/shorts/gWTQL1ZeVuk
2026-07-30 10:45:47,956 - INFO - [SYSTEM] - [MODE:MATERIAL] - [STRATEGY:NONE] - [COOKIE:NO] - 正在重启软件...
2026-07-30 10:45:48,383 - INFO - [SYSTEM] - [MODE:MATERIAL] - [STRATEGY:NONE] - [COOKIE:NO] - 已恢复上次预览文件: C:/Users/Administrator/Desktop/VideoDown\Watch Brazil Fans take over times Square-gWTQL1ZeVuk.mp4
2026-07-30 10:45:48,467 - INFO - [SYSTEM] - [MODE:MATERIAL] - [STRATEGY:NONE] - [COOKIE:NO] - 启动时检查工具和 Cookie 状态...
2026-07-30 10:45:48,467 - INFO - [SYSTEM] - [MODE:MATERIAL] - [STRATEGY:NONE] - [COOKIE:NO] - Deno.js解析引擎已启动就绪
2026-07-30 10:45:48,468 - INFO - [SYSTEM] - [MODE:MATERIAL] - [STRATEGY:NONE] - [COOKIE:NO] - 所有必要工具已就绪
2026-07-30 10:45:48,468 - INFO - [SYSTEM] - [MODE:MATERIAL] - [STRATEGY:NONE] - [COOKIE:NO] - [10:45:48] Cookie health check:
2026-07-30 10:45:48,469 - INFO - [SYSTEM] - [MODE:MATERIAL] - [STRATEGY:NONE] - [COOKIE:NO] -   YouTube: healthy | score=95 | size=1.63 KB | Cookie valid until 2027-05-25 10:59
2026-07-30 10:45:48,469 - INFO - [SYSTEM] - [MODE:MATERIAL] - [STRATEGY:NONE] - [COOKIE:NO] -   Instagram: healthy | score=95 | size=854.00 B | Cookie valid until 2027-06-04 13:58
2026-07-30 10:45:48,469 - INFO - [SYSTEM] - [MODE:MATERIAL] - [STRATEGY:NONE] - [COOKIE:NO] -   TikTok: healthy | score=95 | size=4.51 KB | Cookie valid until 2027-07-10 14:33
2026-07-30 10:45:48,469 - INFO - [SYSTEM] - [MODE:MATERIAL] - [STRATEGY:NONE] - [COOKIE:NO] -   Twitter: healthy | score=95 | size=1.26 KB | Cookie valid until 2027-07-10 11:13
2026-07-30 10:45:49,854 - INFO - [SYSTEM] - [MODE:MATERIAL] - [STRATEGY:NONE] - [COOKIE:NO] - 已加载上次提取的 2075 条记录 （已下载: 30, 失败: 0, 待下载: 2045）
2026-07-30 10:45:50,635 - INFO - [SYSTEM] - [MODE:MATERIAL] - [STRATEGY:NONE] - [COOKIE:NO] - 账号验证成功（免费订阅，免费额度剩余 3 次）
2026-07-30 10:45:51,290 - INFO - [SYSTEM] - [MODE:MATERIAL] - [STRATEGY:NONE] - [COOKIE:NO] - 跳转到下一页: 2/208
2026-07-30 10:45:51,889 - INFO - [SYSTEM] - [MODE:MATERIAL] - [STRATEGY:NONE] - [COOKIE:NO] - 跳转到下一页: 3/208
2026-07-30 10:45:52,784 - INFO - [SYSTEM] - [MODE:MATERIAL] - [STRATEGY:NONE] - [COOKIE:NO] - 跳转到下一页: 4/208
2026-07-30 10:45:58,233 - INFO - [SYSTEM] - [MODE:MATERIAL] - [STRATEGY:NONE] - [COOKIE:NO] - 跳转到上一页: 3/208
2026-07-30 10:46:02,582 - INFO - [SYSTEM] - [MODE:MATERIAL] - [STRATEGY:NONE] - [COOKIE:NO] - 使用本地播放器打开预览: C:/Users/Administrator/Desktop/VideoDown\🇦🇷 Argentine Fans Take Over Times Square NYC! ｜ World Cup 2026 Fever-ZbfVjTbgVaY.mp4
2026-07-30 10:46:07,027 - INFO - [SYSTEM] - [MODE:MATERIAL] - [STRATEGY:NONE] - [COOKIE:NO] - 使用本地播放器打开预览: C:/Users/Administrator/Desktop/VideoDown\Watch Brazil Fans take over times Square-gWTQL1ZeVuk.mp4
2026-07-30 10:46:10,060 - INFO - [SYSTEM] - [MODE:MATERIAL] - [STRATEGY:NONE] - [COOKIE:NO] - 使用本地播放器打开预览: C:/Users/Administrator/Desktop/VideoDown\Watch Brazil Fans take over times Square-gWTQL1ZeVuk.mp4
2026-07-30 10:47:15,970 - INFO - [SYSTEM] - [MODE:MATERIAL] - [STRATEGY:NONE] - [COOKIE:NO] - 账号模式下载校验：主页提取页单条下载，准备预占 1 个下载名额
2026-07-30 10:47:17,734 - INFO - [SYSTEM] - [MODE:MATERIAL] - [STRATEGY:NONE] - [COOKIE:NO] - 账号模式下载校验结果：status=quota_exceeded, msg=free_credit_exhausted
2026-07-30 10:59:52,899 - INFO - [SYSTEM] - [MODE:MATERIAL] - [STRATEGY:NONE] - [COOKIE:NO] - 正在重启软件...
2026-07-30 10:59:53,228 - INFO - [SYSTEM] - [MODE:MATERIAL] - [STRATEGY:NONE] - [COOKIE:NO] - 已恢复上次预览文件: C:/Users/Administrator/Desktop/VideoDown\Watch Brazil Fans take over times Square-gWTQL1ZeVuk.mp4
2026-07-30 10:59:53,314 - INFO - [SYSTEM] - [MODE:MATERIAL] - [STRATEGY:NONE] - [COOKIE:NO] - 启动时检查工具和 Cookie 状态...
2026-07-30 10:59:53,315 - INFO - [SYSTEM] - [MODE:MATERIAL] - [STRATEGY:NONE] - [COOKIE:NO] - Deno.js解析引擎已启动就绪
2026-07-30 10:59:53,315 - INFO - [SYSTEM] - [MODE:MATERIAL] - [STRATEGY:NONE] - [COOKIE:NO] - 所有必要工具已就绪
2026-07-30 10:59:53,316 - INFO - [SYSTEM] - [MODE:MATERIAL] - [STRATEGY:NONE] - [COOKIE:NO] - [10:59:53] Cookie health check:
2026-07-30 10:59:53,316 - INFO - [SYSTEM] - [MODE:MATERIAL] - [STRATEGY:NONE] - [COOKIE:NO] -   YouTube: healthy | score=95 | size=1.63 KB | Cookie valid until 2027-05-25 10:59
2026-07-30 10:59:53,316 - INFO - [SYSTEM] - [MODE:MATERIAL] - [STRATEGY:NONE] - [COOKIE:NO] -   Instagram: healthy | score=95 | size=854.00 B | Cookie valid until 2027-06-04 13:58
2026-07-30 10:59:53,316 - INFO - [SYSTEM] - [MODE:MATERIAL] - [STRATEGY:NONE] - [COOKIE:NO] -   TikTok: healthy | score=95 | size=4.51 KB | Cookie valid until 2027-07-10 14:33
2026-07-30 10:59:53,316 - INFO - [SYSTEM] - [MODE:MATERIAL] - [STRATEGY:NONE] - [COOKIE:NO] -   Twitter: healthy | score=95 | size=1.26 KB | Cookie valid until 2027-07-10 11:13
2026-07-30 10:59:55,489 - INFO - [SYSTEM] - [MODE:MATERIAL] - [STRATEGY:NONE] - [COOKIE:NO] - 账号验证成功（免费订阅，免费额度剩余 3 次）
2026-07-30 11:00:00,297 - INFO - [SYSTEM] - [MODE:MATERIAL] - [STRATEGY:NONE] - [COOKIE:NO] - 已打开官网，请在页面底部进入免费领取模块，可获得 3 次
2026-07-30 11:01:04,832 - INFO - [SYSTEM] - [MODE:MATERIAL] - [STRATEGY:NONE] - [COOKIE:NO] - 免费次数领取成功：+3 次，今日剩余 3 次
2026-07-30 14:04:52,331 - INFO - [SYSTEM] - [MODE:MATERIAL] - [STRATEGY:NONE] - [COOKIE:NO] - 正在重启软件...
2026-07-30 14:04:55,560 - INFO - [SYSTEM] - [MODE:MATERIAL] - [STRATEGY:NONE] - [COOKIE:NO] - 已恢复上次预览文件: C:/Users/Administrator/Desktop/VideoDown\Watch Brazil Fans take over times Square-gWTQL1ZeVuk.mp4
2026-07-30 14:04:55,649 - INFO - [SYSTEM] - [MODE:MATERIAL] - [STRATEGY:NONE] - [COOKIE:NO] - 启动时检查工具和 Cookie 状态...
2026-07-30 14:04:55,650 - INFO - [SYSTEM] - [MODE:MATERIAL] - [STRATEGY:NONE] - [COOKIE:NO] - Deno.js解析引擎已启动就绪
2026-07-30 14:04:55,650 - INFO - [SYSTEM] - [MODE:MATERIAL] - [STRATEGY:NONE] - [COOKIE:NO] - 所有必要工具已就绪
2026-07-30 14:04:55,651 - INFO - [SYSTEM] - [MODE:MATERIAL] - [STRATEGY:NONE] - [COOKIE:NO] - [14:04:55] Cookie health check:
2026-07-30 14:04:55,651 - INFO - [SYSTEM] - [MODE:MATERIAL] - [STRATEGY:NONE] - [COOKIE:NO] -   YouTube: healthy | score=95 | size=1.63 KB | Cookie valid until 2027-05-25 10:59
2026-07-30 14:04:55,651 - INFO - [SYSTEM] - [MODE:MATERIAL] - [STRATEGY:NONE] - [COOKIE:NO] -   Instagram: healthy | score=95 | size=854.00 B | Cookie valid until 2027-06-04 13:58
2026-07-30 14:04:55,652 - INFO - [SYSTEM] - [MODE:MATERIAL] - [STRATEGY:NONE] - [COOKIE:NO] -   TikTok: healthy | score=95 | size=4.51 KB | Cookie valid until 2027-07-10 14:33
2026-07-30 14:04:55,652 - INFO - [SYSTEM] - [MODE:MATERIAL] - [STRATEGY:NONE] - [COOKIE:NO] -   Twitter: healthy | score=95 | size=1.26 KB | Cookie valid until 2027-07-10 11:13
2026-07-30 14:04:57,923 - INFO - [SYSTEM] - [MODE:MATERIAL] - [STRATEGY:NONE] - [COOKIE:NO] - 账号验证成功（免费订阅，免费额度剩余 3 次）
2026-07-30 14:05:05,412 - INFO - [SYSTEM] - [MODE:MATERIAL] - [STRATEGY:NONE] - [COOKIE:NO] - 已打开激励奖励页面，完成积分墙广告后可领取 3 次
2026-07-30 14:07:07,420 - INFO - [SYSTEM] - [MODE:MATERIAL] - [STRATEGY:NONE] - [COOKIE:NO] - 免费次数领取成功：+3 次，今日剩余 6 次
2026-07-30 16:05:00,509 - INFO - [SYSTEM] - [MODE:MATERIAL] - [STRATEGY:NONE] - [COOKIE:NO] - 已加载上次提取的 2075 条记录 （已下载: 30, 失败: 0, 待下载: 2045）
2026-07-30 16:20:39,920 - INFO - [SYSTEM] - [MODE:MATERIAL] - [STRATEGY:NONE] - [COOKIE:NO] - 正在重启软件...
2026-07-30 16:20:40,258 - INFO - [SYSTEM] - [MODE:MATERIAL] - [STRATEGY:NONE] - [COOKIE:NO] - 已恢复上次预览文件: C:/Users/Administrator/Desktop/VideoDown\Watch Brazil Fans take over times Square-gWTQL1ZeVuk.mp4
2026-07-30 16:20:40,346 - INFO - [SYSTEM] - [MODE:MATERIAL] - [STRATEGY:NONE] - [COOKIE:NO] - 启动时检查工具和 Cookie 状态...
2026-07-30 16:20:40,346 - INFO - [SYSTEM] - [MODE:MATERIAL] - [STRATEGY:NONE] - [COOKIE:NO] - Deno.js解析引擎已启动就绪
2026-07-30 16:20:40,347 - INFO - [SYSTEM] - [MODE:MATERIAL] - [STRATEGY:NONE] - [COOKIE:NO] - 所有必要工具已就绪
2026-07-30 16:20:40,347 - INFO - [SYSTEM] - [MODE:MATERIAL] - [STRATEGY:NONE] - [COOKIE:NO] - [16:20:40] Cookie health check:
2026-07-30 16:20:40,348 - INFO - [SYSTEM] - [MODE:MATERIAL] - [STRATEGY:NONE] - [COOKIE:NO] -   YouTube: healthy | score=95 | size=1.63 KB | Cookie valid until 2027-05-25 10:59
2026-07-30 16:20:40,348 - INFO - [SYSTEM] - [MODE:MATERIAL] - [STRATEGY:NONE] - [COOKIE:NO] -   Instagram: healthy | score=95 | size=854.00 B | Cookie valid until 2027-06-04 13:58
2026-07-30 16:20:40,348 - INFO - [SYSTEM] - [MODE:MATERIAL] - [STRATEGY:NONE] - [COOKIE:NO] -   TikTok: healthy | score=95 | size=4.51 KB | Cookie valid until 2027-07-10 14:33
2026-07-30 16:20:40,348 - INFO - [SYSTEM] - [MODE:MATERIAL] - [STRATEGY:NONE] - [COOKIE:NO] -   Twitter: healthy | score=95 | size=1.26 KB | Cookie valid until 2027-07-10 11:13
2026-07-30 16:20:42,307 - INFO - [SYSTEM] - [MODE:MATERIAL] - [STRATEGY:NONE] - [COOKIE:NO] - 已加载上次提取的 2075 条记录 （已下载: 30, 失败: 0, 待下载: 2045）
2026-07-30 16:20:42,541 - INFO - [SYSTEM] - [MODE:MATERIAL] - [STRATEGY:NONE] - [COOKIE:NO] - 账号验证成功（免费订阅，免费额度剩余 3 次）
2026-07-30 16:20:44,279 - INFO - [SYSTEM] - [MODE:MATERIAL] - [STRATEGY:NONE] - [COOKIE:NO] - 已打开下载文件夹: C:/Users/Administrator/Desktop/VideoDown
2026-07-30 16:20:54,094 - INFO - [SYSTEM] - [MODE:MATERIAL] - [STRATEGY:NONE] - [COOKIE:NO] - 跳转到下一页: 2/208
2026-07-30 16:20:56,949 - INFO - [SYSTEM] - [MODE:MATERIAL] - [STRATEGY:NONE] - [COOKIE:NO] - 跳转到下一页: 3/208
2026-07-30 16:21:00,340 - INFO - [SYSTEM] - [MODE:MATERIAL] - [STRATEGY:NONE] - [COOKIE:NO] - 跳转到下一页: 4/208
2026-07-30 16:21:04,021 - INFO - [SYSTEM] - [MODE:MATERIAL] - [STRATEGY:NONE] - [COOKIE:NO] - 跳转到上一页: 3/208
2026-07-30 16:21:05,742 - INFO - [SYSTEM] - [MODE:MATERIAL] - [STRATEGY:NONE] - [COOKIE:NO] - 账号模式下载校验：主页提取页单条下载，准备预占 1 个下载名额
2026-07-30 16:21:07,498 - INFO - [SYSTEM] - [MODE:MATERIAL] - [STRATEGY:NONE] - [COOKIE:NO] - 账号模式下载校验结果：status=ok, msg=download_quota_reserved
2026-07-30 16:21:07,503 - INFO - [SYSTEM] - [MODE:MATERIAL] - [STRATEGY:NONE] - [COOKIE:NO] - [16:21:07] 📥 开始下载: https://www.youtube.com/shorts/ZZn6LsJuwrg
2026-07-30 16:21:07,504 - INFO - [SYSTEM] - [MODE:MATERIAL] - [STRATEGY:NONE] - [COOKIE:NO] - [16:21:07] YouTube URL normalized (Shorts)
2026-07-30 16:21:07,504 - INFO - [SYSTEM] - [MODE:MATERIAL] - [STRATEGY:NONE] - [COOKIE:NO] - [16:21:07] 📋 平台: YouTube
2026-07-30 16:21:07,504 - INFO - [SYSTEM] - [MODE:MATERIAL] - [STRATEGY:NONE] - [COOKIE:NO] - [16:21:07] 📱 检测到 Shorts 视频
2026-07-30 16:21:07,504 - INFO - [SYSTEM] - [MODE:MATERIAL] - [STRATEGY:NONE] - [COOKIE:NO] - [16:21:07] 策略1：YouTube 无 Cookie 下载...
2026-07-30 16:21:07,504 - INFO - [SYSTEM] - [MODE:MATERIAL] - [STRATEGY:NONE] - [COOKIE:NO] - [16:21:07][策略1][YouTube] 开始执行 yt-dlp
2026-07-30 16:21:14,783 - INFO - [SYSTEM] - [MODE:MATERIAL] - [STRATEGY:NONE] - [COOKIE:NO] - [16:21:14][策略1][YouTube] 下载进度：0.0% | 0.0MiB/6.66MiB | 速度 304.53KiB/s | 剩余 00:22
2026-07-30 16:21:14,804 - INFO - [SYSTEM] - [MODE:MATERIAL] - [STRATEGY:NONE] - [COOKIE:NO] - [16:21:14][策略1][YouTube] 下载进度：3.7% | 0.2MiB/6.66MiB | 速度 10.37MiB/s | 剩余 00:00
2026-07-30 16:21:14,831 - INFO - [SYSTEM] - [MODE:MATERIAL] - [STRATEGY:NONE] - [COOKIE:NO] - [16:21:14][策略1][YouTube] 下载进度：7.5% | 0.5MiB/6.66MiB | 速度 9.70MiB/s | 剩余 00:00
2026-07-30 16:21:15,403 - INFO - [SYSTEM] - [MODE:MATERIAL] - [STRATEGY:NONE] - [COOKIE:NO] - [16:21:15][策略1][YouTube] 下载进度：15.0% | 1.0MiB/6.66MiB | 速度 1.60MiB/s | 剩余 00:03
2026-07-30 16:21:16,803 - INFO - [SYSTEM] - [MODE:MATERIAL] - [STRATEGY:NONE] - [COOKIE:NO] - [16:21:16][策略1][YouTube] 下载进度：28.1% | 1.9MiB/6.66MiB | 速度 947.54KiB/s | 剩余 00:05
2026-07-30 16:21:17,802 - INFO - [SYSTEM] - [MODE:MATERIAL] - [STRATEGY:NONE] - [COOKIE:NO] - [16:21:17][策略1][YouTube] 下载进度：37.5% | 2.5MiB/6.66MiB | 速度 845.76KiB/s | 剩余 00:05
2026-07-30 16:21:18,802 - INFO - [SYSTEM] - [MODE:MATERIAL] - [STRATEGY:NONE] - [COOKIE:NO] - [16:21:18][策略1][YouTube] 下载进度：46.9% | 3.1MiB/6.66MiB | 速度 794.59KiB/s | 剩余 00:04
2026-07-30 16:21:19,803 - INFO - [SYSTEM] - [MODE:MATERIAL] - [STRATEGY:NONE] - [COOKIE:NO] - [16:21:19][策略1][YouTube] 下载进度：56.3% | 3.7MiB/6.66MiB | 速度 763.72KiB/s | 剩余 00:03
2026-07-30 16:21:20,803 - INFO - [SYSTEM] - [MODE:MATERIAL] - [STRATEGY:NONE] - [COOKIE:NO] - [16:21:20][策略1][YouTube] 下载进度：65.7% | 4.4MiB/6.66MiB | 速度 742.98KiB/s | 剩余 00:03
2026-07-30 16:21:21,803 - INFO - [SYSTEM] - [MODE:MATERIAL] - [STRATEGY:NONE] - [COOKIE:NO] - [16:21:21][策略1][YouTube] 下载进度：75.0% | 5.0MiB/6.66MiB | 速度 728.18KiB/s | 剩余 00:02
2026-07-30 16:21:22,837 - INFO - [SYSTEM] - [MODE:MATERIAL] - [STRATEGY:NONE] - [COOKIE:NO] - [16:21:22][策略1][YouTube] 下载进度：84.4% | 5.6MiB/6.66MiB | 速度 714.11KiB/s | 剩余 00:01
2026-07-30 16:21:23,811 - INFO - [SYSTEM] - [MODE:MATERIAL] - [STRATEGY:NONE] - [COOKIE:NO] - [16:21:23][策略1][YouTube] 下载进度：93.5% | 6.2MiB/6.66MiB | 速度 705.53KiB/s | 剩余 00:00
2026-07-30 16:21:24,462 - INFO - [SYSTEM] - [MODE:MATERIAL] - [STRATEGY:NONE] - [COOKIE:NO] - [16:21:24][策略1][YouTube] 下载进度：100.0% | 6.7MiB/6.66MiB | 速度 703.99KiB/s | 剩余 00:00
2026-07-30 16:21:27,226 - INFO - [SYSTEM] - [MODE:MATERIAL] - [STRATEGY:NONE] - [COOKIE:NO] - [16:21:27][策略1][YouTube] 下载进度：0.6% | 1.1KiB/180.38KiB | 速度 Unknown | 剩余 Unknown
2026-07-30 16:21:27,227 - INFO - [SYSTEM] - [MODE:MATERIAL] - [STRATEGY:NONE] - [COOKIE:NO] - [16:21:27][策略1][YouTube] 下载进度：3.9% | 7.0KiB/180.38KiB | 速度 Unknown | 剩余 00:00
2026-07-30 16:21:27,227 - INFO - [SYSTEM] - [MODE:MATERIAL] - [STRATEGY:NONE] - [COOKIE:NO] - [16:21:27][策略1][YouTube] 下载进度：8.3% | 15.0KiB/180.38KiB | 速度 9.72MiB/s | 剩余 00:00
2026-07-30 16:21:27,228 - INFO - [SYSTEM] - [MODE:MATERIAL] - [STRATEGY:NONE] - [COOKIE:NO] - [16:21:27][策略1][YouTube] 下载进度：17.2% | 31.0KiB/180.38KiB | 速度 20.10MiB/s | 剩余 00:00
2026-07-30 16:21:27,232 - INFO - [SYSTEM] - [MODE:MATERIAL] - [STRATEGY:NONE] - [COOKIE:NO] - [16:21:27][策略1][YouTube] 下载进度：34.9% | 63.0KiB/180.38KiB | 速度 9.52MiB/s | 剩余 00:00
2026-07-30 16:21:27,235 - INFO - [SYSTEM] - [MODE:MATERIAL] - [STRATEGY:NONE] - [COOKIE:NO] - [16:21:27][策略1][YouTube] 下载进度：70.4% | 127.0KiB/180.38KiB | 速度 14.60MiB/s | 剩余 00:00
2026-07-30 16:21:27,239 - INFO - [SYSTEM] - [MODE:MATERIAL] - [STRATEGY:NONE] - [COOKIE:NO] - [16:21:27][策略1][YouTube] 下载进度：100.0% | 180.4KiB/180.38KiB | 速度 13.68MiB/s | 剩余 00:00
2026-07-30 16:21:28,193 - INFO - [SYSTEM] - [MODE:MATERIAL] - [STRATEGY:NONE] - [COOKIE:NO] - [16:21:28][策略1][YouTube] Selected format: format_id=299+140, res=1080x1920, fps=60, tbr=5082.046, ext=mp4
2026-07-30 16:21:28,194 - INFO - [SYSTEM] - [MODE:MATERIAL] - [STRATEGY:NONE] - [COOKIE:NO] - [16:21:28][策略1][YouTube] 下载成功，耗时 20.7s
2026-07-30 16:21:28,194 - INFO - [SYSTEM] - [MODE:MATERIAL] - [STRATEGY:NONE] - [COOKIE:NO] - [16:21:07] 下载成功 | YouTube | 画质：1080P | 未走 Cookie
2026-07-30 16:21:29,998 - INFO - [SYSTEM] - [MODE:MATERIAL] - [STRATEGY:NONE] - [COOKIE:NO] - 下载额度结算：成功并扣除次数
2026-07-30 16:21:29,999 - INFO - [SYSTEM] - [MODE:MATERIAL] - [STRATEGY:NONE] - [COOKIE:NO] - [16:21:28] 下载完成: https://www.youtube.com/shorts/ZZn6LsJuwrg
2026-07-30 16:21:46,480 - INFO - [SYSTEM] - [MODE:MATERIAL] - [STRATEGY:NONE] - [COOKIE:NO] - 已打开下载文件夹: C:/Users/Administrator/Desktop/VideoDown
2026-07-30 16:26:30,160 - INFO - [SYSTEM] - [MODE:MATERIAL] - [STRATEGY:NONE] - [COOKIE:NO] - 正在重启软件...
2026-07-30 16:26:30,506 - INFO - [SYSTEM] - [MODE:MATERIAL] - [STRATEGY:NONE] - [COOKIE:NO] - 已恢复上次预览文件: C:/Users/Administrator/Desktop/VideoDown\Inside New York’s Legendary Grand Central Terminal 🗽 #newyorkcity #travel #usa-ZZn6LsJuwrg.mp4
2026-07-30 16:26:30,592 - INFO - [SYSTEM] - [MODE:MATERIAL] - [STRATEGY:NONE] - [COOKIE:NO] - 启动时检查工具和 Cookie 状态...
2026-07-30 16:26:30,592 - INFO - [SYSTEM] - [MODE:MATERIAL] - [STRATEGY:NONE] - [COOKIE:NO] - Deno.js解析引擎已启动就绪
2026-07-30 16:26:30,593 - INFO - [SYSTEM] - [MODE:MATERIAL] - [STRATEGY:NONE] - [COOKIE:NO] - 所有必要工具已就绪
2026-07-30 16:26:30,594 - INFO - [SYSTEM] - [MODE:MATERIAL] - [STRATEGY:NONE] - [COOKIE:NO] - [16:26:30] Cookie health check:
2026-07-30 16:26:30,594 - INFO - [SYSTEM] - [MODE:MATERIAL] - [STRATEGY:NONE] - [COOKIE:NO] -   YouTube: healthy | score=95 | size=1.63 KB | Cookie valid until 2027-05-25 10:59
2026-07-30 16:26:30,594 - INFO - [SYSTEM] - [MODE:MATERIAL] - [STRATEGY:NONE] - [COOKIE:NO] -   Instagram: healthy | score=95 | size=854.00 B | Cookie valid until 2027-06-04 13:58
2026-07-30 16:26:30,594 - INFO - [SYSTEM] - [MODE:MATERIAL] - [STRATEGY:NONE] - [COOKIE:NO] -   TikTok: healthy | score=95 | size=4.51 KB | Cookie valid until 2027-07-10 14:33
2026-07-30 16:26:30,594 - INFO - [SYSTEM] - [MODE:MATERIAL] - [STRATEGY:NONE] - [COOKIE:NO] -   Twitter: healthy | score=95 | size=1.26 KB | Cookie valid until 2027-07-10 11:13
2026-07-30 16:26:32,763 - INFO - [SYSTEM] - [MODE:MATERIAL] - [STRATEGY:NONE] - [COOKIE:NO] - 账号验证成功（免费订阅，免费额度剩余 3 次）
2026-07-30 16:26:41,043 - INFO - [SYSTEM] - [MODE:MATERIAL] - [STRATEGY:NONE] - [COOKIE:NO] - 已加载上次提取的 2075 条记录 （已下载: 31, 失败: 0, 待下载: 2044）
2026-07-30 16:26:43,117 - INFO - [SYSTEM] - [MODE:MATERIAL] - [STRATEGY:NONE] - [COOKIE:NO] - 跳转到下一页: 2/208
2026-07-30 16:26:45,533 - INFO - [SYSTEM] - [MODE:MATERIAL] - [STRATEGY:NONE] - [COOKIE:NO] - 跳转到下一页: 3/208
2026-07-30 16:26:49,652 - INFO - [SYSTEM] - [MODE:MATERIAL] - [STRATEGY:NONE] - [COOKIE:NO] - 跳转到下一页: 4/208
2026-07-30 16:26:55,062 - INFO - [SYSTEM] - [MODE:MATERIAL] - [STRATEGY:NONE] - [COOKIE:NO] - 账号模式下载校验：主页提取批量下载，准备预占 3 个下载名额
2026-07-30 16:26:56,832 - INFO - [SYSTEM] - [MODE:MATERIAL] - [STRATEGY:NONE] - [COOKIE:NO] - 账号模式下载校验结果：status=task_limit_exceeded, msg=task_download_limit_exceeded
2026-07-30 16:27:55,160 - INFO - [SYSTEM] - [MODE:MATERIAL] - [STRATEGY:NONE] - [COOKIE:NO] - 正在重启软件...
2026-07-30 16:27:55,496 - INFO - [SYSTEM] - [MODE:MATERIAL] - [STRATEGY:NONE] - [COOKIE:NO] - 已恢复上次预览文件: C:/Users/Administrator/Desktop/VideoDown\Inside New York’s Legendary Grand Central Terminal 🗽 #newyorkcity #travel #usa-ZZn6LsJuwrg.mp4
2026-07-30 16:27:55,586 - INFO - [SYSTEM] - [MODE:MATERIAL] - [STRATEGY:NONE] - [COOKIE:NO] - 启动时检查工具和 Cookie 状态...
2026-07-30 16:27:55,586 - INFO - [SYSTEM] - [MODE:MATERIAL] - [STRATEGY:NONE] - [COOKIE:NO] - Deno.js解析引擎已启动就绪
2026-07-30 16:27:55,587 - INFO - [SYSTEM] - [MODE:MATERIAL] - [STRATEGY:NONE] - [COOKIE:NO] - 所有必要工具已就绪
2026-07-30 16:27:55,588 - INFO - [SYSTEM] - [MODE:MATERIAL] - [STRATEGY:NONE] - [COOKIE:NO] - [16:27:55] Cookie health check:
2026-07-30 16:27:55,588 - INFO - [SYSTEM] - [MODE:MATERIAL] - [STRATEGY:NONE] - [COOKIE:NO] -   YouTube: healthy | score=95 | size=1.63 KB | Cookie valid until 2027-05-25 10:59
2026-07-30 16:27:55,588 - INFO - [SYSTEM] - [MODE:MATERIAL] - [STRATEGY:NONE] - [COOKIE:NO] -   Instagram: healthy | score=95 | size=854.00 B | Cookie valid until 2027-06-04 13:58
2026-07-30 16:27:55,588 - INFO - [SYSTEM] - [MODE:MATERIAL] - [STRATEGY:NONE] - [COOKIE:NO] -   TikTok: healthy | score=95 | size=4.51 KB | Cookie valid until 2027-07-10 14:33
2026-07-30 16:27:55,588 - INFO - [SYSTEM] - [MODE:MATERIAL] - [STRATEGY:NONE] - [COOKIE:NO] -   Twitter: healthy | score=95 | size=1.26 KB | Cookie valid until 2027-07-10 11:13
2026-07-30 16:27:57,287 - INFO - [SYSTEM] - [MODE:MATERIAL] - [STRATEGY:NONE] - [COOKIE:NO] - 已加载上次提取的 2075 条记录 （已下载: 31, 失败: 0, 待下载: 2044）
2026-07-30 16:27:57,742 - INFO - [SYSTEM] - [MODE:MATERIAL] - [STRATEGY:NONE] - [COOKIE:NO] - 账号验证成功（免费订阅，免费额度剩余 3 次）
2026-07-30 16:27:58,790 - INFO - [SYSTEM] - [MODE:MATERIAL] - [STRATEGY:NONE] - [COOKIE:NO] - 跳转到下一页: 2/208
2026-07-30 16:27:59,253 - INFO - [SYSTEM] - [MODE:MATERIAL] - [STRATEGY:NONE] - [COOKIE:NO] - 跳转到下一页: 3/208
2026-07-30 16:28:02,140 - INFO - [SYSTEM] - [MODE:MATERIAL] - [STRATEGY:NONE] - [COOKIE:NO] - 跳转到下一页: 4/208
2026-07-30 16:28:08,181 - INFO - [SYSTEM] - [MODE:MATERIAL] - [STRATEGY:NONE] - [COOKIE:NO] - 账号模式下载校验：主页提取批量下载，准备预占 3 个下载名额
2026-07-30 16:28:10,001 - INFO - [SYSTEM] - [MODE:MATERIAL] - [STRATEGY:NONE] - [COOKIE:NO] - 账号模式下载校验结果：status=ok, msg=download_quota_reserved
2026-07-30 16:28:10,019 - INFO - [SYSTEM] - [MODE:MATERIAL] - [STRATEGY:NONE] - [COOKIE:NO] - 开始顺序批量下载，共 3 个任务，并同步保存视频封面
2026-07-30 16:28:10,040 - INFO - [SYSTEM] - [MODE:MATERIAL] - [STRATEGY:NONE] - [COOKIE:NO] - [16:28:10] 📥 开始下载: https://www.youtube.com/shorts/HS6q7DVCojY
2026-07-30 16:28:10,040 - INFO - [SYSTEM] - [MODE:MATERIAL] - [STRATEGY:NONE] - [COOKIE:NO] - [16:28:10] YouTube URL normalized (Shorts)
2026-07-30 16:28:10,040 - INFO - [SYSTEM] - [MODE:MATERIAL] - [STRATEGY:NONE] - [COOKIE:NO] - [16:28:10] 📋 平台: YouTube
2026-07-30 16:28:10,041 - INFO - [SYSTEM] - [MODE:MATERIAL] - [STRATEGY:NONE] - [COOKIE:NO] - [16:28:10] 📱 检测到 Shorts 视频
2026-07-30 16:28:10,041 - INFO - [SYSTEM] - [MODE:MATERIAL] - [STRATEGY:NONE] - [COOKIE:NO] - [16:28:10] 策略1：YouTube 无 Cookie 下载...
2026-07-30 16:28:10,041 - INFO - [SYSTEM] - [MODE:MATERIAL] - [STRATEGY:NONE] - [COOKIE:NO] - [16:28:10][策略1][YouTube] 开始执行 yt-dlp
2026-07-30 16:28:15,307 - INFO - [SYSTEM] - [MODE:MATERIAL] - [STRATEGY:NONE] - [COOKIE:NO] - [16:28:15][策略1][YouTube] 下载进度：0.0% | 0.0MiB/42.84MiB | 速度 Unknown | 剩余 Unknown
2026-07-30 16:28:15,917 - INFO - [SYSTEM] - [MODE:MATERIAL] - [STRATEGY:NONE] - [COOKIE:NO] - [16:28:15][策略1][YouTube] 下载进度：2.3% | 1.0MiB/42.84MiB | 速度 1.63MiB/s | 剩余 00:25
2026-07-30 16:28:17,366 - INFO - [SYSTEM] - [MODE:MATERIAL] - [STRATEGY:NONE] - [COOKIE:NO] - [16:28:17][策略1][YouTube] 下载进度：4.4% | 1.9MiB/42.84MiB | 速度 939.85KiB/s | 剩余 00:44
2026-07-30 16:28:19,338 - INFO - [SYSTEM] - [MODE:MATERIAL] - [STRATEGY:NONE] - [COOKIE:NO] - [16:28:19][策略1][YouTube] 下载进度：7.3% | 3.1MiB/42.84MiB | 速度 793.41KiB/s | 剩余 00:51
2026-07-30 16:28:21,366 - INFO - [SYSTEM] - [MODE:MATERIAL] - [STRATEGY:NONE] - [COOKIE:NO] - [16:28:21][策略1][YouTube] 下载进度：10.2% | 4.4MiB/42.84MiB | 速度 739.77KiB/s | 剩余 00:53
2026-07-30 16:28:23,382 - INFO - [SYSTEM] - [MODE:MATERIAL] - [STRATEGY:NONE] - [COOKIE:NO] - [16:28:23][策略1][YouTube] 下载进度：13.1% | 5.6MiB/42.84MiB | 速度 713.37KiB/s | 剩余 00:53
2026-07-30 16:28:25,369 - INFO - [SYSTEM] - [MODE:MATERIAL] - [STRATEGY:NONE] - [COOKIE:NO] - [16:28:25][策略1][YouTube] 下载进度：16.0% | 6.9MiB/42.84MiB | 速度 698.82KiB/s | 剩余 00:52
2026-07-30 16:28:27,366 - INFO - [SYSTEM] - [MODE:MATERIAL] - [STRATEGY:NONE] - [COOKIE:NO] - [16:28:27][策略1][YouTube] 下载进度：19.0% | 8.1MiB/42.84MiB | 速度 689.40KiB/s | 剩余 00:51
2026-07-30 16:28:29,344 - INFO - [SYSTEM] - [MODE:MATERIAL] - [STRATEGY:NONE] - [COOKIE:NO] - [16:28:29][策略1][YouTube] 下载进度：21.8% | 9.3MiB/42.84MiB | 速度 682.59KiB/s | 剩余 00:50
2026-07-30 16:28:30,922 - INFO - [SYSTEM] - [MODE:MATERIAL] - [STRATEGY:NONE] - [COOKIE:NO] - [16:28:30][策略1][YouTube] 下载进度：24.1% | 10.3MiB/42.84MiB | 速度 774.89KiB/s | 剩余 00:42
2026-07-30 16:28:32,722 - INFO - [SYSTEM] - [MODE:MATERIAL] - [STRATEGY:NONE] - [COOKIE:NO] - [16:28:32][策略1][YouTube] 下载进度：26.8% | 11.5MiB/42.84MiB | 速度 675.97KiB/s | 剩余 00:47
2026-07-30 16:28:34,746 - INFO - [SYSTEM] - [MODE:MATERIAL] - [STRATEGY:NONE] - [COOKIE:NO] - [16:28:34][策略1][YouTube] 下载进度：29.7% | 12.7MiB/42.84MiB | 速度 655.79KiB/s | 剩余 00:47
2026-07-30 16:28:36,721 - INFO - [SYSTEM] - [MODE:MATERIAL] - [STRATEGY:NONE] - [COOKIE:NO] - [16:28:36][策略1][YouTube] 下载进度：32.6% | 14.0MiB/42.84MiB | 速度 651.20KiB/s | 剩余 00:45
2026-07-30 16:28:38,721 - INFO - [SYSTEM] - [MODE:MATERIAL] - [STRATEGY:NONE] - [COOKIE:NO] - [16:28:38][策略1][YouTube] 下载进度：35.5% | 15.2MiB/42.84MiB | 速度 648.47KiB/s | 剩余 00:43
2026-07-30 16:28:40,723 - INFO - [SYSTEM] - [MODE:MATERIAL] - [STRATEGY:NONE] - [COOKIE:NO] - [16:28:40][策略1][YouTube] 下载进度：38.4% | 16.5MiB/42.84MiB | 速度 646.87KiB/s | 剩余 00:41
2026-07-30 16:28:42,721 - INFO - [SYSTEM] - [MODE:MATERIAL] - [STRATEGY:NONE] - [COOKIE:NO] - [16:28:42][策略1][YouTube] 下载进度：41.3% | 17.7MiB/42.84MiB | 速度 645.90KiB/s | 剩余 00:39
2026-07-30 16:28:44,721 - INFO - [SYSTEM] - [MODE:MATERIAL] - [STRATEGY:NONE] - [COOKIE:NO] - [16:28:44][策略1][YouTube] 下载进度：44.2% | 18.9MiB/42.84MiB | 速度 645.21KiB/s | 剩余 00:37
2026-07-30 16:28:46,202 - INFO - [SYSTEM] - [MODE:MATERIAL] - [STRATEGY:NONE] - [COOKIE:NO] - [16:28:46][策略1][YouTube] 下载进度：46.4% | 19.9MiB/42.84MiB | 速度 866.36KiB/s | 剩余 00:27
2026-07-30 16:28:48,003 - INFO - [SYSTEM] - [MODE:MATERIAL] - [STRATEGY:NONE] - [COOKIE:NO] - [16:28:48][策略1][YouTube] 下载进度：49.0% | 21.0MiB/42.84MiB | 速度 695.86KiB/s | 剩余 00:32
2026-07-30 16:28:50,001 - INFO - [SYSTEM] - [MODE:MATERIAL] - [STRATEGY:NONE] - [COOKIE:NO] - [16:28:50][策略1][YouTube] 下载进度：51.9% | 22.2MiB/42.84MiB | 速度 667.30KiB/s | 剩余 00:31
2026-07-30 16:28:52,438 - INFO - [SYSTEM] - [MODE:MATERIAL] - [STRATEGY:NONE] - [COOKIE:NO] - [16:28:52][策略1][YouTube] 下载进度：54.8% | 23.5MiB/42.84MiB | 速度 616.26KiB/s | 剩余 00:32
2026-07-30 16:28:54,392 - INFO - [SYSTEM] - [MODE:MATERIAL] - [STRATEGY:NONE] - [COOKIE:NO] - [16:28:54][策略1][YouTube] 下载进度：57.0% | 24.4MiB/42.84MiB | 速度 587.46KiB/s | 剩余 00:32
2026-07-30 16:28:56,183 - INFO - [SYSTEM] - [MODE:MATERIAL] - [STRATEGY:NONE] - [COOKIE:NO] - [16:28:56][策略1][YouTube] 下载进度：59.5% | 25.5MiB/42.84MiB | 速度 594.08KiB/s | 剩余 00:29
2026-07-30 16:28:58,145 - INFO - [SYSTEM] - [MODE:MATERIAL] - [STRATEGY:NONE] - [COOKIE:NO] - [16:28:58][策略1][YouTube] 下载进度：62.4% | 26.7MiB/42.84MiB | 速度 603.01KiB/s | 剩余 00:27
2026-07-30 16:29:00,145 - INFO - [SYSTEM] - [MODE:MATERIAL] - [STRATEGY:NONE] - [COOKIE:NO] - [16:29:00][策略1][YouTube] 下载进度：65.4% | 28.0MiB/42.84MiB | 速度 608.72KiB/s | 剩余 00:24
2026-07-30 16:29:02,145 - INFO - [SYSTEM] - [MODE:MATERIAL] - [STRATEGY:NONE] - [COOKIE:NO] - [16:29:02][策略1][YouTube] 下载进度：68.3% | 29.3MiB/42.84MiB | 速度 612.18KiB/s | 剩余 00:22
2026-07-30 16:29:03,780 - INFO - [SYSTEM] - [MODE:MATERIAL] - [STRATEGY:NONE] - [COOKIE:NO] - [16:29:03][策略1][YouTube] 下载进度：70.7% | 30.3MiB/42.84MiB | 速度 694.70KiB/s | 剩余 00:18
2026-07-30 16:29:05,783 - INFO - [SYSTEM] - [MODE:MATERIAL] - [STRATEGY:NONE] - [COOKIE:NO] - [16:29:05][策略1][YouTube] 下载进度：73.6% | 31.5MiB/42.84MiB | 速度 661.05KiB/s | 剩余 00:17
2026-07-30 16:29:07,777 - INFO - [SYSTEM] - [MODE:MATERIAL] - [STRATEGY:NONE] - [COOKIE:NO] - [16:29:07][策略1][YouTube] 下载进度：76.5% | 32.8MiB/42.84MiB | 速度 652.99KiB/s | 剩余 00:15
2026-07-30 16:29:09,829 - INFO - [SYSTEM] - [MODE:MATERIAL] - [STRATEGY:NONE] - [COOKIE:NO] - [16:29:09][策略1][YouTube] 下载进度：79.3% | 34.0MiB/42.84MiB | 速度 636.68KiB/s | 剩余 00:14
2026-07-30 16:29:11,779 - INFO - [SYSTEM] - [MODE:MATERIAL] - [STRATEGY:NONE] - [COOKIE:NO] - [16:29:11][策略1][YouTube] 下载进度：82.1% | 35.2MiB/42.84MiB | 速度 638.40KiB/s | 剩余 00:12
2026-07-30 16:29:13,806 - INFO - [SYSTEM] - [MODE:MATERIAL] - [STRATEGY:NONE] - [COOKIE:NO] - [16:29:13][策略1][YouTube] 下载进度：85.0% | 36.4MiB/42.84MiB | 速度 636.73KiB/s | 剩余 00:10
2026-07-30 16:29:15,781 - INFO - [SYSTEM] - [MODE:MATERIAL] - [STRATEGY:NONE] - [COOKIE:NO] - [16:29:15][策略1][YouTube] 下载进度：87.9% | 37.7MiB/42.84MiB | 速度 637.97KiB/s | 剩余 00:08
2026-07-30 16:29:17,726 - INFO - [SYSTEM] - [MODE:MATERIAL] - [STRATEGY:NONE] - [COOKIE:NO] - [16:29:17][策略1][YouTube] 下载进度：90.8% | 38.9MiB/42.84MiB | 速度 638.42KiB/s | 剩余 00:06
2026-07-30 16:29:19,396 - INFO - [SYSTEM] - [MODE:MATERIAL] - [STRATEGY:NONE] - [COOKIE:NO] - [16:29:19][策略1][YouTube] 下载进度：93.1% | 39.9MiB/42.84MiB | 速度 674.77KiB/s | 剩余 00:04
2026-07-30 16:29:21,396 - INFO - [SYSTEM] - [MODE:MATERIAL] - [STRATEGY:NONE] - [COOKIE:NO] - [16:29:21][策略1][YouTube] 下载进度：96.0% | 41.1MiB/42.84MiB | 速度 653.85KiB/s | 剩余 00:02
2026-07-30 16:29:23,400 - INFO - [SYSTEM] - [MODE:MATERIAL] - [STRATEGY:NONE] - [COOKIE:NO] - [16:29:23][策略1][YouTube] 下载进度：98.9% | 42.4MiB/42.84MiB | 速度 647.66KiB/s | 剩余 00:00
2026-07-30 16:29:24,107 - INFO - [SYSTEM] - [MODE:MATERIAL] - [STRATEGY:NONE] - [COOKIE:NO] - [16:29:24][策略1][YouTube] 下载进度：100.0% | 42.8MiB/42.84MiB | 速度 649.86KiB/s | 剩余 00:00
2026-07-30 16:29:25,405 - INFO - [SYSTEM] - [MODE:MATERIAL] - [STRATEGY:NONE] - [COOKIE:NO] - [16:29:25][策略1][YouTube] Selected format: format_id=701+140, res=2160x3840, fps=60, tbr=31111.563, ext=mp4
2026-07-30 16:29:25,406 - INFO - [SYSTEM] - [MODE:MATERIAL] - [STRATEGY:NONE] - [COOKIE:NO] - [16:29:25][策略1][YouTube] 下载成功，耗时 75.4s
2026-07-30 16:29:25,406 - INFO - [SYSTEM] - [MODE:MATERIAL] - [STRATEGY:NONE] - [COOKIE:NO] - [16:28:10] 下载成功 | YouTube | 画质：2160P | 未走 Cookie
2026-07-30 16:29:27,218 - INFO - [SYSTEM] - [MODE:MATERIAL] - [STRATEGY:NONE] - [COOKIE:NO] - 下载额度结算：成功并扣除次数
2026-07-30 16:29:27,219 - INFO - [SYSTEM] - [MODE:MATERIAL] - [STRATEGY:NONE] - [COOKIE:NO] - [16:29:25] 下载完成: https://www.youtube.com/shorts/HS6q7DVCojY
2026-07-30 16:29:27,407 - INFO - [SYSTEM] - [MODE:MATERIAL] - [STRATEGY:NONE] - [COOKIE:NO] - [16:29:27] 📥 开始下载: https://www.youtube.com/shorts/H68XUBxGohs
2026-07-30 16:29:27,407 - INFO - [SYSTEM] - [MODE:MATERIAL] - [STRATEGY:NONE] - [COOKIE:NO] - [16:29:27] YouTube URL normalized (Shorts)
2026-07-30 16:29:27,407 - INFO - [SYSTEM] - [MODE:MATERIAL] - [STRATEGY:NONE] - [COOKIE:NO] - [16:29:27] 📋 平台: YouTube
2026-07-30 16:29:27,407 - INFO - [SYSTEM] - [MODE:MATERIAL] - [STRATEGY:NONE] - [COOKIE:NO] - [16:29:27] 📱 检测到 Shorts 视频
2026-07-30 16:29:27,407 - INFO - [SYSTEM] - [MODE:MATERIAL] - [STRATEGY:NONE] - [COOKIE:NO] - [16:29:27] 策略1：YouTube 无 Cookie 下载...
2026-07-30 16:29:27,408 - INFO - [SYSTEM] - [MODE:MATERIAL] - [STRATEGY:NONE] - [COOKIE:NO] - [16:29:27][策略1][YouTube] 开始执行 yt-dlp
2026-07-30 16:29:32,343 - INFO - [SYSTEM] - [MODE:MATERIAL] - [STRATEGY:NONE] - [COOKIE:NO] - [16:29:32][策略1][YouTube] 下载进度：0.0% | 0.0MiB/52.31MiB | 速度 Unknown | 剩余 Unknown
2026-07-30 16:29:34,411 - INFO - [SYSTEM] - [MODE:MATERIAL] - [STRATEGY:NONE] - [COOKIE:NO] - [16:29:34][策略1][YouTube] 下载进度：3.6% | 1.9MiB/52.31MiB | 速度 940.59KiB/s | 剩余 00:54
2026-07-30 16:29:36,387 - INFO - [SYSTEM] - [MODE:MATERIAL] - [STRATEGY:NONE] - [COOKIE:NO] - [16:29:36][策略1][YouTube] 下载进度：6.0% | 3.1MiB/52.31MiB | 速度 794.81KiB/s | 剩余 01:03
2026-07-30 16:29:38,410 - INFO - [SYSTEM] - [MODE:MATERIAL] - [STRATEGY:NONE] - [COOKIE:NO] - [16:29:38][策略1][YouTube] 下载进度：8.4% | 4.4MiB/52.31MiB | 速度 741.93KiB/s | 剩余 01:06
2026-07-30 16:29:40,385 - INFO - [SYSTEM] - [MODE:MATERIAL] - [STRATEGY:NONE] - [COOKIE:NO] - [16:29:40][策略1][YouTube] 下载进度：10.8% | 5.6MiB/52.31MiB | 速度 717.95KiB/s | 剩余 01:06
2026-07-30 16:29:42,325 - INFO - [SYSTEM] - [MODE:MATERIAL] - [STRATEGY:NONE] - [COOKIE:NO] - 已打开下载文件夹: C:/Users/Administrator/Desktop/VideoDown
2026-07-30 16:29:42,411 - INFO - [SYSTEM] - [MODE:MATERIAL] - [STRATEGY:NONE] - [COOKIE:NO] - [16:29:42][策略1][YouTube] 下载进度：13.2% | 6.9MiB/52.31MiB | 速度 701.59KiB/s | 剩余 01:06
2026-07-30 16:29:44,403 - INFO - [SYSTEM] - [MODE:MATERIAL] - [STRATEGY:NONE] - [COOKIE:NO] - [16:29:44][策略1][YouTube] 下载进度：15.5% | 8.1MiB/52.31MiB | 速度 690.34KiB/s | 剩余 01:05
2026-07-30 16:29:46,404 - INFO - [SYSTEM] - [MODE:MATERIAL] - [STRATEGY:NONE] - [COOKIE:NO] - [16:29:46][策略1][YouTube] 下载进度：17.9% | 9.4MiB/52.31MiB | 速度 682.13KiB/s | 剩余 01:04
2026-07-30 16:29:48,648 - INFO - [SYSTEM] - [MODE:MATERIAL] - [STRATEGY:NONE] - [COOKIE:NO] - [16:29:48][策略1][YouTube] 下载进度：20.6% | 10.8MiB/52.31MiB | 速度 693.47KiB/s | 剩余 01:01
2026-07-30 16:29:50,651 - INFO - [SYSTEM] - [MODE:MATERIAL] - [STRATEGY:NONE] - [COOKIE:NO] - [16:29:50][策略1][YouTube] 下载进度：23.0% | 12.0MiB/52.31MiB | 速度 662.19KiB/s | 剩余 01:02
2026-07-30 16:29:52,650 - INFO - [SYSTEM] - [MODE:MATERIAL] - [STRATEGY:NONE] - [COOKIE:NO] - [16:29:52][策略1][YouTube] 下载进度：25.4% | 13.3MiB/52.31MiB | 速度 653.94KiB/s | 剩余 01:01
2026-07-30 16:29:54,672 - INFO - [SYSTEM] - [MODE:MATERIAL] - [STRATEGY:NONE] - [COOKIE:NO] - [16:29:54][策略1][YouTube] 下载进度：27.7% | 14.5MiB/52.31MiB | 速度 648.12KiB/s | 剩余 00:59
2026-07-30 16:29:56,649 - INFO - [SYSTEM] - [MODE:MATERIAL] - [STRATEGY:NONE] - [COOKIE:NO] - [16:29:56][策略1][YouTube] 下载进度：30.1% | 15.7MiB/52.31MiB | 速度 646.34KiB/s | 剩余 00:57
2026-07-30 16:29:58,549 - INFO - [SYSTEM] - [MODE:MATERIAL] - [STRATEGY:NONE] - [COOKIE:NO] - [16:29:58][策略1][YouTube] 下载进度：32.3% | 16.9MiB/52.31MiB | 速度 643.06KiB/s | 剩余 00:56
2026-07-30 16:30:00,729 - INFO - [SYSTEM] - [MODE:MATERIAL] - [STRATEGY:NONE] - [COOKIE:NO] - [16:30:00][策略1][YouTube] 下载进度：34.9% | 18.3MiB/52.31MiB | 速度 642.52KiB/s | 剩余 00:54
2026-07-30 16:30:02,832 - INFO - [SYSTEM] - [MODE:MATERIAL] - [STRATEGY:NONE] - [COOKIE:NO] - [16:30:02][策略1][YouTube] 下载进度：36.9% | 19.3MiB/52.31MiB | 速度 625.06KiB/s | 剩余 00:54
2026-07-30 16:30:04,609 - INFO - [SYSTEM] - [MODE:MATERIAL] - [STRATEGY:NONE] - [COOKIE:NO] - [16:30:04][策略1][YouTube] 下载进度：39.1% | 20.5MiB/52.31MiB | 速度 695.40KiB/s | 剩余 00:46
2026-07-30 16:30:06,584 - INFO - [SYSTEM] - [MODE:MATERIAL] - [STRATEGY:NONE] - [COOKIE:NO] - [16:30:06][策略1][YouTube] 下载进度：41.4% | 21.7MiB/52.31MiB | 速度 665.78KiB/s | 剩余 00:47
2026-07-30 16:30:08,608 - INFO - [SYSTEM] - [MODE:MATERIAL] - [STRATEGY:NONE] - [COOKIE:NO] - [16:30:08][策略1][YouTube] 下载进度：43.8% | 22.9MiB/52.31MiB | 速度 654.81KiB/s | 剩余 00:45
2026-07-30 16:30:10,608 - INFO - [SYSTEM] - [MODE:MATERIAL] - [STRATEGY:NONE] - [COOKIE:NO] - [16:30:10][策略1][YouTube] 下载进度：46.2% | 24.2MiB/52.31MiB | 速度 649.99KiB/s | 剩余 00:44
2026-07-30 16:30:12,609 - INFO - [SYSTEM] - [MODE:MATERIAL] - [STRATEGY:NONE] - [COOKIE:NO] - [16:30:12][策略1][YouTube] 下载进度：48.6% | 25.4MiB/52.31MiB | 速度 647.14KiB/s | 剩余 00:42
2026-07-30 16:30:13,458 - INFO - [SYSTEM] - [MODE:MATERIAL] - [STRATEGY:NONE] - [COOKIE:NO] - 已打开下载文件夹: C:/Users/Administrator/Desktop/VideoDown
2026-07-30 16:30:14,618 - INFO - [SYSTEM] - [MODE:MATERIAL] - [STRATEGY:NONE] - [COOKIE:NO] - [16:30:14][策略1][YouTube] 下载进度：51.0% | 26.7MiB/52.31MiB | 速度 644.35KiB/s | 剩余 00:40
2026-07-30 16:30:16,599 - INFO - [SYSTEM] - [MODE:MATERIAL] - [STRATEGY:NONE] - [COOKIE:NO] - [16:30:16][策略1][YouTube] 下载进度：53.3% | 27.9MiB/52.31MiB | 速度 643.19KiB/s | 剩余 00:38
2026-07-30 16:30:18,428 - INFO - [SYSTEM] - [MODE:MATERIAL] - [STRATEGY:NONE] - [COOKIE:NO] - [16:30:18][策略1][YouTube] 下载进度：55.5% | 29.0MiB/52.31MiB | 速度 643.93KiB/s | 剩余 00:36
2026-07-30 16:30:20,037 - INFO - [SYSTEM] - [MODE:MATERIAL] - [STRATEGY:NONE] - [COOKIE:NO] - [16:30:20][策略1][YouTube] 下载进度：57.4% | 30.0MiB/52.31MiB | 速度 705.33KiB/s | 剩余 00:32
2026-07-30 16:30:22,062 - INFO - [SYSTEM] - [MODE:MATERIAL] - [STRATEGY:NONE] - [COOKIE:NO] - [16:30:22][策略1][YouTube] 下载进度：59.8% | 31.3MiB/52.31MiB | 速度 662.48KiB/s | 剩余 00:32
2026-07-30 16:30:24,037 - INFO - [SYSTEM] - [MODE:MATERIAL] - [STRATEGY:NONE] - [COOKIE:NO] - [16:30:24][策略1][YouTube] 下载进度：62.2% | 32.5MiB/52.31MiB | 速度 654.66KiB/s | 剩余 00:30
2026-07-30 16:30:26,062 - INFO - [SYSTEM] - [MODE:MATERIAL] - [STRATEGY:NONE] - [COOKIE:NO] - [16:30:26][策略1][YouTube] 下载进度：64.6% | 33.8MiB/52.31MiB | 速度 648.80KiB/s | 剩余 00:29
2026-07-30 16:30:28,036 - INFO - [SYSTEM] - [MODE:MATERIAL] - [STRATEGY:NONE] - [COOKIE:NO] - [16:30:28][策略1][YouTube] 下载进度：66.9% | 35.0MiB/52.31MiB | 速度 647.30KiB/s | 剩余 00:27
2026-07-30 16:30:30,025 - INFO - [SYSTEM] - [MODE:MATERIAL] - [STRATEGY:NONE] - [COOKIE:NO] - [16:30:30][策略1][YouTube] 下载进度：69.3% | 36.3MiB/52.31MiB | 速度 646.12KiB/s | 剩余 00:25
2026-07-30 16:30:32,036 - INFO - [SYSTEM] - [MODE:MATERIAL] - [STRATEGY:NONE] - [COOKIE:NO] - [16:30:32][策略1][YouTube] 下载进度：71.7% | 37.5MiB/52.31MiB | 速度 644.43KiB/s | 剩余 00:23
2026-07-30 16:30:34,037 - INFO - [SYSTEM] - [MODE:MATERIAL] - [STRATEGY:NONE] - [COOKIE:NO] - [16:30:34][策略1][YouTube] 下载进度：74.1% | 38.8MiB/52.31MiB | 速度 644.03KiB/s | 剩余 00:21
2026-07-30 16:30:35,779 - INFO - [SYSTEM] - [MODE:MATERIAL] - [STRATEGY:NONE] - [COOKIE:NO] - [16:30:35][策略1][YouTube] 下载进度：76.2% | 39.9MiB/52.31MiB | 速度 697.85KiB/s | 剩余 00:18
2026-07-30 16:30:37,777 - INFO - [SYSTEM] - [MODE:MATERIAL] - [STRATEGY:NONE] - [COOKIE:NO] - [16:30:37][策略1][YouTube] 下载进度：78.5% | 41.1MiB/52.31MiB | 速度 663.72KiB/s | 剩余 00:17
2026-07-30 16:30:39,778 - INFO - [SYSTEM] - [MODE:MATERIAL] - [STRATEGY:NONE] - [COOKIE:NO] - [16:30:39][策略1][YouTube] 下载进度：80.9% | 42.3MiB/52.31MiB | 速度 654.24KiB/s | 剩余 00:15
2026-07-30 16:30:41,776 - INFO - [SYSTEM] - [MODE:MATERIAL] - [STRATEGY:NONE] - [COOKIE:NO] - [16:30:41][策略1][YouTube] 下载进度：83.3% | 43.6MiB/52.31MiB | 速度 650.42KiB/s | 剩余 00:13
2026-07-30 16:30:43,780 - INFO - [SYSTEM] - [MODE:MATERIAL] - [STRATEGY:NONE] - [COOKIE:NO] - [16:30:43][策略1][YouTube] 下载进度：85.7% | 44.8MiB/52.31MiB | 速度 647.96KiB/s | 剩余 00:11
2026-07-30 16:30:45,601 - INFO - [SYSTEM] - [MODE:MATERIAL] - [STRATEGY:NONE] - [COOKIE:NO] - [16:30:45][策略1][YouTube] 下载进度：87.9% | 46.0MiB/52.31MiB | 速度 647.81KiB/s | 剩余 00:09
2026-07-30 16:30:47,932 - INFO - [SYSTEM] - [MODE:MATERIAL] - [STRATEGY:NONE] - [COOKIE:NO] - [16:30:47][策略1][YouTube] 下载进度：90.7% | 47.4MiB/52.31MiB | 速度 645.46KiB/s | 剩余 00:07
2026-07-30 16:30:49,831 - INFO - [SYSTEM] - [MODE:MATERIAL] - [STRATEGY:NONE] - [COOKIE:NO] - [16:30:49][策略1][YouTube] 下载进度：93.0% | 48.6MiB/52.31MiB | 速度 645.33KiB/s | 剩余 00:05
2026-07-30 16:30:51,446 - INFO - [SYSTEM] - [MODE:MATERIAL] - [STRATEGY:NONE] - [COOKIE:NO] - [16:30:51][策略1][YouTube] 下载进度：94.9% | 49.6MiB/52.31MiB | 速度 703.45KiB/s | 剩余 00:03
2026-07-30 16:30:53,469 - INFO - [SYSTEM] - [MODE:MATERIAL] - [STRATEGY:NONE] - [COOKIE:NO] - [16:30:53][策略1][YouTube] 下载进度：97.3% | 50.9MiB/52.31MiB | 速度 662.31KiB/s | 剩余 00:02
2026-07-30 16:30:55,443 - INFO - [SYSTEM] - [MODE:MATERIAL] - [STRATEGY:NONE] - [COOKIE:NO] - [16:30:55][策略1][YouTube] 下载进度：99.6% | 52.1MiB/52.31MiB | 速度 654.87KiB/s | 剩余 00:00
2026-07-30 16:30:55,767 - INFO - [SYSTEM] - [MODE:MATERIAL] - [STRATEGY:NONE] - [COOKIE:NO] - [16:30:55][策略1][YouTube] 下载进度：100.0% | 52.3MiB/52.31MiB | 速度 653.72KiB/s | 剩余 00:00
2026-07-30 16:30:57,195 - INFO - [SYSTEM] - [MODE:MATERIAL] - [STRATEGY:NONE] - [COOKIE:NO] - [16:30:57][策略1][YouTube] Selected format: format_id=701+140, res=2160x3840, fps=60, tbr=30851.573, ext=mp4
2026-07-30 16:30:57,195 - INFO - [SYSTEM] - [MODE:MATERIAL] - [STRATEGY:NONE] - [COOKIE:NO] - [16:30:57][策略1][YouTube] 下载成功，耗时 89.8s
2026-07-30 16:30:57,196 - INFO - [SYSTEM] - [MODE:MATERIAL] - [STRATEGY:NONE] - [COOKIE:NO] - [16:29:27] 下载成功 | YouTube | 画质：2160P | 未走 Cookie
2026-07-30 16:30:58,986 - INFO - [SYSTEM] - [MODE:MATERIAL] - [STRATEGY:NONE] - [COOKIE:NO] - 下载额度结算：成功并扣除次数
2026-07-30 16:30:58,987 - INFO - [SYSTEM] - [MODE:MATERIAL] - [STRATEGY:NONE] - [COOKIE:NO] - [16:30:57] 下载完成: https://www.youtube.com/shorts/H68XUBxGohs
2026-07-30 16:30:59,180 - INFO - [SYSTEM] - [MODE:MATERIAL] - [STRATEGY:NONE] - [COOKIE:NO] - [16:30:59] 📥 开始下载: https://www.youtube.com/shorts/5LDaPnW0qNs
2026-07-30 16:30:59,181 - INFO - [SYSTEM] - [MODE:MATERIAL] - [STRATEGY:NONE] - [COOKIE:NO] - [16:30:59] YouTube URL normalized (Shorts)
2026-07-30 16:30:59,181 - INFO - [SYSTEM] - [MODE:MATERIAL] - [STRATEGY:NONE] - [COOKIE:NO] - [16:30:59] 📋 平台: YouTube
2026-07-30 16:30:59,181 - INFO - [SYSTEM] - [MODE:MATERIAL] - [STRATEGY:NONE] - [COOKIE:NO] - [16:30:59] 📱 检测到 Shorts 视频
2026-07-30 16:30:59,181 - INFO - [SYSTEM] - [MODE:MATERIAL] - [STRATEGY:NONE] - [COOKIE:NO] - [16:30:59] 策略1：YouTube 无 Cookie 下载...
2026-07-30 16:30:59,182 - INFO - [SYSTEM] - [MODE:MATERIAL] - [STRATEGY:NONE] - [COOKIE:NO] - [16:30:59][策略1][YouTube] 开始执行 yt-dlp
2026-07-30 16:31:05,773 - INFO - [SYSTEM] - [MODE:MATERIAL] - [STRATEGY:NONE] - [COOKIE:NO] - [16:31:05][策略1][YouTube] 下载进度：0.0% | 0.0MiB/7.71MiB | 速度 Unknown | 剩余 Unknown
2026-07-30 16:31:05,797 - INFO - [SYSTEM] - [MODE:MATERIAL] - [STRATEGY:NONE] - [COOKIE:NO] - [16:31:05][策略1][YouTube] 下载进度：3.2% | 0.2MiB/7.71MiB | 速度 10.15MiB/s | 剩余 00:00
2026-07-30 16:31:05,826 - INFO - [SYSTEM] - [MODE:MATERIAL] - [STRATEGY:NONE] - [COOKIE:NO] - [16:31:05][策略1][YouTube] 下载进度：6.5% | 0.5MiB/7.71MiB | 速度 9.39MiB/s | 剩余 00:00
2026-07-30 16:31:06,386 - INFO - [SYSTEM] - [MODE:MATERIAL] - [STRATEGY:NONE] - [COOKIE:NO] - [16:31:06][策略1][YouTube] 下载进度：13.0% | 1.0MiB/7.71MiB | 速度 1.63MiB/s | 剩余 00:04
2026-07-30 16:31:07,837 - INFO - [SYSTEM] - [MODE:MATERIAL] - [STRATEGY:NONE] - [COOKIE:NO] - [16:31:07][策略1][YouTube] 下载进度：24.5% | 1.9MiB/7.71MiB | 速度 938.21KiB/s | 剩余 00:06
2026-07-30 16:31:08,811 - INFO - [SYSTEM] - [MODE:MATERIAL] - [STRATEGY:NONE] - [COOKIE:NO] - [16:31:08][策略1][YouTube] 下载进度：32.5% | 2.5MiB/7.71MiB | 速度 844.94KiB/s | 剩余 00:06
2026-07-30 16:31:09,812 - INFO - [SYSTEM] - [MODE:MATERIAL] - [STRATEGY:NONE] - [COOKIE:NO] - [16:31:09][策略1][YouTube] 下载进度：40.7% | 3.1MiB/7.71MiB | 速度 795.69KiB/s | 剩余 00:05
2026-07-30 16:31:10,836 - INFO - [SYSTEM] - [MODE:MATERIAL] - [STRATEGY:NONE] - [COOKIE:NO] - [16:31:10][策略1][YouTube] 下载进度：48.9% | 3.8MiB/7.71MiB | 速度 762.44KiB/s | 剩余 00:05
2026-07-30 16:31:11,812 - INFO - [SYSTEM] - [MODE:MATERIAL] - [STRATEGY:NONE] - [COOKIE:NO] - [16:31:11][策略1][YouTube] 下载进度：56.9% | 4.4MiB/7.71MiB | 速度 743.70KiB/s | 剩余 00:04
2026-07-30 16:31:12,837 - INFO - [SYSTEM] - [MODE:MATERIAL] - [STRATEGY:NONE] - [COOKIE:NO] - [16:31:12][策略1][YouTube] 下载进度：65.1% | 5.0MiB/7.71MiB | 速度 727.31KiB/s | 剩余 00:03
2026-07-30 16:31:13,836 - INFO - [SYSTEM] - [MODE:MATERIAL] - [STRATEGY:NONE] - [COOKIE:NO] - [16:31:13][策略1][YouTube] 下载进度：73.0% | 5.6MiB/7.71MiB | 速度 715.41KiB/s | 剩余 00:02
2026-07-30 16:31:15,137 - INFO - [SYSTEM] - [MODE:MATERIAL] - [STRATEGY:NONE] - [COOKIE:NO] - [16:31:15][策略1][YouTube] 下载进度：81.0% | 6.2MiB/7.71MiB | 速度 683.49KiB/s | 剩余 00:02
2026-07-30 16:31:15,590 - INFO - [SYSTEM] - [MODE:MATERIAL] - [STRATEGY:NONE] - [COOKIE:NO] - [16:31:15][策略1][YouTube] 下载进度：87.2% | 6.7MiB/7.71MiB | 速度 701.37KiB/s | 剩余 00:01
2026-07-30 16:31:17,116 - INFO - [SYSTEM] - [MODE:MATERIAL] - [STRATEGY:NONE] - [COOKIE:NO] - [16:31:17][策略1][YouTube] 下载进度：99.5% | 7.7MiB/7.71MiB | 速度 692.64KiB/s | 剩余 00:00
2026-07-30 16:31:17,136 - INFO - [SYSTEM] - [MODE:MATERIAL] - [STRATEGY:NONE] - [COOKIE:NO] - [16:31:17][策略1][YouTube] 下载进度：100.0% | 7.7MiB/7.71MiB | 速度 695.02KiB/s | 剩余 00:00
2026-07-30 16:31:18,234 - INFO - [SYSTEM] - [MODE:MATERIAL] - [STRATEGY:NONE] - [COOKIE:NO] - [16:31:18][策略1][YouTube] Selected format: format_id=299+140, res=1080x1920, fps=60, tbr=5145.574, ext=mp4
2026-07-30 16:31:18,234 - INFO - [SYSTEM] - [MODE:MATERIAL] - [STRATEGY:NONE] - [COOKIE:NO] - [16:31:18][策略1][YouTube] 下载成功，耗时 19.1s
2026-07-30 16:31:18,235 - INFO - [SYSTEM] - [MODE:MATERIAL] - [STRATEGY:NONE] - [COOKIE:NO] - [16:30:59] 下载成功 | YouTube | 画质：1080P | 未走 Cookie
2026-07-30 16:31:20,031 - INFO - [SYSTEM] - [MODE:MATERIAL] - [STRATEGY:NONE] - [COOKIE:NO] - 下载额度结算：成功并扣除次数
2026-07-30 16:31:20,032 - INFO - [SYSTEM] - [MODE:MATERIAL] - [STRATEGY:NONE] - [COOKIE:NO] - [16:31:18] 下载完成: https://www.youtube.com/shorts/5LDaPnW0qNs
2026-07-30 16:31:20,248 - INFO - [SYSTEM] - [MODE:MATERIAL] - [STRATEGY:NONE] - [COOKIE:NO] - 顺序批量下载结束，共处理 3 个任务
2026-07-30 17:08:58,607 - INFO - [SYSTEM] - [MODE:MATERIAL] - [STRATEGY:NONE] - [COOKIE:NO] - 正在重启软件...
2026-07-30 17:08:58,976 - INFO - [SYSTEM] - [MODE:MATERIAL] - [STRATEGY:NONE] - [COOKIE:NO] - 已恢复上次预览文件: C:/Users/Administrator/Desktop/VideoDown\Inside the Magic of Grand Central Terminal ✨ NYC’s Most Iconic Station #newyorkcity #travel #usa-5LDaPnW0qNs.mp4
2026-07-30 17:08:59,067 - INFO - [SYSTEM] - [MODE:MATERIAL] - [STRATEGY:NONE] - [COOKIE:NO] - 启动时检查工具和 Cookie 状态...
2026-07-30 17:08:59,068 - INFO - [SYSTEM] - [MODE:MATERIAL] - [STRATEGY:NONE] - [COOKIE:NO] - Deno.js解析引擎已启动就绪
2026-07-30 17:08:59,068 - INFO - [SYSTEM] - [MODE:MATERIAL] - [STRATEGY:NONE] - [COOKIE:NO] - 所有必要工具已就绪
2026-07-30 17:08:59,069 - INFO - [SYSTEM] - [MODE:MATERIAL] - [STRATEGY:NONE] - [COOKIE:NO] - [17:08:59] Cookie health check:
2026-07-30 17:08:59,069 - INFO - [SYSTEM] - [MODE:MATERIAL] - [STRATEGY:NONE] - [COOKIE:NO] -   YouTube: healthy | score=95 | size=1.63 KB | Cookie valid until 2027-05-25 10:59
2026-07-30 17:08:59,069 - INFO - [SYSTEM] - [MODE:MATERIAL] - [STRATEGY:NONE] - [COOKIE:NO] -   Instagram: healthy | score=95 | size=854.00 B | Cookie valid until 2027-06-04 13:58
2026-07-30 17:08:59,069 - INFO - [SYSTEM] - [MODE:MATERIAL] - [STRATEGY:NONE] - [COOKIE:NO] -   TikTok: healthy | score=95 | size=4.51 KB | Cookie valid until 2027-07-10 14:33
2026-07-30 17:08:59,070 - INFO - [SYSTEM] - [MODE:MATERIAL] - [STRATEGY:NONE] - [COOKIE:NO] -   Twitter: healthy | score=95 | size=1.26 KB | Cookie valid until 2027-07-10 11:13
2026-07-30 17:09:01,292 - INFO - [SYSTEM] - [MODE:MATERIAL] - [STRATEGY:NONE] - [COOKIE:NO] - 账号验证成功（免费订阅，免费额度剩余 3 次）
2026-07-30 17:09:02,564 - INFO - [SYSTEM] - [MODE:MATERIAL] - [STRATEGY:NONE] - [COOKIE:NO] - 已加载上次提取的 2075 条记录 （已下载: 34, 失败: 0, 待下载: 2041）
2026-07-30 17:11:16,480 - INFO - [SYSTEM] - [MODE:MATERIAL] - [STRATEGY:NONE] - [COOKIE:NO] - 正在重启软件...
2026-07-30 17:11:16,843 - INFO - [SYSTEM] - [MODE:MATERIAL] - [STRATEGY:NONE] - [COOKIE:NO] - 已恢复上次预览文件: C:/Users/Administrator/Desktop/VideoDown\Inside the Magic of Grand Central Terminal ✨ NYC’s Most Iconic Station #newyorkcity #travel #usa-5LDaPnW0qNs.mp4
2026-07-30 17:11:16,931 - INFO - [SYSTEM] - [MODE:MATERIAL] - [STRATEGY:NONE] - [COOKIE:NO] - 启动时检查工具和 Cookie 状态...
2026-07-30 17:11:16,932 - INFO - [SYSTEM] - [MODE:MATERIAL] - [STRATEGY:NONE] - [COOKIE:NO] - Deno.js解析引擎已启动就绪
2026-07-30 17:11:16,932 - INFO - [SYSTEM] - [MODE:MATERIAL] - [STRATEGY:NONE] - [COOKIE:NO] - 所有必要工具已就绪
2026-07-30 17:11:16,933 - INFO - [SYSTEM] - [MODE:MATERIAL] - [STRATEGY:NONE] - [COOKIE:NO] - [17:11:16] Cookie health check:
2026-07-30 17:11:16,933 - INFO - [SYSTEM] - [MODE:MATERIAL] - [STRATEGY:NONE] - [COOKIE:NO] -   YouTube: healthy | score=95 | size=1.63 KB | Cookie valid until 2027-05-25 10:59
2026-07-30 17:11:16,933 - INFO - [SYSTEM] - [MODE:MATERIAL] - [STRATEGY:NONE] - [COOKIE:NO] -   Instagram: healthy | score=95 | size=854.00 B | Cookie valid until 2027-06-04 13:58
2026-07-30 17:11:16,933 - INFO - [SYSTEM] - [MODE:MATERIAL] - [STRATEGY:NONE] - [COOKIE:NO] -   TikTok: healthy | score=95 | size=4.51 KB | Cookie valid until 2027-07-10 14:33
2026-07-30 17:11:16,934 - INFO - [SYSTEM] - [MODE:MATERIAL] - [STRATEGY:NONE] - [COOKIE:NO] -   Twitter: healthy | score=95 | size=1.26 KB | Cookie valid until 2027-07-10 11:13
2026-07-30 17:11:19,112 - INFO - [SYSTEM] - [MODE:MATERIAL] - [STRATEGY:NONE] - [COOKIE:NO] - 账号验证成功（免费订阅，免费额度剩余 3 次）
2026-07-30 17:11:19,243 - INFO - [SYSTEM] - [MODE:MATERIAL] - [STRATEGY:NONE] - [COOKIE:NO] - 已加载上次提取的 2075 条记录 （已下载: 34, 失败: 0, 待下载: 2041）
2026-07-30 17:11:23,733 - INFO - [SYSTEM] - [MODE:MATERIAL] - [STRATEGY:NONE] - [COOKIE:NO] - 跳转到下一页: 2/208
2026-07-30 17:11:24,237 - INFO - [SYSTEM] - [MODE:MATERIAL] - [STRATEGY:NONE] - [COOKIE:NO] - 跳转到下一页: 3/208
2026-07-30 17:11:27,731 - INFO - [SYSTEM] - [MODE:MATERIAL] - [STRATEGY:NONE] - [COOKIE:NO] - 跳转到下一页: 4/208
2026-07-30 17:11:35,486 - INFO - [SYSTEM] - [MODE:MATERIAL] - [STRATEGY:NONE] - [COOKIE:NO] - 账号模式下载校验：主页提取页单条下载，准备预占 1 个下载名额
2026-07-30 17:11:37,329 - INFO - [SYSTEM] - [MODE:MATERIAL] - [STRATEGY:NONE] - [COOKIE:NO] - 账号模式下载校验结果：status=ok, msg=download_quota_reserved
2026-07-30 17:11:37,330 - INFO - [SYSTEM] - [MODE:MATERIAL] - [STRATEGY:NONE] - [COOKIE:NO] - 主页提取单条下载：将同步保存视频封面
2026-07-30 17:11:37,335 - INFO - [SYSTEM] - [MODE:MATERIAL] - [STRATEGY:NONE] - [COOKIE:NO] - [17:11:37] 📥 开始下载: https://www.youtube.com/shorts/P3QcCI_SsuQ
2026-07-30 17:11:37,336 - INFO - [SYSTEM] - [MODE:MATERIAL] - [STRATEGY:NONE] - [COOKIE:NO] - [17:11:37] YouTube URL normalized (Shorts)
2026-07-30 17:11:37,336 - INFO - [SYSTEM] - [MODE:MATERIAL] - [STRATEGY:NONE] - [COOKIE:NO] - [17:11:37] 📋 平台: YouTube
2026-07-30 17:11:37,336 - INFO - [SYSTEM] - [MODE:MATERIAL] - [STRATEGY:NONE] - [COOKIE:NO] - [17:11:37] 📱 检测到 Shorts 视频
2026-07-30 17:11:37,336 - INFO - [SYSTEM] - [MODE:MATERIAL] - [STRATEGY:NONE] - [COOKIE:NO] - [17:11:37] 策略1：YouTube 无 Cookie 下载...
2026-07-30 17:11:37,336 - INFO - [SYSTEM] - [MODE:MATERIAL] - [STRATEGY:NONE] - [COOKIE:NO] - [17:11:37][策略1][YouTube] 开始执行 yt-dlp
2026-07-30 17:11:42,377 - INFO - [SYSTEM] - [MODE:MATERIAL] - [STRATEGY:NONE] - [COOKIE:NO] - [17:11:42][策略1][YouTube] 下载进度：0.0% | 0.0MiB/7.79MiB | 速度 71.44KiB/s | 剩余 01:51
2026-07-30 17:11:42,637 - INFO - [SYSTEM] - [MODE:MATERIAL] - [STRATEGY:NONE] - [COOKIE:NO] - [17:11:42][策略1][YouTube] 下载进度：3.2% | 0.2MiB/7.79MiB | 速度 930.06KiB/s | 剩余 00:08
2026-07-30 17:11:43,037 - INFO - [SYSTEM] - [MODE:MATERIAL] - [STRATEGY:NONE] - [COOKIE:NO] - [17:11:43][策略1][YouTube] 下载进度：6.4% | 0.5MiB/7.79MiB | 速度 757.87KiB/s | 剩余 00:09
2026-07-30 17:11:44,047 - INFO - [SYSTEM] - [MODE:MATERIAL] - [STRATEGY:NONE] - [COOKIE:NO] - [17:11:44][策略1][YouTube] 下载进度：12.8% | 1.0MiB/7.79MiB | 速度 607.04KiB/s | 剩余 00:11
2026-07-30 17:11:44,847 - INFO - [SYSTEM] - [MODE:MATERIAL] - [STRATEGY:NONE] - [COOKIE:NO] - [17:11:44][策略1][YouTube] 下载进度：19.2% | 1.5MiB/7.79MiB | 速度 615.55KiB/s | 剩余 00:10
2026-07-30 17:11:45,851 - INFO - [SYSTEM] - [MODE:MATERIAL] - [STRATEGY:NONE] - [COOKIE:NO] - [17:11:45][策略1][YouTube] 下载进度：27.1% | 2.1MiB/7.79MiB | 速度 619.96KiB/s | 剩余 00:09
2026-07-30 17:11:46,856 - INFO - [SYSTEM] - [MODE:MATERIAL] - [STRATEGY:NONE] - [COOKIE:NO] - [17:11:46][策略1][YouTube] 下载进度：35.0% | 2.7MiB/7.79MiB | 速度 621.81KiB/s | 剩余 00:08
2026-07-30 17:11:47,954 - INFO - [SYSTEM] - [MODE:MATERIAL] - [STRATEGY:NONE] - [COOKIE:NO] - [17:11:47][策略1][YouTube] 下载进度：42.9% | 3.3MiB/7.79MiB | 速度 611.94KiB/s | 剩余 00:07
2026-07-30 17:11:48,856 - INFO - [SYSTEM] - [MODE:MATERIAL] - [STRATEGY:NONE] - [COOKIE:NO] - [17:11:48][策略1][YouTube] 下载进度：50.1% | 3.9MiB/7.79MiB | 速度 615.01KiB/s | 剩余 00:06
2026-07-30 17:11:49,874 - INFO - [SYSTEM] - [MODE:MATERIAL] - [STRATEGY:NONE] - [COOKIE:NO] - [17:11:49][策略1][YouTube] 下载进度：58.0% | 4.5MiB/7.79MiB | 速度 616.17KiB/s | 剩余 00:05
2026-07-30 17:11:51,776 - INFO - [SYSTEM] - [MODE:MATERIAL] - [STRATEGY:NONE] - [COOKIE:NO] - [17:11:51][策略1][YouTube] 下载进度：65.8% | 5.1MiB/7.79MiB | 速度 557.84KiB/s | 剩余 00:04
2026-07-30 17:11:52,779 - INFO - [SYSTEM] - [MODE:MATERIAL] - [STRATEGY:NONE] - [COOKIE:NO] - [17:11:52][策略1][YouTube] 下载进度：69.9% | 5.4MiB/7.79MiB | 速度 535.60KiB/s | 剩余 00:04
2026-07-30 17:11:53,338 - INFO - [SYSTEM] - [MODE:MATERIAL] - [STRATEGY:NONE] - [COOKIE:NO] - [17:11:53][策略1][YouTube] 下载进度：74.0% | 5.8MiB/7.79MiB | 速度 538.08KiB/s | 剩余 00:03
2026-07-30 17:11:54,449 - INFO - [SYSTEM] - [MODE:MATERIAL] - [STRATEGY:NONE] - [COOKIE:NO] - [17:11:54][策略1][YouTube] 下载进度：81.3% | 6.3MiB/7.79MiB | 速度 536.98KiB/s | 剩余 00:02
2026-07-30 17:11:55,277 - INFO - [SYSTEM] - [MODE:MATERIAL] - [STRATEGY:NONE] - [COOKIE:NO] - [17:11:55][策略1][YouTube] 下载进度：87.9% | 6.8MiB/7.79MiB | 速度 543.29KiB/s | 剩余 00:01
2026-07-30 17:11:56,280 - INFO - [SYSTEM] - [MODE:MATERIAL] - [STRATEGY:NONE] - [COOKIE:NO] - [17:11:56][策略1][YouTube] 下载进度：95.9% | 7.5MiB/7.79MiB | 速度 549.79KiB/s | 剩余 00:00
2026-07-30 17:11:56,751 - INFO - [SYSTEM] - [MODE:MATERIAL] - [STRATEGY:NONE] - [COOKIE:NO] - [17:11:56][策略1][YouTube] 下载进度：100.0% | 7.8MiB/7.79MiB | 速度 554.45KiB/s | 剩余 00:00
2026-07-30 17:11:57,998 - INFO - [SYSTEM] - [MODE:MATERIAL] - [STRATEGY:NONE] - [COOKIE:NO] - [17:11:57][策略1][YouTube] Selected format: format_id=299+140, res=1080x1920, fps=60, tbr=5087.750999999999, ext=mp4
2026-07-30 17:11:57,998 - INFO - [SYSTEM] - [MODE:MATERIAL] - [STRATEGY:NONE] - [COOKIE:NO] - [17:11:57][策略1][YouTube] 下载成功，耗时 20.7s
2026-07-30 17:11:57,999 - INFO - [SYSTEM] - [MODE:MATERIAL] - [STRATEGY:NONE] - [COOKIE:NO] - [17:11:37] 下载成功 | YouTube | 画质：1080P | 未走 Cookie
2026-07-30 17:11:59,792 - INFO - [SYSTEM] - [MODE:MATERIAL] - [STRATEGY:NONE] - [COOKIE:NO] - 下载额度结算：成功并扣除次数
2026-07-30 17:11:59,792 - INFO - [SYSTEM] - [MODE:MATERIAL] - [STRATEGY:NONE] - [COOKIE:NO] - [17:11:58] 下载完成: https://www.youtube.com/shorts/P3QcCI_SsuQ
2026-07-30 17:19:22,240 - INFO - [SYSTEM] - [MODE:MATERIAL] - [STRATEGY:NONE] - [COOKIE:NO] - 已打开下载文件夹: C:/Users/Administrator/Desktop/VideoDown
2026-07-30 17:20:32,122 - INFO - [SYSTEM] - [MODE:MATERIAL] - [STRATEGY:NONE] - [COOKIE:NO] - 已打开下载文件夹: C:/Users/Administrator/Desktop/VideoDown
2026-07-30 17:20:48,743 - INFO - [SYSTEM] - [MODE:MATERIAL] - [STRATEGY:NONE] - [COOKIE:NO] - 已打开下载文件夹: C:/Users/Administrator/Desktop/VideoDown
2026-07-30 17:23:54,109 - INFO - [SYSTEM] - [MODE:MATERIAL] - [STRATEGY:NONE] - [COOKIE:NO] - 账号模式下载校验：主页提取批量下载，准备预占 10 个下载名额
2026-07-30 17:23:55,918 - INFO - [SYSTEM] - [MODE:MATERIAL] - [STRATEGY:NONE] - [COOKIE:NO] - 账号模式下载校验结果：status=ok, msg=download_quota_reserved
2026-07-30 17:23:55,950 - INFO - [SYSTEM] - [MODE:MATERIAL] - [STRATEGY:NONE] - [COOKIE:NO] - 开始顺序批量下载，共 10 个任务，并同步保存视频封面
2026-07-30 17:23:55,997 - INFO - [SYSTEM] - [MODE:MATERIAL] - [STRATEGY:NONE] - [COOKIE:NO] - [17:23:55] 📥 开始下载: https://www.youtube.com/shorts/I6jg7ZphR6M
2026-07-30 17:23:55,997 - INFO - [SYSTEM] - [MODE:MATERIAL] - [STRATEGY:NONE] - [COOKIE:NO] - [17:23:55] YouTube URL normalized (Shorts)
2026-07-30 17:23:55,997 - INFO - [SYSTEM] - [MODE:MATERIAL] - [STRATEGY:NONE] - [COOKIE:NO] - [17:23:55] 📋 平台: YouTube
2026-07-30 17:23:55,997 - INFO - [SYSTEM] - [MODE:MATERIAL] - [STRATEGY:NONE] - [COOKIE:NO] - [17:23:55] 📱 检测到 Shorts 视频
2026-07-30 17:23:55,997 - INFO - [SYSTEM] - [MODE:MATERIAL] - [STRATEGY:NONE] - [COOKIE:NO] - [17:23:55] 策略1：YouTube 无 Cookie 下载...
2026-07-30 17:23:55,998 - INFO - [SYSTEM] - [MODE:MATERIAL] - [STRATEGY:NONE] - [COOKIE:NO] - [17:23:55][策略1][YouTube] 开始执行 yt-dlp
2026-07-30 17:24:00,174 - INFO - [SYSTEM] - [MODE:MATERIAL] - [STRATEGY:NONE] - [COOKIE:NO] - [17:24:00][策略1][YouTube] 下载进度：0.0% | 0.0MiB/5.56MiB | 速度 851.81KiB/s | 剩余 00:06
2026-07-30 17:24:00,181 - INFO - [SYSTEM] - [MODE:MATERIAL] - [STRATEGY:NONE] - [COOKIE:NO] - [17:24:00][策略1][YouTube] 下载进度：2.2% | 0.1MiB/5.56MiB | 速度 14.54MiB/s | 剩余 00:00
2026-07-30 17:24:00,194 - INFO - [SYSTEM] - [MODE:MATERIAL] - [STRATEGY:NONE] - [COOKIE:NO] - [17:24:00][策略1][YouTube] 下载进度：4.5% | 0.3MiB/5.56MiB | 速度 11.77MiB/s | 剩余 00:00
2026-07-30 17:24:00,220 - INFO - [SYSTEM] - [MODE:MATERIAL] - [STRATEGY:NONE] - [COOKIE:NO] - [17:24:00][策略1][YouTube] 下载进度：9.0% | 0.5MiB/5.56MiB | 速度 10.68MiB/s | 剩余 00:00
2026-07-30 17:24:00,787 - INFO - [SYSTEM] - [MODE:MATERIAL] - [STRATEGY:NONE] - [COOKIE:NO] - [17:24:00][策略1][YouTube] 下载进度：18.0% | 1.0MiB/5.56MiB | 速度 1.63MiB/s | 剩余 00:02
2026-07-30 17:24:02,212 - INFO - [SYSTEM] - [MODE:MATERIAL] - [STRATEGY:NONE] - [COOKIE:NO] - [17:24:02][策略1][YouTube] 下载进度：33.8% | 1.9MiB/5.56MiB | 速度 944.27KiB/s | 剩余 00:03
2026-07-30 17:24:03,187 - INFO - [SYSTEM] - [MODE:MATERIAL] - [STRATEGY:NONE] - [COOKIE:NO] - [17:24:03][策略1][YouTube] 下载进度：44.9% | 2.5MiB/5.56MiB | 速度 848.91KiB/s | 剩余 00:03
2026-07-30 17:24:04,211 - INFO - [SYSTEM] - [MODE:MATERIAL] - [STRATEGY:NONE] - [COOKIE:NO] - [17:24:04][策略1][YouTube] 下载进度：56.3% | 3.1MiB/5.56MiB | 速度 794.69KiB/s | 剩余 00:03
2026-07-30 17:24:05,241 - INFO - [SYSTEM] - [MODE:MATERIAL] - [STRATEGY:NONE] - [COOKIE:NO] - [17:24:05][策略1][YouTube] 下载进度：67.5% | 3.8MiB/5.56MiB | 速度 758.26KiB/s | 剩余 00:02
2026-07-30 17:24:06,192 - INFO - [SYSTEM] - [MODE:MATERIAL] - [STRATEGY:NONE] - [COOKIE:NO] - [17:24:06][策略1][YouTube] 下载进度：78.3% | 4.4MiB/5.56MiB | 速度 740.78KiB/s | 剩余 00:01
2026-07-30 17:24:07,219 - INFO - [SYSTEM] - [MODE:MATERIAL] - [STRATEGY:NONE] - [COOKIE:NO] - [17:24:07][策略1][YouTube] 下载进度：89.6% | 5.0MiB/5.56MiB | 速度 724.87KiB/s | 剩余 00:00
2026-07-30 17:24:07,932 - INFO - [SYSTEM] - [MODE:MATERIAL] - [STRATEGY:NONE] - [COOKIE:NO] - 批量下载已请求暂停，当前视频完成后暂停队列
2026-07-30 17:24:08,118 - INFO - [SYSTEM] - [MODE:MATERIAL] - [STRATEGY:NONE] - [COOKIE:NO] - [17:24:08][策略1][YouTube] 下载进度：100.0% | 5.6MiB/5.56MiB | 速度 717.07KiB/s | 剩余 00:00
2026-07-30 17:24:09,445 - INFO - [SYSTEM] - [MODE:MATERIAL] - [STRATEGY:NONE] - [COOKIE:NO] - [17:24:09][策略1][YouTube] Selected format: format_id=137+140, res=1080x1920, fps=30, tbr=3077.576, ext=mp4
2026-07-30 17:24:09,445 - INFO - [SYSTEM] - [MODE:MATERIAL] - [STRATEGY:NONE] - [COOKIE:NO] - [17:24:09][策略1][YouTube] 下载成功，耗时 13.4s
2026-07-30 17:24:09,446 - INFO - [SYSTEM] - [MODE:MATERIAL] - [STRATEGY:NONE] - [COOKIE:NO] - [17:23:55] 下载成功 | YouTube | 画质：1080P | 未走 Cookie
2026-07-30 17:24:11,275 - INFO - [SYSTEM] - [MODE:MATERIAL] - [STRATEGY:NONE] - [COOKIE:NO] - 下载额度结算：成功并扣除次数
2026-07-30 17:24:11,276 - INFO - [SYSTEM] - [MODE:MATERIAL] - [STRATEGY:NONE] - [COOKIE:NO] - [17:24:09] 下载完成: https://www.youtube.com/shorts/I6jg7ZphR6M
2026-07-30 17:24:20,291 - INFO - [SYSTEM] - [MODE:MATERIAL] - [STRATEGY:NONE] - [COOKIE:NO] - 跳转到下一页: 5/208
2026-07-30 17:24:51,959 - INFO - [SYSTEM] - [MODE:MATERIAL] - [STRATEGY:NONE] - [COOKIE:NO] - 正在重启软件...
2026-07-30 17:24:53,957 - INFO - [SYSTEM] - [MODE:MATERIAL] - [STRATEGY:NONE] - [COOKIE:NO] - 下载额度结算：失败且未扣除次数
2026-07-30 17:24:55,453 - INFO - [SYSTEM] - [MODE:MATERIAL] - [STRATEGY:NONE] - [COOKIE:NO] - 已恢复上次预览文件: C:/Users/Administrator/Desktop/VideoDown\New York City walking tour 4k 🇺🇸-I6jg7ZphR6M.mp4
2026-07-30 17:24:55,575 - INFO - [SYSTEM] - [MODE:MATERIAL] - [STRATEGY:NONE] - [COOKIE:NO] - 启动时检查工具和 Cookie 状态...
2026-07-30 17:24:55,575 - INFO - [SYSTEM] - [MODE:MATERIAL] - [STRATEGY:NONE] - [COOKIE:NO] - Deno.js解析引擎已启动就绪
2026-07-30 17:24:55,575 - INFO - [SYSTEM] - [MODE:MATERIAL] - [STRATEGY:NONE] - [COOKIE:NO] - 所有必要工具已就绪
2026-07-30 17:24:55,578 - INFO - [SYSTEM] - [MODE:MATERIAL] - [STRATEGY:NONE] - [COOKIE:NO] - [17:24:55] Cookie health check:
2026-07-30 17:24:55,578 - INFO - [SYSTEM] - [MODE:MATERIAL] - [STRATEGY:NONE] - [COOKIE:NO] -   YouTube: healthy | score=95 | size=1.63 KB | Cookie valid until 2027-05-25 10:59
2026-07-30 17:24:55,578 - INFO - [SYSTEM] - [MODE:MATERIAL] - [STRATEGY:NONE] - [COOKIE:NO] -   Instagram: healthy | score=95 | size=854.00 B | Cookie valid until 2027-06-04 13:58
2026-07-30 17:24:55,578 - INFO - [SYSTEM] - [MODE:MATERIAL] - [STRATEGY:NONE] - [COOKIE:NO] -   TikTok: healthy | score=95 | size=4.51 KB | Cookie valid until 2027-07-10 14:33
2026-07-30 17:24:55,578 - INFO - [SYSTEM] - [MODE:MATERIAL] - [STRATEGY:NONE] - [COOKIE:NO] -   Twitter: healthy | score=95 | size=1.26 KB | Cookie valid until 2027-07-10 11:13
2026-07-30 17:25:03,230 - INFO - [SYSTEM] - [MODE:MATERIAL] - [STRATEGY:NONE] - [COOKIE:NO] - 账号验证成功（月订阅，今日剩余 97 次）
2026-07-30 17:26:03,292 - INFO - [SYSTEM] - [MODE:MATERIAL] - [STRATEGY:NONE] - [COOKIE:NO] - 已加载上次提取的 2075 条记录 （已下载: 35, 失败: 0, 待下载: 2040）
2026-07-30 17:26:09,429 - INFO - [SYSTEM] - [MODE:MATERIAL] - [STRATEGY:NONE] - [COOKIE:NO] - 跳转到下一页: 2/208
2026-07-30 17:26:10,031 - INFO - [SYSTEM] - [MODE:MATERIAL] - [STRATEGY:NONE] - [COOKIE:NO] - 跳转到下一页: 3/208
2026-07-30 17:26:10,662 - INFO - [SYSTEM] - [MODE:MATERIAL] - [STRATEGY:NONE] - [COOKIE:NO] - 跳转到下一页: 4/208
2026-07-30 17:26:11,242 - INFO - [SYSTEM] - [MODE:MATERIAL] - [STRATEGY:NONE] - [COOKIE:NO] - 跳转到下一页: 5/208
2026-07-30 17:26:16,389 - INFO - [SYSTEM] - [MODE:MATERIAL] - [STRATEGY:NONE] - [COOKIE:NO] - 账号模式下载校验：主页提取批量下载，准备预占 10 个下载名额
2026-07-30 17:26:18,247 - INFO - [SYSTEM] - [MODE:MATERIAL] - [STRATEGY:NONE] - [COOKIE:NO] - 账号模式下载校验结果：status=ok, msg=download_quota_reserved
2026-07-30 17:26:18,279 - INFO - [SYSTEM] - [MODE:MATERIAL] - [STRATEGY:NONE] - [COOKIE:NO] - 开始顺序批量下载，共 10 个任务，并同步保存视频封面
2026-07-30 17:26:18,328 - INFO - [SYSTEM] - [MODE:MATERIAL] - [STRATEGY:NONE] - [COOKIE:NO] - [17:26:18] 📥 开始下载: https://www.youtube.com/shorts/azRltuPROwM
2026-07-30 17:26:18,328 - INFO - [SYSTEM] - [MODE:MATERIAL] - [STRATEGY:NONE] - [COOKIE:NO] - [17:26:18] YouTube URL normalized (Shorts)
2026-07-30 17:26:18,328 - INFO - [SYSTEM] - [MODE:MATERIAL] - [STRATEGY:NONE] - [COOKIE:NO] - [17:26:18] 📋 平台: YouTube
2026-07-30 17:26:18,328 - INFO - [SYSTEM] - [MODE:MATERIAL] - [STRATEGY:NONE] - [COOKIE:NO] - [17:26:18] 📱 检测到 Shorts 视频
2026-07-30 17:26:18,328 - INFO - [SYSTEM] - [MODE:MATERIAL] - [STRATEGY:NONE] - [COOKIE:NO] - [17:26:18] 策略1：YouTube 无 Cookie 下载...
2026-07-30 17:26:18,329 - INFO - [SYSTEM] - [MODE:MATERIAL] - [STRATEGY:NONE] - [COOKIE:NO] - [17:26:18][策略1][YouTube] 开始执行 yt-dlp
2026-07-30 17:26:24,766 - INFO - [SYSTEM] - [MODE:MATERIAL] - [STRATEGY:NONE] - [COOKIE:NO] - [17:26:24][策略1][YouTube] 下载进度：0.0% | 0.0MiB/35.64MiB | 速度 372.86KiB/s | 剩余 01:37
2026-07-30 17:26:25,381 - INFO - [SYSTEM] - [MODE:MATERIAL] - [STRATEGY:NONE] - [COOKIE:NO] - [17:26:25][策略1][YouTube] 下载进度：2.8% | 1.0MiB/35.64MiB | 速度 1.61MiB/s | 剩余 00:21
2026-07-30 17:26:27,017 - INFO - [SYSTEM] - [MODE:MATERIAL] - [STRATEGY:NONE] - [COOKIE:NO] - [17:26:27][策略1][YouTube] 下载进度：5.5% | 2.0MiB/35.64MiB | 速度 895.52KiB/s | 剩余 00:38
2026-07-30 17:26:28,917 - INFO - [SYSTEM] - [MODE:MATERIAL] - [STRATEGY:NONE] - [COOKIE:NO] - [17:26:28][策略1][YouTube] 下载进度：9.0% | 3.2MiB/35.64MiB | 速度 788.43KiB/s | 剩余 00:42
2026-07-30 17:26:30,989 - INFO - [SYSTEM] - [MODE:MATERIAL] - [STRATEGY:NONE] - [COOKIE:NO] - [17:26:30][策略1][YouTube] 下载进度：12.6% | 4.5MiB/35.64MiB | 速度 737.78KiB/s | 剩余 00:43
2026-07-30 17:26:32,967 - INFO - [SYSTEM] - [MODE:MATERIAL] - [STRATEGY:NONE] - [COOKIE:NO] - [17:26:32][策略1][YouTube] 下载进度：16.1% | 5.7MiB/35.64MiB | 速度 715.21KiB/s | 剩余 00:42
2026-07-30 17:26:34,989 - INFO - [SYSTEM] - [MODE:MATERIAL] - [STRATEGY:NONE] - [COOKIE:NO] - [17:26:34][策略1][YouTube] 下载进度：19.6% | 7.0MiB/35.64MiB | 速度 699.71KiB/s | 剩余 00:41
2026-07-30 17:26:36,965 - INFO - [SYSTEM] - [MODE:MATERIAL] - [STRATEGY:NONE] - [COOKIE:NO] - [17:26:36][策略1][YouTube] 下载进度：23.1% | 8.2MiB/35.64MiB | 速度 690.86KiB/s | 剩余 00:40
2026-07-30 17:26:38,966 - INFO - [SYSTEM] - [MODE:MATERIAL] - [STRATEGY:NONE] - [COOKIE:NO] - [17:26:38][策略1][YouTube] 下载进度：26.6% | 9.5MiB/35.64MiB | 速度 683.32KiB/s | 剩余 00:39
2026-07-30 17:26:41,025 - INFO - [SYSTEM] - [MODE:MATERIAL] - [STRATEGY:NONE] - [COOKIE:NO] - [17:26:41][策略1][YouTube] 下载进度：28.0% | 10.0MiB/35.64MiB | 速度 Unknown | 剩余 Unknown
2026-07-30 17:26:41,665 - INFO - [SYSTEM] - [MODE:MATERIAL] - [STRATEGY:NONE] - [COOKIE:NO] - [17:26:41][策略1][YouTube] 下载进度：30.8% | 11.0MiB/35.64MiB | 速度 1.56MiB/s | 剩余 00:15
2026-07-30 17:26:43,014 - INFO - [SYSTEM] - [MODE:MATERIAL] - [STRATEGY:NONE] - [COOKIE:NO] - [17:26:43][策略1][YouTube] 下载进度：33.1% | 11.8MiB/35.64MiB | 速度 947.04KiB/s | 剩余 00:25
2026-07-30 17:26:45,015 - INFO - [SYSTEM] - [MODE:MATERIAL] - [STRATEGY:NONE] - [COOKIE:NO] - [17:26:45][策略1][YouTube] 下载进度：36.7% | 13.1MiB/35.64MiB | 速度 794.99KiB/s | 剩余 00:29
2026-07-30 17:26:47,015 - INFO - [SYSTEM] - [MODE:MATERIAL] - [STRATEGY:NONE] - [COOKIE:NO] - [17:26:47][策略1][YouTube] 下载进度：40.2% | 14.3MiB/35.64MiB | 速度 742.23KiB/s | 剩余 00:29
2026-07-30 17:26:48,999 - INFO - [SYSTEM] - [MODE:MATERIAL] - [STRATEGY:NONE] - [COOKIE:NO] - [17:26:48][策略1][YouTube] 下载进度：43.7% | 15.6MiB/35.64MiB | 速度 717.45KiB/s | 剩余 00:28
2026-07-30 17:26:50,763 - INFO - [SYSTEM] - [MODE:MATERIAL] - [STRATEGY:NONE] - [COOKIE:NO] - [17:26:50][策略1][YouTube] 下载进度：46.8% | 16.7MiB/35.64MiB | 速度 704.11KiB/s | 剩余 00:27
2026-07-30 17:26:52,289 - INFO - [SYSTEM] - [MODE:MATERIAL] - [STRATEGY:NONE] - [COOKIE:NO] - [17:26:52][策略1][YouTube] 下载进度：49.4% | 17.6MiB/35.64MiB | 速度 695.42KiB/s | 剩余 00:26
2026-07-30 17:26:54,313 - INFO - [SYSTEM] - [MODE:MATERIAL] - [STRATEGY:NONE] - [COOKIE:NO] - [17:26:54][策略1][YouTube] 下载进度：53.0% | 18.9MiB/35.64MiB | 速度 685.90KiB/s | 剩余 00:25
2026-07-30 17:26:55,471 - INFO - [SYSTEM] - [MODE:MATERIAL] - [STRATEGY:NONE] - [COOKIE:NO] - [17:26:55][策略1][YouTube] 下载进度：55.0% | 19.6MiB/35.64MiB | 速度 682.44KiB/s | 剩余 00:24
2026-07-30 17:26:58,830 - INFO - [SYSTEM] - [MODE:MATERIAL] - [STRATEGY:NONE] - [COOKIE:NO] - [17:26:58][策略1][YouTube] 下载进度：55.0% | 19.6MiB/35.64MiB | 速度 Unknown | 剩余 Unknown
2026-07-30 17:27:00,329 - INFO - [SYSTEM] - [MODE:MATERIAL] - [STRATEGY:NONE] - [COOKIE:NO] - [17:27:00][策略1][YouTube] 下载进度：57.9% | 20.6MiB/35.64MiB | 速度 700.44KiB/s | 剩余 00:21
2026-07-30 17:27:02,465 - INFO - [SYSTEM] - [MODE:MATERIAL] - [STRATEGY:NONE] - [COOKIE:NO] - [17:27:02][策略1][YouTube] 下载进度：61.7% | 22.0MiB/35.64MiB | 速度 667.95KiB/s | 剩余 00:20
2026-07-30 17:27:04,443 - INFO - [SYSTEM] - [MODE:MATERIAL] - [STRATEGY:NONE] - [COOKIE:NO] - [17:27:04][策略1][YouTube] 下载进度：65.1% | 23.2MiB/35.64MiB | 速度 659.28KiB/s | 剩余 00:19
2026-07-30 17:27:06,431 - INFO - [SYSTEM] - [MODE:MATERIAL] - [STRATEGY:NONE] - [COOKIE:NO] - [17:27:06][策略1][YouTube] 下载进度：68.6% | 24.4MiB/35.64MiB | 速度 653.09KiB/s | 剩余 00:17
2026-07-30 17:27:08,461 - INFO - [SYSTEM] - [MODE:MATERIAL] - [STRATEGY:NONE] - [COOKIE:NO] - [17:27:08][策略1][YouTube] 下载进度：72.1% | 25.7MiB/35.64MiB | 速度 649.49KiB/s | 剩余 00:15
2026-07-30 17:27:10,796 - INFO - [SYSTEM] - [MODE:MATERIAL] - [STRATEGY:NONE] - [COOKIE:NO] - [17:27:10][策略1][YouTube] 下载进度：75.5% | 26.9MiB/35.64MiB | 速度 624.18KiB/s | 剩余 00:14
2026-07-30 17:27:12,631 - INFO - [SYSTEM] - [MODE:MATERIAL] - [STRATEGY:NONE] - [COOKIE:NO] - [17:27:12][策略1][YouTube] 下载进度：79.3% | 28.3MiB/35.64MiB | 速度 642.70KiB/s | 剩余 00:11
2026-07-30 17:27:14,635 - INFO - [SYSTEM] - [MODE:MATERIAL] - [STRATEGY:NONE] - [COOKIE:NO] - [17:27:14][策略1][YouTube] 下载进度：82.8% | 29.5MiB/35.64MiB | 速度 641.59KiB/s | 剩余 00:09
2026-07-30 17:27:16,495 - INFO - [SYSTEM] - [MODE:MATERIAL] - [STRATEGY:NONE] - [COOKIE:NO] - [17:27:16][策略1][YouTube] 下载进度：84.4% | 30.1MiB/35.64MiB | 速度 521.77KiB/s | 剩余 00:10
2026-07-30 17:27:16,964 - INFO - [SYSTEM] - [MODE:MATERIAL] - [STRATEGY:NONE] - [COOKIE:NO] - [17:27:16][策略1][YouTube] 下载进度：86.6% | 30.9MiB/35.64MiB | 速度 903.39KiB/s | 剩余 00:05
2026-07-30 17:27:18,644 - INFO - [SYSTEM] - [MODE:MATERIAL] - [STRATEGY:NONE] - [COOKIE:NO] - [17:27:18][策略1][YouTube] 下载进度：89.5% | 31.9MiB/35.64MiB | 速度 758.08KiB/s | 剩余 00:05
2026-07-30 17:27:20,642 - INFO - [SYSTEM] - [MODE:MATERIAL] - [STRATEGY:NONE] - [COOKIE:NO] - [17:27:20][策略1][YouTube] 下载进度：93.0% | 33.1MiB/35.64MiB | 速度 712.66KiB/s | 剩余 00:03
2026-07-30 17:27:22,653 - INFO - [SYSTEM] - [MODE:MATERIAL] - [STRATEGY:NONE] - [COOKIE:NO] - [17:27:22][策略1][YouTube] 下载进度：96.5% | 34.4MiB/35.64MiB | 速度 690.67KiB/s | 剩余 00:01
2026-07-30 17:27:24,619 - INFO - [SYSTEM] - [MODE:MATERIAL] - [STRATEGY:NONE] - [COOKIE:NO] - [17:27:24][策略1][YouTube] 下载进度：100.0% | 35.6MiB/35.64MiB | 速度 681.01KiB/s | 剩余 00:00
2026-07-30 17:27:26,310 - INFO - [SYSTEM] - [MODE:MATERIAL] - [STRATEGY:NONE] - [COOKIE:NO] - [17:27:26][策略1][YouTube] Selected format: format_id=701+140, res=2160x3840, fps=60, tbr=24314.806, ext=mp4
2026-07-30 17:27:26,311 - INFO - [SYSTEM] - [MODE:MATERIAL] - [STRATEGY:NONE] - [COOKIE:NO] - [17:27:26][策略1][YouTube] 下载成功，耗时 68.0s
2026-07-30 17:27:26,311 - INFO - [SYSTEM] - [MODE:MATERIAL] - [STRATEGY:NONE] - [COOKIE:NO] - [17:26:18] 下载成功 | YouTube | 画质：2160P | 未走 Cookie
2026-07-30 17:27:28,147 - INFO - [SYSTEM] - [MODE:MATERIAL] - [STRATEGY:NONE] - [COOKIE:NO] - 下载额度结算：成功并扣除次数
2026-07-30 17:27:28,148 - INFO - [SYSTEM] - [MODE:MATERIAL] - [STRATEGY:NONE] - [COOKIE:NO] - [17:27:26] 下载完成: https://www.youtube.com/shorts/azRltuPROwM
2026-07-30 17:27:28,372 - INFO - [SYSTEM] - [MODE:MATERIAL] - [STRATEGY:NONE] - [COOKIE:NO] - [17:27:28] 📥 开始下载: https://www.youtube.com/shorts/cNYvNTHMpl0
2026-07-30 17:27:28,373 - INFO - [SYSTEM] - [MODE:MATERIAL] - [STRATEGY:NONE] - [COOKIE:NO] - [17:27:28] YouTube URL normalized (Shorts)
2026-07-30 17:27:28,374 - INFO - [SYSTEM] - [MODE:MATERIAL] - [STRATEGY:NONE] - [COOKIE:NO] - [17:27:28] 📋 平台: YouTube
2026-07-30 17:27:28,374 - INFO - [SYSTEM] - [MODE:MATERIAL] - [STRATEGY:NONE] - [COOKIE:NO] - [17:27:28] 📱 检测到 Shorts 视频
2026-07-30 17:27:28,374 - INFO - [SYSTEM] - [MODE:MATERIAL] - [STRATEGY:NONE] - [COOKIE:NO] - [17:27:28] 策略1：YouTube 无 Cookie 下载...
2026-07-30 17:27:28,376 - INFO - [SYSTEM] - [MODE:MATERIAL] - [STRATEGY:NONE] - [COOKIE:NO] - [17:27:28][策略1][YouTube] 开始执行 yt-dlp
2026-07-30 17:27:32,779 - INFO - [SYSTEM] - [MODE:MATERIAL] - [STRATEGY:NONE] - [COOKIE:NO] - [17:27:32][策略1][YouTube] 下载进度：0.0% | 0.0MiB/12.92MiB | 速度 231.38KiB/s | 剩余 00:57
2026-07-30 17:27:32,814 - INFO - [SYSTEM] - [MODE:MATERIAL] - [STRATEGY:NONE] - [COOKIE:NO] - [17:27:32][策略1][YouTube] 下载进度：3.9% | 0.5MiB/12.92MiB | 速度 12.67MiB/s | 剩余 00:00
2026-07-30 17:27:33,293 - INFO - [SYSTEM] - [MODE:MATERIAL] - [STRATEGY:NONE] - [COOKIE:NO] - 使用本地播放器打开预览: C:/Users/Administrator/Desktop/VideoDown\Cozy Rainy Evening in the Bronx New York 4K 🇺🇲 #newyork #usa #bronx-azRltuPROwM.mp4
2026-07-30 17:27:33,401 - INFO - [SYSTEM] - [MODE:MATERIAL] - [STRATEGY:NONE] - [COOKIE:NO] - [17:27:33][策略1][YouTube] 下载进度：7.7% | 1.0MiB/12.92MiB | 速度 1.59MiB/s | 剩余 00:07
2026-07-30 17:27:34,798 - INFO - [SYSTEM] - [MODE:MATERIAL] - [STRATEGY:NONE] - [COOKIE:NO] - [17:27:34][策略1][YouTube] 下载进度：14.3% | 1.8MiB/12.92MiB | 速度 938.02KiB/s | 剩余 00:12
2026-07-30 17:27:35,800 - INFO - [SYSTEM] - [MODE:MATERIAL] - [STRATEGY:NONE] - [COOKIE:NO] - [17:27:35][策略1][YouTube] 下载进度：19.1% | 2.5MiB/12.92MiB | 速度 834.57KiB/s | 剩余 00:12
2026-07-30 17:27:36,754 - INFO - [SYSTEM] - [MODE:MATERIAL] - [STRATEGY:NONE] - [COOKIE:NO] - [17:27:36][策略1][YouTube] 下载进度：23.8% | 3.1MiB/12.92MiB | 速度 791.05KiB/s | 剩余 00:12
2026-07-30 17:27:37,756 - INFO - [SYSTEM] - [MODE:MATERIAL] - [STRATEGY:NONE] - [COOKIE:NO] - [17:27:37][策略1][YouTube] 下载进度：28.7% | 3.7MiB/12.92MiB | 速度 763.04KiB/s | 剩余 00:12
2026-07-30 17:27:38,817 - INFO - [SYSTEM] - [MODE:MATERIAL] - [STRATEGY:NONE] - [COOKIE:NO] - [17:27:38][策略1][YouTube] 下载进度：33.6% | 4.3MiB/12.92MiB | 速度 737.09KiB/s | 剩余 00:11
2026-07-30 17:27:40,114 - INFO - [SYSTEM] - [MODE:MATERIAL] - [STRATEGY:NONE] - [COOKIE:NO] - [17:27:40][策略1][YouTube] 下载进度：38.3% | 4.9MiB/12.92MiB | 速度 690.50KiB/s | 剩余 00:11
2026-07-30 17:27:40,909 - INFO - [SYSTEM] - [MODE:MATERIAL] - [STRATEGY:NONE] - [COOKIE:NO] - [17:27:40][策略1][YouTube] 下载进度：41.9% | 5.4MiB/12.92MiB | 速度 681.12KiB/s | 剩余 00:11
2026-07-30 17:27:41,835 - INFO - [SYSTEM] - [MODE:MATERIAL] - [STRATEGY:NONE] - [COOKIE:NO] - [17:27:41][策略1][YouTube] 下载进度：46.4% | 6.0MiB/12.92MiB | 速度 677.24KiB/s | 剩余 00:10
2026-07-30 17:27:42,835 - INFO - [SYSTEM] - [MODE:MATERIAL] - [STRATEGY:NONE] - [COOKIE:NO] - [17:27:42][策略1][YouTube] 下载进度：51.2% | 6.6MiB/12.92MiB | 速度 673.82KiB/s | 剩余 00:09
2026-07-30 17:27:43,837 - INFO - [SYSTEM] - [MODE:MATERIAL] - [STRATEGY:NONE] - [COOKIE:NO] - [17:27:43][策略1][YouTube] 下载进度：56.1% | 7.2MiB/12.92MiB | 速度 670.89KiB/s | 剩余 00:08
2026-07-30 17:27:44,835 - INFO - [SYSTEM] - [MODE:MATERIAL] - [STRATEGY:NONE] - [COOKIE:NO] - [17:27:44][策略1][YouTube] 下载进度：60.9% | 7.9MiB/12.92MiB | 速度 668.58KiB/s | 剩余 00:07
2026-07-30 17:27:45,863 - INFO - [SYSTEM] - [MODE:MATERIAL] - [STRATEGY:NONE] - [COOKIE:NO] - [17:27:45][策略1][YouTube] 下载进度：65.8% | 8.5MiB/12.92MiB | 速度 665.16KiB/s | 剩余 00:06
2026-07-30 17:27:46,846 - INFO - [SYSTEM] - [MODE:MATERIAL] - [STRATEGY:NONE] - [COOKIE:NO] - [17:27:46][策略1][YouTube] 下载进度：70.5% | 9.1MiB/12.92MiB | 速度 663.10KiB/s | 剩余 00:05
2026-07-30 17:27:47,532 - INFO - [SYSTEM] - [MODE:MATERIAL] - [STRATEGY:NONE] - [COOKIE:NO] - [17:27:47][策略1][YouTube] 下载进度：74.0% | 9.6MiB/12.92MiB | 速度 663.58KiB/s | 剩余 00:05
2026-07-30 17:27:48,376 - INFO - [SYSTEM] - [MODE:MATERIAL] - [STRATEGY:NONE] - [COOKIE:NO] - [17:27:48][策略1][YouTube] 下载进度：77.9% | 10.1MiB/12.92MiB | 速度 982.83KiB/s | 剩余 00:02
2026-07-30 17:27:49,174 - INFO - [SYSTEM] - [MODE:MATERIAL] - [STRATEGY:NONE] - [COOKIE:NO] - [17:27:49][策略1][YouTube] 下载进度：81.7% | 10.6MiB/12.92MiB | 速度 775.85KiB/s | 剩余 00:03
2026-07-30 17:27:50,175 - INFO - [SYSTEM] - [MODE:MATERIAL] - [STRATEGY:NONE] - [COOKIE:NO] - [17:27:50][策略1][YouTube] 下载进度：86.6% | 11.2MiB/12.92MiB | 速度 717.54KiB/s | 剩余 00:02
2026-07-30 17:27:51,199 - INFO - [SYSTEM] - [MODE:MATERIAL] - [STRATEGY:NONE] - [COOKIE:NO] - [17:27:51][策略1][YouTube] 下载进度：91.4% | 11.8MiB/12.92MiB | 速度 689.35KiB/s | 剩余 00:01
2026-07-30 17:27:51,541 - INFO - [SYSTEM] - [MODE:MATERIAL] - [STRATEGY:NONE] - [COOKIE:NO] - 已打开下载文件夹: C:/Users/Administrator/Desktop/VideoDown
2026-07-30 17:27:52,174 - INFO - [SYSTEM] - [MODE:MATERIAL] - [STRATEGY:NONE] - [COOKIE:NO] - [17:27:52][策略1][YouTube] 下载进度：96.2% | 12.4MiB/12.92MiB | 速度 678.53KiB/s | 剩余 00:00
2026-07-30 17:27:52,927 - INFO - [SYSTEM] - [MODE:MATERIAL] - [STRATEGY:NONE] - [COOKIE:NO] - [17:27:52][策略1][YouTube] 下载进度：100.0% | 12.9MiB/12.92MiB | 速度 677.99KiB/s | 剩余 00:00
2026-07-30 17:27:54,891 - INFO - [SYSTEM] - [MODE:MATERIAL] - [STRATEGY:NONE] - [COOKIE:NO] - [17:27:54][策略1][YouTube] Selected format: format_id=299+140, res=1080x1920, fps=60, tbr=5869.576, ext=mp4
2026-07-30 17:27:54,891 - INFO - [SYSTEM] - [MODE:MATERIAL] - [STRATEGY:NONE] - [COOKIE:NO] - [17:27:54][策略1][YouTube] 下载成功，耗时 26.5s
2026-07-30 17:27:54,892 - INFO - [SYSTEM] - [MODE:MATERIAL] - [STRATEGY:NONE] - [COOKIE:NO] - [17:27:28] 下载成功 | YouTube | 画质：1080P | 未走 Cookie
2026-07-30 17:27:56,732 - INFO - [SYSTEM] - [MODE:MATERIAL] - [STRATEGY:NONE] - [COOKIE:NO] - 下载额度结算：成功并扣除次数
2026-07-30 17:27:56,733 - INFO - [SYSTEM] - [MODE:MATERIAL] - [STRATEGY:NONE] - [COOKIE:NO] - [17:27:54] 下载完成: https://www.youtube.com/shorts/cNYvNTHMpl0
2026-07-30 17:27:56,950 - INFO - [SYSTEM] - [MODE:MATERIAL] - [STRATEGY:NONE] - [COOKIE:NO] - [17:27:56] 📥 开始下载: https://www.youtube.com/shorts/nKkqfKrg_5k
2026-07-30 17:27:56,951 - INFO - [SYSTEM] - [MODE:MATERIAL] - [STRATEGY:NONE] - [COOKIE:NO] - [17:27:56] YouTube URL normalized (Shorts)
2026-07-30 17:27:56,951 - INFO - [SYSTEM] - [MODE:MATERIAL] - [STRATEGY:NONE] - [COOKIE:NO] - [17:27:56] 📋 平台: YouTube
2026-07-30 17:27:56,951 - INFO - [SYSTEM] - [MODE:MATERIAL] - [STRATEGY:NONE] - [COOKIE:NO] - [17:27:56] 📱 检测到 Shorts 视频
2026-07-30 17:27:56,951 - INFO - [SYSTEM] - [MODE:MATERIAL] - [STRATEGY:NONE] - [COOKIE:NO] - [17:27:56] 策略1：YouTube 无 Cookie 下载...
2026-07-30 17:27:56,951 - INFO - [SYSTEM] - [MODE:MATERIAL] - [STRATEGY:NONE] - [COOKIE:NO] - [17:27:56][策略1][YouTube] 开始执行 yt-dlp
2026-07-30 17:28:02,326 - INFO - [SYSTEM] - [MODE:MATERIAL] - [STRATEGY:NONE] - [COOKIE:NO] - [17:28:02][策略1][YouTube] 下载进度：0.0% | 0.0MiB/6.42MiB | 速度 595.78KiB/s | 剩余 00:11
2026-07-30 17:28:02,338 - INFO - [SYSTEM] - [MODE:MATERIAL] - [STRATEGY:NONE] - [COOKIE:NO] - [17:28:02][策略1][YouTube] 下载进度：3.9% | 0.3MiB/6.42MiB | 速度 17.32MiB/s | 剩余 00:00
2026-07-30 17:28:02,355 - INFO - [SYSTEM] - [MODE:MATERIAL] - [STRATEGY:NONE] - [COOKIE:NO] - [17:28:02][策略1][YouTube] 下载进度：7.8% | 0.5MiB/6.42MiB | 速度 16.14MiB/s | 剩余 00:00
2026-07-30 17:28:02,949 - INFO - [SYSTEM] - [MODE:MATERIAL] - [STRATEGY:NONE] - [COOKIE:NO] - [17:28:02][策略1][YouTube] 下载进度：15.6% | 1.0MiB/6.42MiB | 速度 1.60MiB/s | 剩余 00:03
2026-07-30 17:28:04,297 - INFO - [SYSTEM] - [MODE:MATERIAL] - [STRATEGY:NONE] - [COOKIE:NO] - [17:28:04][策略1][YouTube] 下载进度：28.7% | 1.8MiB/6.42MiB | 速度 954.47KiB/s | 剩余 00:04
2026-07-30 17:28:05,297 - INFO - [SYSTEM] - [MODE:MATERIAL] - [STRATEGY:NONE] - [COOKIE:NO] - [17:28:05][策略1][YouTube] 下载进度：38.4% | 2.5MiB/6.42MiB | 速度 848.35KiB/s | 剩余 00:04
2026-07-30 17:28:06,299 - INFO - [SYSTEM] - [MODE:MATERIAL] - [STRATEGY:NONE] - [COOKIE:NO] - [17:28:06][策略1][YouTube] 下载进度：48.1% | 3.1MiB/6.42MiB | 速度 795.31KiB/s | 剩余 00:04
2026-07-30 17:28:07,297 - INFO - [SYSTEM] - [MODE:MATERIAL] - [STRATEGY:NONE] - [COOKIE:NO] - [17:28:07][策略1][YouTube] 下载进度：57.8% | 3.7MiB/6.42MiB | 速度 763.78KiB/s | 剩余 00:03
2026-07-30 17:28:08,346 - INFO - [SYSTEM] - [MODE:MATERIAL] - [STRATEGY:NONE] - [COOKIE:NO] - [17:28:08][策略1][YouTube] 下载进度：67.5% | 4.3MiB/6.42MiB | 速度 736.78KiB/s | 剩余 00:02
2026-07-30 17:28:09,255 - INFO - [SYSTEM] - [MODE:MATERIAL] - [STRATEGY:NONE] - [COOKIE:NO] - [17:28:09][策略1][YouTube] 下载进度：76.8% | 4.9MiB/6.42MiB | 速度 728.07KiB/s | 剩余 00:02
2026-07-30 17:28:10,329 - INFO - [SYSTEM] - [MODE:MATERIAL] - [STRATEGY:NONE] - [COOKIE:NO] - [17:28:10][策略1][YouTube] 下载进度：87.0% | 5.6MiB/6.42MiB | 速度 714.01KiB/s | 剩余 00:01
2026-07-30 17:28:11,274 - INFO - [SYSTEM] - [MODE:MATERIAL] - [STRATEGY:NONE] - [COOKIE:NO] - [17:28:11][策略1][YouTube] 下载进度：96.4% | 6.2MiB/6.42MiB | 速度 708.38KiB/s | 剩余 00:00
2026-07-30 17:28:11,609 - INFO - [SYSTEM] - [MODE:MATERIAL] - [STRATEGY:NONE] - [COOKIE:NO] - [17:28:11][策略1][YouTube] 下载进度：100.0% | 6.4MiB/6.42MiB | 速度 707.96KiB/s | 剩余 00:00
2026-07-30 17:28:12,808 - INFO - [SYSTEM] - [MODE:MATERIAL] - [STRATEGY:NONE] - [COOKIE:NO] - [17:28:12][策略1][YouTube] Selected format: format_id=137+140, res=1080x1920, fps=30, tbr=4200.005999999999, ext=mp4
2026-07-30 17:28:12,808 - INFO - [SYSTEM] - [MODE:MATERIAL] - [STRATEGY:NONE] - [COOKIE:NO] - [17:28:12][策略1][YouTube] 下载成功，耗时 15.9s
2026-07-30 17:28:12,809 - INFO - [SYSTEM] - [MODE:MATERIAL] - [STRATEGY:NONE] - [COOKIE:NO] - [17:27:56] 下载成功 | YouTube | 画质：1080P | 未走 Cookie
2026-07-30 17:28:14,648 - INFO - [SYSTEM] - [MODE:MATERIAL] - [STRATEGY:NONE] - [COOKIE:NO] - 下载额度结算：成功并扣除次数
2026-07-30 17:28:14,649 - INFO - [SYSTEM] - [MODE:MATERIAL] - [STRATEGY:NONE] - [COOKIE:NO] - [17:28:12] 下载完成: https://www.youtube.com/shorts/nKkqfKrg_5k
2026-07-30 17:28:14,873 - INFO - [SYSTEM] - [MODE:MATERIAL] - [STRATEGY:NONE] - [COOKIE:NO] - [17:28:14] 📥 开始下载: https://www.youtube.com/shorts/6WbVHodlXVM
2026-07-30 17:28:14,874 - INFO - [SYSTEM] - [MODE:MATERIAL] - [STRATEGY:NONE] - [COOKIE:NO] - [17:28:14] YouTube URL normalized (Shorts)
2026-07-30 17:28:14,875 - INFO - [SYSTEM] - [MODE:MATERIAL] - [STRATEGY:NONE] - [COOKIE:NO] - [17:28:14] 📋 平台: YouTube
2026-07-30 17:28:14,875 - INFO - [SYSTEM] - [MODE:MATERIAL] - [STRATEGY:NONE] - [COOKIE:NO] - [17:28:14] 📱 检测到 Shorts 视频
2026-07-30 17:28:14,875 - INFO - [SYSTEM] - [MODE:MATERIAL] - [STRATEGY:NONE] - [COOKIE:NO] - [17:28:14] 策略1：YouTube 无 Cookie 下载...
2026-07-30 17:28:14,875 - INFO - [SYSTEM] - [MODE:MATERIAL] - [STRATEGY:NONE] - [COOKIE:NO] - [17:28:14][策略1][YouTube] 开始执行 yt-dlp
2026-07-30 17:28:19,292 - INFO - [SYSTEM] - [MODE:MATERIAL] - [STRATEGY:NONE] - [COOKIE:NO] - [17:28:19][策略1][YouTube] 下载进度：0.0% | 0.0MiB/4.18MiB | 速度 231.63KiB/s | 剩余 00:18
2026-07-30 17:28:19,298 - INFO - [SYSTEM] - [MODE:MATERIAL] - [STRATEGY:NONE] - [COOKIE:NO] - [17:28:19][策略1][YouTube] 下载进度：3.0% | 0.1MiB/4.18MiB | 速度 11.85MiB/s | 剩余 00:00
2026-07-30 17:28:19,324 - INFO - [SYSTEM] - [MODE:MATERIAL] - [STRATEGY:NONE] - [COOKIE:NO] - [17:28:19][策略1][YouTube] 下载进度：6.0% | 0.3MiB/4.18MiB | 速度 6.88MiB/s | 剩余 00:00
2026-07-30 17:28:19,335 - INFO - [SYSTEM] - [MODE:MATERIAL] - [STRATEGY:NONE] - [COOKIE:NO] - [17:28:19][策略1][YouTube] 下载进度：11.9% | 0.5MiB/4.18MiB | 速度 10.50MiB/s | 剩余 00:00
2026-07-30 17:28:19,910 - INFO - [SYSTEM] - [MODE:MATERIAL] - [STRATEGY:NONE] - [COOKIE:NO] - [17:28:19][策略1][YouTube] 下载进度：23.9% | 1.0MiB/4.18MiB | 速度 1.60MiB/s | 剩余 00:01
2026-07-30 17:28:21,333 - INFO - [SYSTEM] - [MODE:MATERIAL] - [STRATEGY:NONE] - [COOKIE:NO] - [17:28:21][策略1][YouTube] 下载进度：44.7% | 1.9MiB/4.18MiB | 速度 934.80KiB/s | 剩余 00:02
2026-07-30 17:28:22,308 - INFO - [SYSTEM] - [MODE:MATERIAL] - [STRATEGY:NONE] - [COOKIE:NO] - [17:28:22][策略1][YouTube] 下载进度：59.3% | 2.5MiB/4.18MiB | 速度 840.06KiB/s | 剩余 00:02
2026-07-30 17:28:23,270 - INFO - [SYSTEM] - [MODE:MATERIAL] - [STRATEGY:NONE] - [COOKIE:NO] - [17:28:23][策略1][YouTube] 下载进度：74.3% | 3.1MiB/4.18MiB | 速度 798.15KiB/s | 剩余 00:01
2026-07-30 17:28:24,382 - INFO - [SYSTEM] - [MODE:MATERIAL] - [STRATEGY:NONE] - [COOKIE:NO] - [17:28:24][策略1][YouTube] 下载进度：89.9% | 3.8MiB/4.18MiB | 速度 754.90KiB/s | 剩余 00:00
2026-07-30 17:28:24,969 - INFO - [SYSTEM] - [MODE:MATERIAL] - [STRATEGY:NONE] - [COOKIE:NO] - [17:28:24][策略1][YouTube] 下载进度：100.0% | 4.2MiB/4.18MiB | 速度 753.03KiB/s | 剩余 00:00
2026-07-30 17:28:26,527 - INFO - [SYSTEM] - [MODE:MATERIAL] - [STRATEGY:NONE] - [COOKIE:NO] - [17:28:26][策略1][YouTube] Selected format: format_id=298+140, res=720x1280, fps=60, tbr=2917.004, ext=mp4
2026-07-30 17:28:26,528 - INFO - [SYSTEM] - [MODE:MATERIAL] - [STRATEGY:NONE] - [COOKIE:NO] - [17:28:26][策略1][YouTube] 下载成功，耗时 11.7s
2026-07-30 17:28:26,528 - INFO - [SYSTEM] - [MODE:MATERIAL] - [STRATEGY:NONE] - [COOKIE:NO] - [17:28:14] 下载成功 | YouTube | 画质：720P | 未走 Cookie
2026-07-30 17:28:28,356 - INFO - [SYSTEM] - [MODE:MATERIAL] - [STRATEGY:NONE] - [COOKIE:NO] - 下载额度结算：成功并扣除次数
2026-07-30 17:28:28,357 - INFO - [SYSTEM] - [MODE:MATERIAL] - [STRATEGY:NONE] - [COOKIE:NO] - [17:28:26] 下载完成: https://www.youtube.com/shorts/6WbVHodlXVM
2026-07-30 17:28:28,576 - INFO - [SYSTEM] - [MODE:MATERIAL] - [STRATEGY:NONE] - [COOKIE:NO] - [17:28:28] 📥 开始下载: https://www.youtube.com/shorts/ASwqwP5NVBI
2026-07-30 17:28:28,576 - INFO - [SYSTEM] - [MODE:MATERIAL] - [STRATEGY:NONE] - [COOKIE:NO] - [17:28:28] YouTube URL normalized (Shorts)
2026-07-30 17:28:28,577 - INFO - [SYSTEM] - [MODE:MATERIAL] - [STRATEGY:NONE] - [COOKIE:NO] - [17:28:28] 📋 平台: YouTube
2026-07-30 17:28:28,577 - INFO - [SYSTEM] - [MODE:MATERIAL] - [STRATEGY:NONE] - [COOKIE:NO] - [17:28:28] 📱 检测到 Shorts 视频
2026-07-30 17:28:28,577 - INFO - [SYSTEM] - [MODE:MATERIAL] - [STRATEGY:NONE] - [COOKIE:NO] - [17:28:28] 策略1：YouTube 无 Cookie 下载...
2026-07-30 17:28:28,577 - INFO - [SYSTEM] - [MODE:MATERIAL] - [STRATEGY:NONE] - [COOKIE:NO] - [17:28:28][策略1][YouTube] 开始执行 yt-dlp
2026-07-30 17:28:33,877 - INFO - [SYSTEM] - [MODE:MATERIAL] - [STRATEGY:NONE] - [COOKIE:NO] - [17:28:33][策略1][YouTube] 下载进度：0.0% | 0.0MiB/9.69MiB | 速度 141.28KiB/s | 剩余 01:10
2026-07-30 17:28:33,888 - INFO - [SYSTEM] - [MODE:MATERIAL] - [STRATEGY:NONE] - [COOKIE:NO] - [17:28:33][策略1][YouTube] 下载进度：2.6% | 0.3MiB/9.69MiB | 速度 14.62MiB/s | 剩余 00:00
2026-07-30 17:28:33,901 - INFO - [SYSTEM] - [MODE:MATERIAL] - [STRATEGY:NONE] - [COOKIE:NO] - [17:28:33][策略1][YouTube] 下载进度：5.1% | 0.5MiB/9.69MiB | 速度 15.91MiB/s | 剩余 00:00
2026-07-30 17:28:34,468 - INFO - [SYSTEM] - [MODE:MATERIAL] - [STRATEGY:NONE] - [COOKIE:NO] - [17:28:34][策略1][YouTube] 下载进度：10.3% | 1.0MiB/9.69MiB | 速度 1.67MiB/s | 剩余 00:05
2026-07-30 17:28:35,893 - INFO - [SYSTEM] - [MODE:MATERIAL] - [STRATEGY:NONE] - [COOKIE:NO] - [17:28:35][策略1][YouTube] 下载进度：19.4% | 1.9MiB/9.69MiB | 速度 952.47KiB/s | 剩余 00:08
2026-07-30 17:28:36,893 - INFO - [SYSTEM] - [MODE:MATERIAL] - [STRATEGY:NONE] - [COOKIE:NO] - [17:28:36][策略1][YouTube] 下载进度：25.8% | 2.5MiB/9.69MiB | 速度 846.96KiB/s | 剩余 00:08
2026-07-30 17:28:37,867 - INFO - [SYSTEM] - [MODE:MATERIAL] - [STRATEGY:NONE] - [COOKIE:NO] - [17:28:37][策略1][YouTube] 下载进度：32.2% | 3.1MiB/9.69MiB | 速度 799.31KiB/s | 剩余 00:08
2026-07-30 17:28:38,890 - INFO - [SYSTEM] - [MODE:MATERIAL] - [STRATEGY:NONE] - [COOKIE:NO] - [17:28:38][策略1][YouTube] 下载进度：38.8% | 3.8MiB/9.69MiB | 速度 766.03KiB/s | 剩余 00:07
2026-07-30 17:28:39,890 - INFO - [SYSTEM] - [MODE:MATERIAL] - [STRATEGY:NONE] - [COOKIE:NO] - [17:28:39][策略1][YouTube] 下载进度：45.2% | 4.4MiB/9.69MiB | 速度 744.55KiB/s | 剩余 00:07
2026-07-30 17:28:40,871 - INFO - [SYSTEM] - [MODE:MATERIAL] - [STRATEGY:NONE] - [COOKIE:NO] - [17:28:40][策略1][YouTube] 下载进度：51.6% | 5.0MiB/9.69MiB | 速度 731.15KiB/s | 剩余 00:06
2026-07-30 17:28:41,890 - INFO - [SYSTEM] - [MODE:MATERIAL] - [STRATEGY:NONE] - [COOKIE:NO] - [17:28:41][策略1][YouTube] 下载进度：58.1% | 5.6MiB/9.69MiB | 速度 719.07KiB/s | 剩余 00:05
2026-07-30 17:28:42,890 - INFO - [SYSTEM] - [MODE:MATERIAL] - [STRATEGY:NONE] - [COOKIE:NO] - [17:28:42][策略1][YouTube] 下载进度：64.5% | 6.3MiB/9.69MiB | 速度 709.93KiB/s | 剩余 00:04
2026-07-30 17:28:44,005 - INFO - [SYSTEM] - [MODE:MATERIAL] - [STRATEGY:NONE] - [COOKIE:NO] - [17:28:44][策略1][YouTube] 下载进度：70.9% | 6.9MiB/9.69MiB | 速度 694.72KiB/s | 剩余 00:04
2026-07-30 17:28:44,767 - INFO - [SYSTEM] - [MODE:MATERIAL] - [STRATEGY:NONE] - [COOKIE:NO] - [17:28:44][策略1][YouTube] 下载进度：76.7% | 7.4MiB/9.69MiB | 速度 698.56KiB/s | 剩余 00:03
2026-07-30 17:28:45,975 - INFO - [SYSTEM] - [MODE:MATERIAL] - [STRATEGY:NONE] - [COOKIE:NO] - [17:28:45][策略1][YouTube] 下载进度：84.2% | 8.2MiB/9.69MiB | 速度 690.68KiB/s | 剩余 00:02
2026-07-30 17:28:46,922 - INFO - [SYSTEM] - [MODE:MATERIAL] - [STRATEGY:NONE] - [COOKIE:NO] - [17:28:46][策略1][YouTube] 下载进度：90.5% | 8.8MiB/9.69MiB | 速度 688.12KiB/s | 剩余 00:01
2026-07-30 17:28:48,010 - INFO - [SYSTEM] - [MODE:MATERIAL] - [STRATEGY:NONE] - [COOKIE:NO] - [17:28:48][策略1][YouTube] 下载进度：97.1% | 9.4MiB/9.69MiB | 速度 681.48KiB/s | 剩余 00:00
2026-07-30 17:28:48,367 - INFO - [SYSTEM] - [MODE:MATERIAL] - [STRATEGY:NONE] - [COOKIE:NO] - [17:28:48][策略1][YouTube] 下载进度：100.0% | 9.7MiB/9.69MiB | 速度 684.64KiB/s | 剩余 00:00
2026-07-30 17:28:50,447 - INFO - [SYSTEM] - [MODE:MATERIAL] - [STRATEGY:NONE] - [COOKIE:NO] - [17:28:50][策略1][YouTube] Selected format: format_id=299+140, res=1080x1920, fps=60, tbr=5890.831999999999, ext=mp4
2026-07-30 17:28:50,447 - INFO - [SYSTEM] - [MODE:MATERIAL] - [STRATEGY:NONE] - [COOKIE:NO] - [17:28:50][策略1][YouTube] 下载成功，耗时 21.9s
2026-07-30 17:28:50,448 - INFO - [SYSTEM] - [MODE:MATERIAL] - [STRATEGY:NONE] - [COOKIE:NO] - [17:28:28] 下载成功 | YouTube | 画质：1080P | 未走 Cookie
2026-07-30 17:28:52,278 - INFO - [SYSTEM] - [MODE:MATERIAL] - [STRATEGY:NONE] - [COOKIE:NO] - 下载额度结算：成功并扣除次数
2026-07-30 17:28:52,279 - INFO - [SYSTEM] - [MODE:MATERIAL] - [STRATEGY:NONE] - [COOKIE:NO] - [17:28:50] 下载完成: https://www.youtube.com/shorts/ASwqwP5NVBI
2026-07-30 17:28:52,494 - INFO - [SYSTEM] - [MODE:MATERIAL] - [STRATEGY:NONE] - [COOKIE:NO] - [17:28:52] 📥 开始下载: https://www.youtube.com/shorts/tjnspY68ctk
2026-07-30 17:28:52,494 - INFO - [SYSTEM] - [MODE:MATERIAL] - [STRATEGY:NONE] - [COOKIE:NO] - [17:28:52] YouTube URL normalized (Shorts)
2026-07-30 17:28:52,495 - INFO - [SYSTEM] - [MODE:MATERIAL] - [STRATEGY:NONE] - [COOKIE:NO] - [17:28:52] 📋 平台: YouTube
2026-07-30 17:28:52,495 - INFO - [SYSTEM] - [MODE:MATERIAL] - [STRATEGY:NONE] - [COOKIE:NO] - [17:28:52] 📱 检测到 Shorts 视频
2026-07-30 17:28:52,495 - INFO - [SYSTEM] - [MODE:MATERIAL] - [STRATEGY:NONE] - [COOKIE:NO] - [17:28:52] 策略1：YouTube 无 Cookie 下载...
2026-07-30 17:28:52,496 - INFO - [SYSTEM] - [MODE:MATERIAL] - [STRATEGY:NONE] - [COOKIE:NO] - [17:28:52][策略1][YouTube] 开始执行 yt-dlp
2026-07-30 17:28:57,816 - INFO - [SYSTEM] - [MODE:MATERIAL] - [STRATEGY:NONE] - [COOKIE:NO] - [17:28:57][策略1][YouTube] 下载进度：0.0% | 0.0MiB/5.67MiB | 速度 501.05KiB/s | 剩余 00:11
2026-07-30 17:28:57,829 - INFO - [SYSTEM] - [MODE:MATERIAL] - [STRATEGY:NONE] - [COOKIE:NO] - [17:28:57][策略1][YouTube] 下载进度：2.2% | 0.1MiB/5.67MiB | 速度 8.27MiB/s | 剩余 00:00
2026-07-30 17:28:57,833 - INFO - [SYSTEM] - [MODE:MATERIAL] - [STRATEGY:NONE] - [COOKIE:NO] - [17:28:57][策略1][YouTube] 下载进度：4.4% | 0.2MiB/5.67MiB | 速度 13.24MiB/s | 剩余 00:00
2026-07-30 17:28:57,860 - INFO - [SYSTEM] - [MODE:MATERIAL] - [STRATEGY:NONE] - [COOKIE:NO] - [17:28:57][策略1][YouTube] 下载进度：8.8% | 0.5MiB/5.67MiB | 速度 11.41MiB/s | 剩余 00:00
2026-07-30 17:28:58,426 - INFO - [SYSTEM] - [MODE:MATERIAL] - [STRATEGY:NONE] - [COOKIE:NO] - [17:28:58][策略1][YouTube] 下载进度：17.6% | 1.0MiB/5.67MiB | 速度 1.63MiB/s | 剩余 00:02
2026-07-30 17:28:59,859 - INFO - [SYSTEM] - [MODE:MATERIAL] - [STRATEGY:NONE] - [COOKIE:NO] - [17:28:59][策略1][YouTube] 下载进度：33.1% | 1.9MiB/5.67MiB | 速度 940.44KiB/s | 剩余 00:04
2026-07-30 17:29:00,835 - INFO - [SYSTEM] - [MODE:MATERIAL] - [STRATEGY:NONE] - [COOKIE:NO] - [17:29:00][策略1][YouTube] 下载进度：44.0% | 2.5MiB/5.67MiB | 速度 844.59KiB/s | 剩余 00:03
2026-07-30 17:29:01,853 - INFO - [SYSTEM] - [MODE:MATERIAL] - [STRATEGY:NONE] - [COOKIE:NO] - [17:29:01][策略1][YouTube] 下载进度：55.1% | 3.1MiB/5.67MiB | 速度 791.16KiB/s | 剩余 00:03
2026-07-30 17:29:02,825 - INFO - [SYSTEM] - [MODE:MATERIAL] - [STRATEGY:NONE] - [COOKIE:NO] - [17:29:02][策略1][YouTube] 下载进度：66.0% | 3.7MiB/5.67MiB | 速度 763.86KiB/s | 剩余 00:02
2026-07-30 17:29:03,825 - INFO - [SYSTEM] - [MODE:MATERIAL] - [STRATEGY:NONE] - [COOKIE:NO] - [17:29:03][策略1][YouTube] 下载进度：77.2% | 4.4MiB/5.67MiB | 速度 744.92KiB/s | 剩余 00:01
2026-07-30 17:29:04,955 - INFO - [SYSTEM] - [MODE:MATERIAL] - [STRATEGY:NONE] - [COOKIE:NO] - [17:29:04][策略1][YouTube] 下载进度：88.4% | 5.0MiB/5.67MiB | 速度 718.22KiB/s | 剩余 00:00
2026-07-30 17:29:05,776 - INFO - [SYSTEM] - [MODE:MATERIAL] - [STRATEGY:NONE] - [COOKIE:NO] - [17:29:05][策略1][YouTube] 下载进度：98.3% | 5.6MiB/5.67MiB | 速度 716.47KiB/s | 剩余 00:00
2026-07-30 17:29:05,894 - INFO - [SYSTEM] - [MODE:MATERIAL] - [STRATEGY:NONE] - [COOKIE:NO] - [17:29:05][策略1][YouTube] 下载进度：100.0% | 5.7MiB/5.67MiB | 速度 718.28KiB/s | 剩余 00:00
2026-07-30 17:29:07,552 - INFO - [SYSTEM] - [MODE:MATERIAL] - [STRATEGY:NONE] - [COOKIE:NO] - [17:29:07][策略1][YouTube] Selected format: format_id=137+140, res=1080x1920, fps=30, tbr=3705.24, ext=mp4
2026-07-30 17:29:07,552 - INFO - [SYSTEM] - [MODE:MATERIAL] - [STRATEGY:NONE] - [COOKIE:NO] - [17:29:07][策略1][YouTube] 下载成功，耗时 15.1s
2026-07-30 17:29:07,553 - INFO - [SYSTEM] - [MODE:MATERIAL] - [STRATEGY:NONE] - [COOKIE:NO] - [17:28:52] 下载成功 | YouTube | 画质：1080P | 未走 Cookie
2026-07-30 17:29:09,418 - INFO - [SYSTEM] - [MODE:MATERIAL] - [STRATEGY:NONE] - [COOKIE:NO] - 下载额度结算：成功并扣除次数
2026-07-30 17:29:09,419 - INFO - [SYSTEM] - [MODE:MATERIAL] - [STRATEGY:NONE] - [COOKIE:NO] - [17:29:07] 下载完成: https://www.youtube.com/shorts/tjnspY68ctk
2026-07-30 17:29:09,637 - INFO - [SYSTEM] - [MODE:MATERIAL] - [STRATEGY:NONE] - [COOKIE:NO] - [17:29:09] 📥 开始下载: https://www.youtube.com/shorts/GW2IauWuDOM
2026-07-30 17:29:09,638 - INFO - [SYSTEM] - [MODE:MATERIAL] - [STRATEGY:NONE] - [COOKIE:NO] - [17:29:09] YouTube URL normalized (Shorts)
2026-07-30 17:29:09,638 - INFO - [SYSTEM] - [MODE:MATERIAL] - [STRATEGY:NONE] - [COOKIE:NO] - [17:29:09] 📋 平台: YouTube
2026-07-30 17:29:09,638 - INFO - [SYSTEM] - [MODE:MATERIAL] - [STRATEGY:NONE] - [COOKIE:NO] - [17:29:09] 📱 检测到 Shorts 视频
2026-07-30 17:29:09,638 - INFO - [SYSTEM] - [MODE:MATERIAL] - [STRATEGY:NONE] - [COOKIE:NO] - [17:29:09] 策略1：YouTube 无 Cookie 下载...
2026-07-30 17:29:09,639 - INFO - [SYSTEM] - [MODE:MATERIAL] - [STRATEGY:NONE] - [COOKIE:NO] - [17:29:09][策略1][YouTube] 开始执行 yt-dlp
2026-07-30 17:29:14,591 - INFO - [SYSTEM] - [MODE:MATERIAL] - [STRATEGY:NONE] - [COOKIE:NO] - [17:29:14][策略1][YouTube] 下载进度：0.0% | 0.0MiB/10.44MiB | 速度 771.30KiB/s | 剩余 00:13
2026-07-30 17:29:14,606 - INFO - [SYSTEM] - [MODE:MATERIAL] - [STRATEGY:NONE] - [COOKIE:NO] - [17:29:14][策略1][YouTube] 下载进度：2.4% | 0.3MiB/10.44MiB | 速度 14.93MiB/s | 剩余 00:00
2026-07-30 17:29:14,630 - INFO - [SYSTEM] - [MODE:MATERIAL] - [STRATEGY:NONE] - [COOKIE:NO] - [17:29:14][策略1][YouTube] 下载进度：4.8% | 0.5MiB/10.44MiB | 速度 12.99MiB/s | 剩余 00:00
2026-07-30 17:29:15,214 - INFO - [SYSTEM] - [MODE:MATERIAL] - [STRATEGY:NONE] - [COOKIE:NO] - [17:29:15][策略1][YouTube] 下载进度：9.6% | 1.0MiB/10.44MiB | 速度 1.60MiB/s | 剩余 00:05
2026-07-30 17:29:17,024 - INFO - [SYSTEM] - [MODE:MATERIAL] - [STRATEGY:NONE] - [COOKIE:NO] - [17:29:17][策略1][YouTube] 下载进度：17.8% | 1.9MiB/10.44MiB | 速度 780.11KiB/s | 剩余 00:11
2026-07-30 17:29:17,889 - INFO - [SYSTEM] - [MODE:MATERIAL] - [STRATEGY:NONE] - [COOKIE:NO] - [17:29:17][策略1][YouTube] 下载进度：22.3% | 2.3MiB/10.44MiB | 速度 721.86KiB/s | 剩余 00:11
2026-07-30 17:29:18,769 - INFO - [SYSTEM] - [MODE:MATERIAL] - [STRATEGY:NONE] - [COOKIE:NO] - [17:29:18][策略1][YouTube] 下载进度：27.5% | 2.9MiB/10.44MiB | 速度 703.45KiB/s | 剩余 00:11
2026-07-30 17:29:19,788 - INFO - [SYSTEM] - [MODE:MATERIAL] - [STRATEGY:NONE] - [COOKIE:NO] - [17:29:19][策略1][YouTube] 下载进度：33.4% | 3.5MiB/10.44MiB | 速度 687.62KiB/s | 剩余 00:10
2026-07-30 17:29:20,763 - INFO - [SYSTEM] - [MODE:MATERIAL] - [STRATEGY:NONE] - [COOKIE:NO] - [17:29:20][策略1][YouTube] 下载进度：39.3% | 4.1MiB/10.44MiB | 速度 679.96KiB/s | 剩余 00:09
2026-07-30 17:29:21,761 - INFO - [SYSTEM] - [MODE:MATERIAL] - [STRATEGY:NONE] - [COOKIE:NO] - [17:29:21][策略1][YouTube] 下载进度：45.2% | 4.7MiB/10.44MiB | 速度 674.48KiB/s | 剩余 00:08
2026-07-30 17:29:22,762 - INFO - [SYSTEM] - [MODE:MATERIAL] - [STRATEGY:NONE] - [COOKIE:NO] - [17:29:22][策略1][YouTube] 下载进度：51.2% | 5.3MiB/10.44MiB | 速度 670.26KiB/s | 剩余 00:07
2026-07-30 17:29:23,760 - INFO - [SYSTEM] - [MODE:MATERIAL] - [STRATEGY:NONE] - [COOKIE:NO] - [17:29:23][策略1][YouTube] 下载进度：57.2% | 6.0MiB/10.44MiB | 速度 667.02KiB/s | 剩余 00:06
2026-07-30 17:29:25,101 - INFO - [SYSTEM] - [MODE:MATERIAL] - [STRATEGY:NONE] - [COOKIE:NO] - [17:29:25][策略1][YouTube] 下载进度：63.2% | 6.6MiB/10.44MiB | 速度 642.89KiB/s | 剩余 00:06
2026-07-30 17:29:25,511 - INFO - [SYSTEM] - [MODE:MATERIAL] - [STRATEGY:NONE] - [COOKIE:NO] - [17:29:25][策略1][YouTube] 下载进度：67.7% | 7.1MiB/10.44MiB | 速度 662.52KiB/s | 剩余 00:05
2026-07-30 17:29:26,993 - INFO - [SYSTEM] - [MODE:MATERIAL] - [STRATEGY:NONE] - [COOKIE:NO] - [17:29:26][策略1][YouTube] 下载进度：76.6% | 8.0MiB/10.44MiB | 速度 660.38KiB/s | 剩余 00:03
2026-07-30 17:29:28,039 - INFO - [SYSTEM] - [MODE:MATERIAL] - [STRATEGY:NONE] - [COOKIE:NO] - [17:29:28][策略1][YouTube] 下载进度：82.6% | 8.6MiB/10.44MiB | 速度 656.96KiB/s | 剩余 00:02
2026-07-30 17:29:28,995 - INFO - [SYSTEM] - [MODE:MATERIAL] - [STRATEGY:NONE] - [COOKIE:NO] - [17:29:28][策略1][YouTube] 下载进度：88.4% | 9.2MiB/10.44MiB | 速度 656.21KiB/s | 剩余 00:01
2026-07-30 17:29:29,617 - INFO - [SYSTEM] - [MODE:MATERIAL] - [STRATEGY:NONE] - [COOKIE:NO] - [17:29:29][策略1][YouTube] 下载进度：92.2% | 9.6MiB/10.44MiB | 速度 655.84KiB/s | 剩余 00:01
2026-07-30 17:29:30,482 - INFO - [SYSTEM] - [MODE:MATERIAL] - [STRATEGY:NONE] - [COOKIE:NO] - [17:29:30][策略1][YouTube] 下载进度：94.6% | 9.9MiB/10.44MiB | 速度 13.82MiB/s | 剩余 00:00
2026-07-30 17:29:31,517 - INFO - [SYSTEM] - [MODE:MATERIAL] - [STRATEGY:NONE] - [COOKIE:NO] - [17:29:31][策略1][YouTube] 下载进度：97.0% | 10.1MiB/10.44MiB | 速度 484.91KiB/s | 剩余 00:00
2026-07-30 17:29:31,527 - INFO - [SYSTEM] - [MODE:MATERIAL] - [STRATEGY:NONE] - [COOKIE:NO] - [17:29:31][策略1][YouTube] 下载进度：99.3% | 10.4MiB/10.44MiB | 速度 712.29KiB/s | 剩余 00:00
2026-07-30 17:29:31,531 - INFO - [SYSTEM] - [MODE:MATERIAL] - [STRATEGY:NONE] - [COOKIE:NO] - [17:29:31][策略1][YouTube] 下载进度：100.0% | 10.4MiB/10.44MiB | 速度 784.20KiB/s | 剩余 00:00
2026-07-30 17:29:33,124 - INFO - [SYSTEM] - [MODE:MATERIAL] - [STRATEGY:NONE] - [COOKIE:NO] - [17:29:33][策略1][YouTube] Selected format: format_id=299+140, res=1080x1920, fps=60, tbr=6321.156, ext=mp4
2026-07-30 17:29:33,124 - INFO - [SYSTEM] - [MODE:MATERIAL] - [STRATEGY:NONE] - [COOKIE:NO] - [17:29:33][策略1][YouTube] 下载成功，耗时 23.5s
2026-07-30 17:29:33,125 - INFO - [SYSTEM] - [MODE:MATERIAL] - [STRATEGY:NONE] - [COOKIE:NO] - [17:29:09] 下载成功 | YouTube | 画质：1080P | 未走 Cookie
2026-07-30 17:29:34,971 - INFO - [SYSTEM] - [MODE:MATERIAL] - [STRATEGY:NONE] - [COOKIE:NO] - 下载额度结算：成功并扣除次数
2026-07-30 17:29:34,972 - INFO - [SYSTEM] - [MODE:MATERIAL] - [STRATEGY:NONE] - [COOKIE:NO] - [17:29:33] 下载完成: https://www.youtube.com/shorts/GW2IauWuDOM
2026-07-30 17:29:35,184 - INFO - [SYSTEM] - [MODE:MATERIAL] - [STRATEGY:NONE] - [COOKIE:NO] - [17:29:35] 📥 开始下载: https://www.youtube.com/shorts/UVr9_kvY5-o
2026-07-30 17:29:35,185 - INFO - [SYSTEM] - [MODE:MATERIAL] - [STRATEGY:NONE] - [COOKIE:NO] - [17:29:35] YouTube URL normalized (Shorts)
2026-07-30 17:29:35,186 - INFO - [SYSTEM] - [MODE:MATERIAL] - [STRATEGY:NONE] - [COOKIE:NO] - [17:29:35] 📋 平台: YouTube
2026-07-30 17:29:35,187 - INFO - [SYSTEM] - [MODE:MATERIAL] - [STRATEGY:NONE] - [COOKIE:NO] - [17:29:35] 📱 检测到 Shorts 视频
2026-07-30 17:29:35,187 - INFO - [SYSTEM] - [MODE:MATERIAL] - [STRATEGY:NONE] - [COOKIE:NO] - [17:29:35] 策略1：YouTube 无 Cookie 下载...
2026-07-30 17:29:35,188 - INFO - [SYSTEM] - [MODE:MATERIAL] - [STRATEGY:NONE] - [COOKIE:NO] - [17:29:35][策略1][YouTube] 开始执行 yt-dlp
2026-07-30 17:29:40,593 - INFO - [SYSTEM] - [MODE:MATERIAL] - [STRATEGY:NONE] - [COOKIE:NO] - [17:29:40][策略1][YouTube] 下载进度：0.0% | 0.0MiB/6.19MiB | 速度 5.35KiB/s | 剩余 19:45
2026-07-30 17:29:40,600 - INFO - [SYSTEM] - [MODE:MATERIAL] - [STRATEGY:NONE] - [COOKIE:NO] - [17:29:40][策略1][YouTube] 下载进度：2.0% | 0.1MiB/6.19MiB | 速度 656.65KiB/s | 剩余 00:09
2026-07-30 17:29:40,608 - INFO - [SYSTEM] - [MODE:MATERIAL] - [STRATEGY:NONE] - [COOKIE:NO] - [17:29:40][策略1][YouTube] 下载进度：4.0% | 0.2MiB/6.19MiB | 速度 1.24MiB/s | 剩余 00:04
2026-07-30 17:29:40,630 - INFO - [SYSTEM] - [MODE:MATERIAL] - [STRATEGY:NONE] - [COOKIE:NO] - [17:29:40][策略1][YouTube] 下载进度：8.1% | 0.5MiB/6.19MiB | 速度 2.23MiB/s | 剩余 00:02
2026-07-30 17:29:41,194 - INFO - [SYSTEM] - [MODE:MATERIAL] - [STRATEGY:NONE] - [COOKIE:NO] - [17:29:41][策略1][YouTube] 下载进度：16.1% | 1.0MiB/6.19MiB | 速度 1.27MiB/s | 剩余 00:04
2026-07-30 17:29:42,617 - INFO - [SYSTEM] - [MODE:MATERIAL] - [STRATEGY:NONE] - [COOKIE:NO] - [17:29:42][策略1][YouTube] 下载进度：30.4% | 1.9MiB/6.19MiB | 速度 873.29KiB/s | 剩余 00:05
2026-07-30 17:29:43,637 - INFO - [SYSTEM] - [MODE:MATERIAL] - [STRATEGY:NONE] - [COOKIE:NO] - [17:29:43][策略1][YouTube] 下载进度：40.5% | 2.5MiB/6.19MiB | 速度 795.07KiB/s | 剩余 00:04
2026-07-30 17:29:44,593 - INFO - [SYSTEM] - [MODE:MATERIAL] - [STRATEGY:NONE] - [COOKIE:NO] - [17:29:44][策略1][YouTube] 下载进度：50.4% | 3.1MiB/6.19MiB | 速度 763.02KiB/s | 剩余 00:04
2026-07-30 17:29:45,618 - INFO - [SYSTEM] - [MODE:MATERIAL] - [STRATEGY:NONE] - [COOKIE:NO] - [17:29:45][策略1][YouTube] 下载进度：60.7% | 3.8MiB/6.19MiB | 速度 738.68KiB/s | 剩余 00:03
2026-07-30 17:29:46,617 - INFO - [SYSTEM] - [MODE:MATERIAL] - [STRATEGY:NONE] - [COOKIE:NO] - [17:29:46][策略1][YouTube] 下载进度：70.8% | 4.4MiB/6.19MiB | 速度 722.68KiB/s | 剩余 00:02
2026-07-30 17:29:46,890 - INFO - [SYSTEM] - [MODE:MATERIAL] - [STRATEGY:NONE] - [COOKIE:NO] - 设置已保存
2026-07-30 17:29:47,616 - INFO - [SYSTEM] - [MODE:MATERIAL] - [STRATEGY:NONE] - [COOKIE:NO] - [17:29:47][策略1][YouTube] 下载进度：80.8% | 5.0MiB/6.19MiB | 速度 711.22KiB/s | 剩余 00:01
2026-07-30 17:29:48,617 - INFO - [SYSTEM] - [MODE:MATERIAL] - [STRATEGY:NONE] - [COOKIE:NO] - [17:29:48][策略1][YouTube] 下载进度：90.9% | 5.6MiB/6.19MiB | 速度 702.47KiB/s | 剩余 00:00
2026-07-30 17:29:49,492 - INFO - [SYSTEM] - [MODE:MATERIAL] - [STRATEGY:NONE] - [COOKIE:NO] - [17:29:49][策略1][YouTube] 下载进度：100.0% | 6.2MiB/6.19MiB | 速度 698.02KiB/s | 剩余 00:00
2026-07-30 17:29:51,442 - INFO - [SYSTEM] - [MODE:MATERIAL] - [STRATEGY:NONE] - [COOKIE:NO] - [17:29:51][策略1][YouTube] Selected format: format_id=299+140, res=1080x1920, fps=60, tbr=4271.914, ext=mp4
2026-07-30 17:29:51,442 - INFO - [SYSTEM] - [MODE:MATERIAL] - [STRATEGY:NONE] - [COOKIE:NO] - [17:29:51][策略1][YouTube] 下载成功，耗时 16.3s
2026-07-30 17:29:51,443 - INFO - [SYSTEM] - [MODE:MATERIAL] - [STRATEGY:NONE] - [COOKIE:NO] - [17:29:35] 下载成功 | YouTube | 画质：1080P | 未走 Cookie
2026-07-30 17:29:53,284 - INFO - [SYSTEM] - [MODE:MATERIAL] - [STRATEGY:NONE] - [COOKIE:NO] - 下载额度结算：成功并扣除次数
2026-07-30 17:29:53,285 - INFO - [SYSTEM] - [MODE:MATERIAL] - [STRATEGY:NONE] - [COOKIE:NO] - [17:29:51] 下载完成: https://www.youtube.com/shorts/UVr9_kvY5-o
2026-07-30 17:29:53,511 - INFO - [SYSTEM] - [MODE:MATERIAL] - [STRATEGY:NONE] - [COOKIE:NO] - [17:29:53] 📥 开始下载: https://www.youtube.com/shorts/w6oSq5GfBu0
2026-07-30 17:29:53,512 - INFO - [SYSTEM] - [MODE:MATERIAL] - [STRATEGY:NONE] - [COOKIE:NO] - [17:29:53] YouTube URL normalized (Shorts)
2026-07-30 17:29:53,512 - INFO - [SYSTEM] - [MODE:MATERIAL] - [STRATEGY:NONE] - [COOKIE:NO] - [17:29:53] 📋 平台: YouTube
2026-07-30 17:29:53,512 - INFO - [SYSTEM] - [MODE:MATERIAL] - [STRATEGY:NONE] - [COOKIE:NO] - [17:29:53] 📱 检测到 Shorts 视频
2026-07-30 17:29:53,512 - INFO - [SYSTEM] - [MODE:MATERIAL] - [STRATEGY:NONE] - [COOKIE:NO] - [17:29:53] 策略1：YouTube 无 Cookie 下载...
2026-07-30 17:29:53,513 - INFO - [SYSTEM] - [MODE:MATERIAL] - [STRATEGY:NONE] - [COOKIE:NO] - [17:29:53][策略1][YouTube] 开始执行 yt-dlp
2026-07-30 17:29:57,790 - INFO - [SYSTEM] - [MODE:MATERIAL] - [STRATEGY:NONE] - [COOKIE:NO] - [17:29:57][策略1][YouTube] 下载进度：0.0% | 0.0MiB/7.82MiB | 速度 Unknown | 剩余 Unknown
2026-07-30 17:29:57,804 - INFO - [SYSTEM] - [MODE:MATERIAL] - [STRATEGY:NONE] - [COOKIE:NO] - [17:29:57][策略1][YouTube] 下载进度：3.2% | 0.3MiB/7.82MiB | 速度 18.37MiB/s | 剩余 00:00
2026-07-30 17:29:57,823 - INFO - [SYSTEM] - [MODE:MATERIAL] - [STRATEGY:NONE] - [COOKIE:NO] - [17:29:57][策略1][YouTube] 下载进度：6.4% | 0.5MiB/7.82MiB | 速度 14.81MiB/s | 剩余 00:00
2026-07-30 17:29:58,416 - INFO - [SYSTEM] - [MODE:MATERIAL] - [STRATEGY:NONE] - [COOKIE:NO] - [17:29:58][策略1][YouTube] 下载进度：12.8% | 1.0MiB/7.82MiB | 速度 1.59MiB/s | 剩余 00:04
2026-07-30 17:29:59,768 - INFO - [SYSTEM] - [MODE:MATERIAL] - [STRATEGY:NONE] - [COOKIE:NO] - [17:29:59][策略1][YouTube] 下载进度：23.6% | 1.8MiB/7.82MiB | 速度 953.23KiB/s | 剩余 00:06
2026-07-30 17:30:00,766 - INFO - [SYSTEM] - [MODE:MATERIAL] - [STRATEGY:NONE] - [COOKIE:NO] - [17:30:00][策略1][YouTube] 下载进度：31.5% | 2.5MiB/7.82MiB | 速度 848.54KiB/s | 剩余 00:06
2026-07-30 17:30:01,767 - INFO - [SYSTEM] - [MODE:MATERIAL] - [STRATEGY:NONE] - [COOKIE:NO] - [17:30:01][策略1][YouTube] 下载进度：39.5% | 3.1MiB/7.82MiB | 速度 796.02KiB/s | 剩余 00:06
2026-07-30 17:30:02,765 - INFO - [SYSTEM] - [MODE:MATERIAL] - [STRATEGY:NONE] - [COOKIE:NO] - [17:30:02][策略1][YouTube] 下载进度：47.5% | 3.7MiB/7.82MiB | 速度 764.91KiB/s | 剩余 00:05
2026-07-30 17:30:03,768 - INFO - [SYSTEM] - [MODE:MATERIAL] - [STRATEGY:NONE] - [COOKIE:NO] - [17:30:03][策略1][YouTube] 下载进度：55.5% | 4.3MiB/7.82MiB | 速度 743.65KiB/s | 剩余 00:04
2026-07-30 17:30:04,766 - INFO - [SYSTEM] - [MODE:MATERIAL] - [STRATEGY:NONE] - [COOKIE:NO] - [17:30:04][策略1][YouTube] 下载进度：63.5% | 5.0MiB/7.82MiB | 速度 728.93KiB/s | 剩余 00:04
2026-07-30 17:30:05,775 - INFO - [SYSTEM] - [MODE:MATERIAL] - [STRATEGY:NONE] - [COOKIE:NO] - [17:30:05][策略1][YouTube] 下载进度：71.5% | 5.6MiB/7.82MiB | 速度 717.11KiB/s | 剩余 00:03
2026-07-30 17:30:06,768 - INFO - [SYSTEM] - [MODE:MATERIAL] - [STRATEGY:NONE] - [COOKIE:NO] - [17:30:06][策略1][YouTube] 下载进度：79.4% | 6.2MiB/7.82MiB | 速度 708.45KiB/s | 剩余 00:02
2026-07-30 17:30:07,766 - INFO - [SYSTEM] - [MODE:MATERIAL] - [STRATEGY:NONE] - [COOKIE:NO] - [17:30:07][策略1][YouTube] 下载进度：87.4% | 6.8MiB/7.82MiB | 速度 701.69KiB/s | 剩余 00:01
2026-07-30 17:30:08,765 - INFO - [SYSTEM] - [MODE:MATERIAL] - [STRATEGY:NONE] - [COOKIE:NO] - [17:30:08][策略1][YouTube] 下载进度：95.4% | 7.5MiB/7.82MiB | 速度 696.17KiB/s | 剩余 00:00
2026-07-30 17:30:09,320 - INFO - [SYSTEM] - [MODE:MATERIAL] - [STRATEGY:NONE] - [COOKIE:NO] - [17:30:09][策略1][YouTube] 下载进度：100.0% | 7.8MiB/7.82MiB | 速度 694.36KiB/s | 剩余 00:00
2026-07-30 17:30:10,460 - INFO - [SYSTEM] - [MODE:MATERIAL] - [STRATEGY:NONE] - [COOKIE:NO] - 已打开下载文件夹: C:/Users/Administrator/Desktop/VideoDown
2026-07-30 17:30:10,977 - INFO - [SYSTEM] - [MODE:MATERIAL] - [STRATEGY:NONE] - [COOKIE:NO] - [17:30:10][策略1][YouTube] Selected format: format_id=137+140, res=1080x1920, fps=30, tbr=4379.957, ext=mp4
2026-07-30 17:30:10,977 - INFO - [SYSTEM] - [MODE:MATERIAL] - [STRATEGY:NONE] - [COOKIE:NO] - [17:30:10][策略1][YouTube] 下载成功，耗时 17.5s
2026-07-30 17:30:10,978 - INFO - [SYSTEM] - [MODE:MATERIAL] - [STRATEGY:NONE] - [COOKIE:NO] - [17:29:53] 下载成功 | YouTube | 画质：1080P | 未走 Cookie
2026-07-30 17:30:12,817 - INFO - [SYSTEM] - [MODE:MATERIAL] - [STRATEGY:NONE] - [COOKIE:NO] - 下载额度结算：成功并扣除次数
2026-07-30 17:30:12,819 - INFO - [SYSTEM] - [MODE:MATERIAL] - [STRATEGY:NONE] - [COOKIE:NO] - [17:30:10] 下载完成: https://www.youtube.com/shorts/w6oSq5GfBu0
2026-07-30 17:30:13,042 - INFO - [SYSTEM] - [MODE:MATERIAL] - [STRATEGY:NONE] - [COOKIE:NO] - [17:30:13] 📥 开始下载: https://www.youtube.com/shorts/lDHsJM7eOHw
2026-07-30 17:30:13,043 - INFO - [SYSTEM] - [MODE:MATERIAL] - [STRATEGY:NONE] - [COOKIE:NO] - [17:30:13] YouTube URL normalized (Shorts)
2026-07-30 17:30:13,043 - INFO - [SYSTEM] - [MODE:MATERIAL] - [STRATEGY:NONE] - [COOKIE:NO] - [17:30:13] 📋 平台: YouTube
2026-07-30 17:30:13,043 - INFO - [SYSTEM] - [MODE:MATERIAL] - [STRATEGY:NONE] - [COOKIE:NO] - [17:30:13] 📱 检测到 Shorts 视频
2026-07-30 17:30:13,043 - INFO - [SYSTEM] - [MODE:MATERIAL] - [STRATEGY:NONE] - [COOKIE:NO] - [17:30:13] 策略1：YouTube 无 Cookie 下载...
2026-07-30 17:30:13,044 - INFO - [SYSTEM] - [MODE:MATERIAL] - [STRATEGY:NONE] - [COOKIE:NO] - [17:30:13][策略1][YouTube] 开始执行 yt-dlp
2026-07-30 17:30:19,077 - INFO - [SYSTEM] - [MODE:MATERIAL] - [STRATEGY:NONE] - [COOKIE:NO] - [17:30:19][策略1][YouTube] 仍在解析或下载中，等待平台响应...
2026-07-30 17:30:20,712 - INFO - [SYSTEM] - [MODE:MATERIAL] - [STRATEGY:NONE] - [COOKIE:NO] - [17:30:20][策略1][YouTube] 下载进度：0.0% | 0.0MiB/10.69MiB | 速度 975.42KiB/s | 剩余 00:11
2026-07-30 17:30:20,810 - INFO - [SYSTEM] - [MODE:MATERIAL] - [STRATEGY:NONE] - [COOKIE:NO] - [17:30:20][策略1][YouTube] 下载进度：2.3% | 0.2MiB/10.69MiB | 速度 2.57MiB/s | 剩余 00:04
2026-07-30 17:30:20,828 - INFO - [SYSTEM] - [MODE:MATERIAL] - [STRATEGY:NONE] - [COOKIE:NO] - [17:30:20][策略1][YouTube] 下载进度：4.7% | 0.5MiB/10.69MiB | 速度 4.30MiB/s | 剩余 00:02
2026-07-30 17:30:21,322 - INFO - [SYSTEM] - [MODE:MATERIAL] - [STRATEGY:NONE] - [COOKIE:NO] - [17:30:21][策略1][YouTube] 下载进度：9.3% | 1.0MiB/10.69MiB | 速度 1.63MiB/s | 剩余 00:05
2026-07-30 17:30:22,943 - INFO - [SYSTEM] - [MODE:MATERIAL] - [STRATEGY:NONE] - [COOKIE:NO] - [17:30:22][策略1][YouTube] 下载进度：18.7% | 2.0MiB/10.69MiB | 速度 917.24KiB/s | 剩余 00:09
2026-07-30 17:30:23,944 - INFO - [SYSTEM] - [MODE:MATERIAL] - [STRATEGY:NONE] - [COOKIE:NO] - [17:30:23][策略1][YouTube] 下载进度：24.5% | 2.6MiB/10.69MiB | 速度 828.80KiB/s | 剩余 00:09
2026-07-30 17:30:24,921 - INFO - [SYSTEM] - [MODE:MATERIAL] - [STRATEGY:NONE] - [COOKIE:NO] - [17:30:24][策略1][YouTube] 下载进度：30.2% | 3.2MiB/10.69MiB | 速度 786.63KiB/s | 剩余 00:09
2026-07-30 17:30:25,944 - INFO - [SYSTEM] - [MODE:MATERIAL] - [STRATEGY:NONE] - [COOKIE:NO] - [17:30:25][策略1][YouTube] 下载进度：36.2% | 3.9MiB/10.69MiB | 速度 756.37KiB/s | 剩余 00:09
2026-07-30 17:30:26,918 - INFO - [SYSTEM] - [MODE:MATERIAL] - [STRATEGY:NONE] - [COOKIE:NO] - [17:30:26][策略1][YouTube] 下载进度：41.9% | 4.5MiB/10.69MiB | 速度 739.44KiB/s | 剩余 00:08
2026-07-30 17:30:27,950 - INFO - [SYSTEM] - [MODE:MATERIAL] - [STRATEGY:NONE] - [COOKIE:NO] - [17:30:27][策略1][YouTube] 下载进度：47.9% | 5.1MiB/10.69MiB | 速度 723.68KiB/s | 剩余 00:07
2026-07-30 17:30:28,927 - INFO - [SYSTEM] - [MODE:MATERIAL] - [STRATEGY:NONE] - [COOKIE:NO] - [17:30:28][策略1][YouTube] 下载进度：53.6% | 5.7MiB/10.69MiB | 速度 714.20KiB/s | 剩余 00:07
2026-07-30 17:30:29,990 - INFO - [SYSTEM] - [MODE:MATERIAL] - [STRATEGY:NONE] - [COOKIE:NO] - [17:30:29][策略1][YouTube] 下载进度：59.5% | 6.4MiB/10.69MiB | 速度 701.70KiB/s | 剩余 00:06
2026-07-30 17:30:30,876 - INFO - [SYSTEM] - [MODE:MATERIAL] - [STRATEGY:NONE] - [COOKIE:NO] - [17:30:30][策略1][YouTube] 下载进度：65.0% | 6.9MiB/10.69MiB | 速度 700.11KiB/s | 剩余 00:05
2026-07-30 17:30:31,951 - INFO - [SYSTEM] - [MODE:MATERIAL] - [STRATEGY:NONE] - [COOKIE:NO] - [17:30:31][策略1][YouTube] 下载进度：71.3% | 7.6MiB/10.69MiB | 速度 693.92KiB/s | 剩余 00:04
2026-07-30 17:30:32,951 - INFO - [SYSTEM] - [MODE:MATERIAL] - [STRATEGY:NONE] - [COOKIE:NO] - [17:30:32][策略1][YouTube] 下载进度：77.1% | 8.2MiB/10.69MiB | 速度 689.15KiB/s | 剩余 00:03
2026-07-30 17:30:33,928 - INFO - [SYSTEM] - [MODE:MATERIAL] - [STRATEGY:NONE] - [COOKIE:NO] - [17:30:33][策略1][YouTube] 下载进度：82.9% | 8.9MiB/10.69MiB | 速度 686.32KiB/s | 剩余 00:02
2026-07-30 17:30:34,954 - INFO - [SYSTEM] - [MODE:MATERIAL] - [STRATEGY:NONE] - [COOKIE:NO] - [17:30:34][策略1][YouTube] 下载进度：88.8% | 9.5MiB/10.69MiB | 速度 682.62KiB/s | 剩余 00:01
2026-07-30 17:30:35,725 - INFO - [SYSTEM] - [MODE:MATERIAL] - [STRATEGY:NONE] - [COOKIE:NO] - [17:30:35][策略1][YouTube] 下载进度：93.4% | 10.0MiB/10.69MiB | 速度 681.22KiB/s | 剩余 00:01
2026-07-30 17:30:36,174 - INFO - [SYSTEM] - [MODE:MATERIAL] - [STRATEGY:NONE] - [COOKIE:NO] - [17:30:36][策略1][YouTube] 下载进度：95.8% | 10.2MiB/10.69MiB | 速度 2.32MiB/s | 剩余 00:00
2026-07-30 17:30:36,573 - INFO - [SYSTEM] - [MODE:MATERIAL] - [STRATEGY:NONE] - [COOKIE:NO] - [17:30:36][策略1][YouTube] 下载进度：98.1% | 10.5MiB/10.69MiB | 速度 1007.45KiB/s | 剩余 00:00
2026-07-30 17:30:36,868 - INFO - [SYSTEM] - [MODE:MATERIAL] - [STRATEGY:NONE] - [COOKIE:NO] - [17:30:36][策略1][YouTube] 下载进度：100.0% | 10.7MiB/10.69MiB | 速度 895.85KiB/s | 剩余 00:00
2026-07-30 17:30:38,562 - INFO - [SYSTEM] - [MODE:MATERIAL] - [STRATEGY:NONE] - [COOKIE:NO] - [17:30:38][策略1][YouTube] 下载进度：0.4% | 0.9KiB/230.12KiB | 速度 796.19KiB/s | 剩余 00:00
2026-07-30 17:30:38,562 - INFO - [SYSTEM] - [MODE:MATERIAL] - [STRATEGY:NONE] - [COOKIE:NO] - [17:30:38][策略1][YouTube] 下载进度：3.0% | 6.9KiB/230.12KiB | 速度 3.03MiB/s | 剩余 00:00
2026-07-30 17:30:38,563 - INFO - [SYSTEM] - [MODE:MATERIAL] - [STRATEGY:NONE] - [COOKIE:NO] - [17:30:38][策略1][YouTube] 下载进度：6.5% | 15.0KiB/230.12KiB | 速度 6.50MiB/s | 剩余 00:00
2026-07-30 17:30:38,563 - INFO - [SYSTEM] - [MODE:MATERIAL] - [STRATEGY:NONE] - [COOKIE:NO] - [17:30:38][策略1][YouTube] 下载进度：13.5% | 31.1KiB/230.12KiB | 速度 9.31MiB/s | 剩余 00:00
2026-07-30 17:30:38,563 - INFO - [SYSTEM] - [MODE:MATERIAL] - [STRATEGY:NONE] - [COOKIE:NO] - [17:30:38][策略1][YouTube] 下载进度：27.4% | 63.1KiB/230.12KiB | 速度 16.64MiB/s | 剩余 00:00
2026-07-30 17:30:38,565 - INFO - [SYSTEM] - [MODE:MATERIAL] - [STRATEGY:NONE] - [COOKIE:NO] - [17:30:38][策略1][YouTube] 下载进度：55.2% | 127.0KiB/230.12KiB | 速度 26.21MiB/s | 剩余 00:00
2026-07-30 17:30:38,573 - INFO - [SYSTEM] - [MODE:MATERIAL] - [STRATEGY:NONE] - [COOKIE:NO] - [17:30:38][策略1][YouTube] 下载进度：100.0% | 230.1KiB/230.12KiB | 速度 18.42MiB/s | 剩余 00:00
2026-07-30 17:30:39,534 - INFO - [SYSTEM] - [MODE:MATERIAL] - [STRATEGY:NONE] - [COOKIE:NO] - [17:30:39][策略1][YouTube] Selected format: format_id=299+140, res=1080x1920, fps=60, tbr=6350.316, ext=mp4
2026-07-30 17:30:39,534 - INFO - [SYSTEM] - [MODE:MATERIAL] - [STRATEGY:NONE] - [COOKIE:NO] - [17:30:39][策略1][YouTube] 下载成功，耗时 26.5s
2026-07-30 17:30:39,535 - INFO - [SYSTEM] - [MODE:MATERIAL] - [STRATEGY:NONE] - [COOKIE:NO] - [17:30:13] 下载成功 | YouTube | 画质：1080P | 未走 Cookie
2026-07-30 17:30:41,446 - INFO - [SYSTEM] - [MODE:MATERIAL] - [STRATEGY:NONE] - [COOKIE:NO] - 下载额度结算：成功并扣除次数
2026-07-30 17:30:41,447 - INFO - [SYSTEM] - [MODE:MATERIAL] - [STRATEGY:NONE] - [COOKIE:NO] - [17:30:39] 下载完成: https://www.youtube.com/shorts/lDHsJM7eOHw
2026-07-30 17:30:41,674 - INFO - [SYSTEM] - [MODE:MATERIAL] - [STRATEGY:NONE] - [COOKIE:NO] - 顺序批量下载结束，共处理 10 个任务
2026-07-30 17:30:58,356 - INFO - [SYSTEM] - [MODE:MATERIAL] - [STRATEGY:NONE] - [COOKIE:NO] - 使用本地播放器打开预览: C:/Users/Administrator/Desktop/VideoDown\Cozy Rainy Evening in the Bronx New York 4K 🇺🇲 #newyork #usa #bronx-azRltuPROwM.mp4
2026-07-30 17:31:08,041 - INFO - [SYSTEM] - [MODE:MATERIAL] - [STRATEGY:NONE] - [COOKIE:NO] - 使用本地播放器打开预览: C:/Users/Administrator/Desktop/VideoDown\Walking Through New York City Like a Local 🇺🇸 ｜ NYC Street Vibes 2026🇺🇲 #travel #usa #nyc-cNYvNTHMpl0.mp4
2026-07-30 17:31:11,999 - INFO - [SYSTEM] - [MODE:MATERIAL] - [STRATEGY:NONE] - [COOKIE:NO] - 使用本地播放器打开预览: C:/Users/Administrator/Desktop/VideoDown\New York City Walking tour 4k, Manhattan 🇺🇸-nKkqfKrg_5k.mp4
2026-07-30 17:31:16,220 - INFO - [SYSTEM] - [MODE:MATERIAL] - [STRATEGY:NONE] - [COOKIE:NO] - 使用本地播放器打开预览: C:/Users/Administrator/Desktop/VideoDown\Central Park — The Green Heart of New York 🌿 #newyorkcity #travel #usa-6WbVHodlXVM.mp4
2026-07-30 17:31:20,021 - INFO - [SYSTEM] - [MODE:MATERIAL] - [STRATEGY:NONE] - [COOKIE:NO] - 使用本地播放器打开预览: C:/Users/Administrator/Desktop/VideoDown\The Best of New York City 🌆 ｜ Stunning Tour Through Manhattan 4K #newyorkcity #visitnyc #usa-GW2IauWuDOM.mp4
2026-07-30 17:31:23,081 - INFO - [SYSTEM] - [MODE:MATERIAL] - [STRATEGY:NONE] - [COOKIE:NO] - 使用本地播放器打开预览: C:/Users/Administrator/Desktop/VideoDown\Walking in New York City, Manhattan ｜ USA 4k-w6oSq5GfBu0.mp4
2026-07-30 17:31:26,249 - INFO - [SYSTEM] - [MODE:MATERIAL] - [STRATEGY:NONE] - [COOKIE:NO] - 使用本地播放器打开预览: C:/Users/Administrator/Desktop/VideoDown\The Energy of New York City Is UNREAL 🏙️ 🇺🇲 #newyorkcity #travel #usa-lDHsJM7eOHw.mp4
2026-07-30 18:14:33,665 - INFO - [SYSTEM] - [MODE:MATERIAL] - [STRATEGY:NONE] - [COOKIE:NO] - 已恢复上次预览文件: C:/Users/Administrator/Desktop/VideoDown\The Energy of New York City Is UNREAL 🏙️ 🇺🇲 #newyorkcity #travel #usa-lDHsJM7eOHw.mp4
2026-07-30 18:14:33,763 - INFO - [SYSTEM] - [MODE:MATERIAL] - [STRATEGY:NONE] - [COOKIE:NO] - 启动时检查工具和 Cookie 状态...
2026-07-30 18:14:33,764 - INFO - [SYSTEM] - [MODE:MATERIAL] - [STRATEGY:NONE] - [COOKIE:NO] - Deno.js解析引擎已启动就绪
2026-07-30 18:14:33,765 - INFO - [SYSTEM] - [MODE:MATERIAL] - [STRATEGY:NONE] - [COOKIE:NO] - 所有必要工具已就绪
2026-07-30 18:14:33,766 - INFO - [SYSTEM] - [MODE:MATERIAL] - [STRATEGY:NONE] - [COOKIE:NO] - [18:14:33] Cookie health check:
2026-07-30 18:14:33,766 - INFO - [SYSTEM] - [MODE:MATERIAL] - [STRATEGY:NONE] - [COOKIE:NO] -   YouTube: healthy | score=95 | size=1.63 KB | Cookie valid until 2027-05-25 10:59
2026-07-30 18:14:33,766 - INFO - [SYSTEM] - [MODE:MATERIAL] - [STRATEGY:NONE] - [COOKIE:NO] -   Instagram: healthy | score=95 | size=854.00 B | Cookie valid until 2027-06-04 13:58
2026-07-30 18:14:33,766 - INFO - [SYSTEM] - [MODE:MATERIAL] - [STRATEGY:NONE] - [COOKIE:NO] -   TikTok: healthy | score=95 | size=4.51 KB | Cookie valid until 2027-07-10 14:33
2026-07-30 18:14:33,767 - INFO - [SYSTEM] - [MODE:MATERIAL] - [STRATEGY:NONE] - [COOKIE:NO] -   Twitter: healthy | score=95 | size=1.26 KB | Cookie valid until 2027-07-10 11:13
2026-07-30 18:14:35,955 - INFO - [SYSTEM] - [MODE:MATERIAL] - [STRATEGY:NONE] - [COOKIE:NO] - 账号验证成功（月订阅，今日剩余 97 次）
